PURCHASE_ORDER,PO_ITEM,PO_DATE,COMPANY_CODE,PLANT,PURCHASING_ORG,SUPPLIER,MATERIAL,ORDER_QTY,ORDER_UOM,LOCAL_CURRENCY,UNIT_PRICE_LOCAL,INFO_UNIT_PRICE,INFO_RECORD_VALID_FLAG,PRICE_COMPLIANCE_FLAG,PRICE_LEAKAGE_VALUE,REFERENCE_ITEM_VALUE,PREVIOUS_UNIT_PRICE,HIST_AVG_UNIT_PRICE,HIST_PRICE_DEVIATION_PCT,CROSS_SUPPLIER_6M_AVG_PRICE,CROSS_SUPPLIER_6M_MIN_PRICE,CROSS_SUPPLIER_6M_MAX_PRICE,CROSS_SUPPLIER_6M_SUPPLIER_COUNT,CROSS_SUPPLIER_6M_DEVIATION_PCT,ML_ANOMALY_SCORE,ML_ANOMALY_FLAG,ML_RISK_LEVEL,ML_ANOMALY_REASON,MODEL_NAME,MODEL_VERSION,ANOMALY_THRESHOLD,SCORING_TIMESTAMP
4502002395,00010,2026-12-08,3000,US01,P300,V00031,MAT00025,50,EA,USD,873.95,332.6800000000000,1,0,27063.50,16634.00,326.82,304.40,187.11,332.25,230.37,451.53,3,163.04,14.163332262504895,1,HIGH,Large deviation from alternative suppliers,PO_PRICE_KMEANS,V1,1.7329910716518928,2026-09-10 12:33:29
4502002334,00030,2026-11-09,1000,DE02,P100,V00038,MAT00021,10,EA,EUR,1107.67,467.2000000000000,1,0,6404.70,4672.00,468.83,438.38,152.67,476.12,407.93,709.68,3,132.65,11.733886040273918,1,HIGH,Large deviation from alternative suppliers,PO_PRICE_KMEANS,V1,1.7329910716518928,2026-09-10 12:33:29
4502002229,00020,2026-08-04,2000,IN01,P200,V00026,MAT00050,25,EA,INR,116035.82,38150.9500000000000,1,0,1947121.75,953773.75,39010.33,36292.61,219.72,38530.68,37117.66,40264.95,3,201.15,11.322901148612411,1,HIGH,Large deviation from alternative suppliers,PO_PRICE_KMEANS,V1,1.7329910716518928,2026-09-10 12:33:29
4502002264,00050,2026-09-07,2000,IN01,P200,V00007,MAT00023,40,EA,INR,106429.17,42471.5600000000000,1,0,2558304.40,1698862.40,42663.09,41476.12,156.6,48274.75,45023.78,50343.97,3,120.47,10.591547073681337,1,HIGH,Large deviation from alternative suppliers,PO_PRICE_KMEANS,V1,1.7329910716518928,2026-09-10 12:33:29
4502002214,00060,2026-08-04,1000,DE02,P100,V00047,MAT00024,40,EA,EUR,197.51,332.3600000000000,1,0,0.00,13294.40,804.80,347.14,-43.1,345.49,332.10,363.04,3,-42.83,7.286296798384318,1,HIGH,Large deviation from alternative suppliers,PO_PRICE_KMEANS,V1,1.7329910716518928,2026-09-10 12:33:29
4502002355,00040,2026-11-09,3000,US01,P300,V00026,MAT00028,25,EA,USD,221.10,357.0100000000000,1,0,0.00,8925.25,362.81,360.45,-38.66,375.61,358.68,389.22,3,-41.14,6.331182838244565,1,HIGH,Large deviation from alternative suppliers,PO_PRICE_KMEANS,V1,1.7329910716518928,2026-09-10 12:33:29
4502002294,00010,2026-10-06,1000,DE02,P100,V00039,MAT00019,25,EA,EUR,282.93,141.0600000000000,1,0,3546.75,3526.50,142.74,131.35,115.4,147.60,140.97,152.91,3,91.69,6.000523654679351,1,HIGH,Large deviation from alternative suppliers,PO_PRICE_KMEANS,V1,1.7329910716518928,2026-09-10 12:33:29
4502002298,00010,2026-10-06,1000,DE02,P100,V00015,MAT00043,50,EA,EUR,530.41,529.7800000000000,1,1,0.00,26489.00,534.93,498.00,6.51,462.80,459.71,465.76,3,14.61,5.823419113596474,1,HIGH,Unusual combination of price indicators,PO_PRICE_KMEANS,V1,1.7329910716518928,2026-09-10 12:33:29
4502002188,00010,2026-07-03,2000,IN01,P200,V00005,MAT00043,25,EA,INR,28127.91,46839.0700000000000,1,0,0.00,1170976.75,60081.67,45531.03,-38.22,50299.71,43846.38,69463.98,3,-44.08,5.803386284712392,1,HIGH,Large deviation from alternative suppliers,PO_PRICE_KMEANS,V1,1.7329910716518928,2026-09-10 12:33:29
4502002183,00030,2026-07-03,2000,IN01,P200,V00017,MAT00015,50,EA,INR,22979.60,34919.5200000000000,1,0,0.00,1745976.00,52362.98,34218.28,-32.84,48684.81,35639.16,94462.34,3,-52.8,5.795082054994921,1,HIGH,Large deviation from alternative suppliers,PO_PRICE_KMEANS,V1,1.7329910716518928,2026-09-10 12:33:29
4502002346,00040,2026-11-09,2000,IN01,P200,V00047,MAT00034,10,EA,INR,29974.43,48109.1400000000000,1,0,0.00,481091.40,47374.41,45696.71,-34.41,50764.34,48729.36,53511.62,3,-40.95,5.779527002969924,1,HIGH,Large deviation from alternative suppliers,PO_PRICE_KMEANS,V1,1.7329910716518928,2026-09-10 12:33:29
4502002232,00040,2026-08-04,3000,US01,P300,V00013,MAT00010,10,EA,USD,60.71,103.0700000000000,1,0,0.00,1030.70,103.34,98.85,-38.58,105.99,98.09,113.15,3,-42.72,5.770441260118945,1,HIGH,Large deviation from alternative suppliers,PO_PRICE_KMEANS,V1,1.7329910716518928,2026-09-10 12:33:29
4502002172,00020,2026-07-03,1000,DE02,P100,V00040,MAT00008,15,EA,EUR,124.52,79.7100000000000,1,0,672.15,1195.65,77.78,82.29,51.32,73.79,72.43,74.93,3,68.75,5.755549783550607,1,HIGH,Large deviation from alternative suppliers,PO_PRICE_KMEANS,V1,1.7329910716518928,2026-09-10 12:33:29
4502002379,00040,2026-12-08,1000,DE02,P100,V00035,MAT00052,75,EA,EUR,180.67,302.7000000000000,1,0,0.00,22702.50,303.00,279.53,-35.37,331.79,300.67,352.51,3,-45.55,5.700355546508816,1,HIGH,Large deviation from alternative suppliers,PO_PRICE_KMEANS,V1,1.7329910716518928,2026-09-10 12:33:29
4502002301,00060,2026-10-06,2000,IN01,P200,V00004,MAT00006,15,EA,INR,18697.44,31296.8500000000000,1,0,0.00,469452.75,31356.97,29535.03,-36.69,33263.25,28820.80,42851.38,3,-43.79,5.613842198543896,1,HIGH,Large deviation from alternative suppliers,PO_PRICE_KMEANS,V1,1.7329910716518928,2026-09-10 12:33:29
4502002253,00010,2026-09-07,1000,DE02,P100,V00048,MAT00013,25,EA,EUR,136.13,230.8900000000000,1,0,0.00,5772.25,233.91,226.73,-39.96,232.56,193.96,294.38,3,-41.46,5.547098214574541,1,HIGH,Large deviation from alternative suppliers,PO_PRICE_KMEANS,V1,1.7329910716518928,2026-09-10 12:33:29
4502002261,00010,2026-09-07,2000,IN01,P200,V00023,MAT00001,50,EA,INR,25370.66,40766.7600000000000,1,0,0.00,2038338.00,41317.99,40052.47,-36.66,43090.33,39600.65,46938.81,3,-41.12,5.335503275324208,1,HIGH,Large deviation from alternative suppliers,PO_PRICE_KMEANS,V1,1.7329910716518928,2026-09-10 12:33:29
4502002275,00010,2026-09-07,3000,US01,P300,V00010,MAT00025,75,EA,USD,230.37,359.8500000000000,1,0,0.00,26988.75,364.54,342.57,-32.75,332.33,317.59,346.57,3,-30.68,5.180909266447124,1,HIGH,Large deviation from alternative suppliers,PO_PRICE_KMEANS,V1,1.7329910716518928,2026-09-10 12:33:29
4502002255,00040,2026-09-07,1000,DE02,P100,V00018,MAT00028,75,EA,EUR,230.14,338.1400000000000,1,0,0.00,25360.50,345.14,328.61,-29.97,342.99,332.81,360.96,3,-32.9,4.942217014305315,1,HIGH,Large deviation from alternative suppliers,PO_PRICE_KMEANS,V1,1.7329910716518928,2026-09-10 12:33:29
4502002322,00010,2026-11-09,1000,DE01,P100,V00019,MAT00007,40,EA,EUR,1247.86,458.8300000000000,1,0,31561.20,18353.20,448.37,427.89,191.63,458.24,433.15,484.47,3,172.32,4.808005230016467,1,HIGH,Large deviation from alternative suppliers,PO_PRICE_KMEANS,V1,1.7329910716518928,2026-09-10 12:33:29
4502002349,00040,2026-11-09,2000,IN01,P200,V00039,MAT00052,25,EA,INR,19946.67,29732.9800000000000,1,0,0.00,743324.50,29875.39,27977.11,-28.7,30577.75,27604.16,31526.42,3,-34.77,4.801805365983796,1,HIGH,Large deviation from alternative suppliers,PO_PRICE_KMEANS,V1,1.7329910716518928,2026-09-10 12:33:29
4502002260,00010,2026-09-07,1000,DE02,P100,V00044,MAT00055,40,EA,EUR,92.36,137.3200000000000,1,0,0.00,5492.80,134.63,128.29,-28.01,164.56,138.36,232.85,3,-43.87,4.798504425060302,1,HIGH,Large deviation from alternative suppliers,PO_PRICE_KMEANS,V1,1.7329910716518928,2026-09-10 12:33:29
4502002340,00020,2026-11-09,1000,DE02,P100,V00040,MAT00056,15,EA,EUR,519.84,514.9600000000000,1,1,0.00,7724.40,523.87,499.78,4.01,467.75,463.40,470.47,3,11.14,4.568592731297499,1,HIGH,Unusual combination of price indicators,PO_PRICE_KMEANS,V1,1.7329910716518928,2026-09-10 12:33:29
4502002327,00020,2026-11-09,1000,DE01,P100,V00037,MAT00038,50,EA,EUR,153.01,208.6500000000000,1,0,0.00,10432.50,333.86,219.03,-30.14,202.77,179.54,270.42,3,-24.54,4.556368150357157,1,HIGH,Large deviation from supplier historical price,PO_PRICE_KMEANS,V1,1.7329910716518928,2026-09-10 12:33:29
4502002311,00040,2026-10-06,3000,US01,P300,V00043,MAT00004,8,EA,USD,594.91,375.6800000000000,1,0,1753.84,3005.44,366.78,352.61,68.72,390.37,383.98,395.00,3,52.4,4.460351985332217,1,HIGH,Large deviation from alternative suppliers,PO_PRICE_KMEANS,V1,1.7329910716518928,2026-09-10 12:33:29
4502002397,00010,2026-12-08,3000,US01,P300,V00019,MAT00037,75,EA,USD,220.25,315.6000000000000,1,0,0.00,23670.00,311.91,304.91,-27.77,339.32,324.02,370.36,3,-35.09,4.442427218159966,1,HIGH,Large deviation from alternative suppliers,PO_PRICE_KMEANS,V1,1.7329910716518928,2026-09-10 12:33:29
4502002313,00020,2026-10-06,3000,US01,P300,V00039,MAT00014,15,EA,USD,56.80,81.5300000000000,1,0,0.00,1222.95,81.62,78.62,-27.75,95.72,77.29,140.38,3,-40.66,4.369809435633346,1,HIGH,Large deviation from alternative suppliers,PO_PRICE_KMEANS,V1,1.7329910716518928,2026-09-10 12:33:29
4502002305,00040,2026-10-06,2000,IN01,P200,V00008,MAT00028,8,EA,INR,29206.29,29651.7200000000000,1,1,0.00,237213.76,17039.47,26873.66,8.68,35533.59,30534.01,46281.67,3,-17.81,4.3168726164721,1,HIGH,Large change from previous purchase price,PO_PRICE_KMEANS,V1,1.7329910716518928,2026-09-10 12:33:29
4502002173,00060,2026-07-03,1000,DE02,P100,V00036,MAT00018,25,EA,EUR,118.15,175.2100000000000,1,0,0.00,4380.25,128.56,170.40,-30.66,178.32,167.37,187.11,3,-33.74,4.301731088851107,1,HIGH,Large deviation from alternative suppliers,PO_PRICE_KMEANS,V1,1.7329910716518928,2026-09-10 12:33:29
4502002392,00040,2026-12-08,3000,US01,P300,V00013,MAT00010,100,EA,USD,105.16,103.0700000000000,1,1,0.00,10307.00,60.71,96.13,9.39,105.39,96.77,112.86,3,-0.22,4.291764236703449,1,HIGH,Large change from previous purchase price,PO_PRICE_KMEANS,V1,1.7329910716518928,2026-09-10 12:33:29
4502002223,00050,2026-08-04,2000,IN01,P200,V00044,MAT00017,100,EA,INR,8543.31,8504.0500000000000,1,1,0.00,850405.00,5018.03,7639.17,11.84,9909.10,8634.08,13137.40,3,-13.78,4.223121206789412,1,HIGH,Large change from previous purchase price,PO_PRICE_KMEANS,V1,1.7329910716518928,2026-09-10 12:33:29
4502002378,00050,2026-12-08,1000,DE02,P100,V00013,MAT00047,10,EA,EUR,30.73,43.9600000000000,1,0,0.00,439.60,44.21,41.28,-25.56,43.73,41.97,49.11,3,-29.73,4.218364998430217,1,HIGH,Large deviation from alternative suppliers,PO_PRICE_KMEANS,V1,1.7329910716518928,2026-09-10 12:33:29
4502002248,00040,2026-09-07,1000,DE01,P100,V00047,MAT00046,15,EA,EUR,261.61,360.4200000000000,1,0,0.00,5406.30,364.68,338.96,-22.82,375.23,352.90,395.06,3,-30.28,4.172341501722704,1,HIGH,Large deviation from alternative suppliers,PO_PRICE_KMEANS,V1,1.7329910716518928,2026-09-10 12:33:29
4502002184,00060,2026-07-03,2000,IN01,P200,V00003,MAT00024,5,EA,INR,20988.49,29729.8900000000000,1,0,0.00,148649.45,29788.28,27590.48,-23.93,29447.71,28338.06,33074.43,3,-28.73,4.120458915269704,1,HIGH,Large deviation from alternative suppliers,PO_PRICE_KMEANS,V1,1.7329910716518928,2026-09-10 12:33:29
4502002322,00030,2026-11-09,1000,DE01,P100,V00039,MAT00009,8,EA,EUR,88.40,123.5400000000000,1,0,0.00,988.32,121.22,122.92,-28.08,125.65,114.95,130.23,3,-29.65,4.114622884258363,1,HIGH,Large deviation from alternative suppliers,PO_PRICE_KMEANS,V1,1.7329910716518928,2026-09-10 12:33:29
4502002207,00060,2026-08-04,1000,DE01,P100,V00028,MAT00042,40,EA,EUR,380.36,371.1000000000000,1,1,0.00,14844.00,233.16,352.22,7.99,302.97,210.16,336.27,3,25.54,4.099950084156963,1,HIGH,Large deviation from alternative suppliers,PO_PRICE_KMEANS,V1,1.7329910716518928,2026-09-10 12:33:29
4502002183,00060,2026-07-03,2000,IN01,P200,V00047,MAT00018,50,EA,INR,14930.78,15216.4900000000000,1,1,0.00,760824.50,8822.61,14109.59,5.82,15820.76,15092.06,16621.31,3,-5.63,4.061698829142691,1,HIGH,Large change from previous purchase price,PO_PRICE_KMEANS,V1,1.7329910716518928,2026-09-10 12:33:29
4502002374,00060,2026-12-08,1000,DE02,P100,V00047,MAT00024,20,EA,EUR,329.86,332.3600000000000,1,1,0.00,6647.20,197.51,336.45,-1.96,388.38,339.91,530.06,3,-15.07,4.010169653658813,1,HIGH,Large change from previous purchase price,PO_PRICE_KMEANS,V1,1.7329910716518928,2026-09-10 12:33:29
4502002359,00020,2026-11-09,3000,US01,P300,V00010,MAT00050,15,EA,USD,719.85,472.0300000000000,1,0,3717.30,7080.45,739.52,469.79,53.23,427.91,404.55,465.16,3,68.22,3.932773159734387,1,HIGH,Large deviation from alternative suppliers,PO_PRICE_KMEANS,V1,1.7329910716518928,2026-09-10 12:33:29
4502002327,00040,2026-11-09,1000,DE01,P100,V00029,MAT00040,25,EA,EUR,193.16,274.4300000000000,1,0,0.00,6860.75,270.04,260.32,-25.8,274.28,248.84,296.51,3,-29.58,3.9129962342995754,1,HIGH,Large deviation from alternative suppliers,PO_PRICE_KMEANS,V1,1.7329910716518928,2026-09-10 12:33:29
4502002389,00020,2026-12-08,2000,IN01,P200,V00026,MAT00050,40,EA,INR,38503.65,38150.9500000000000,1,1,0.00,1526038.00,116035.82,41988.55,-8.3,38802.79,37051.26,41474.85,3,-0.77,3.899390349134227,1,HIGH,Large change from previous purchase price,PO_PRICE_KMEANS,V1,1.7329910716518928,2026-09-10 12:33:29
4502002300,00050,2026-10-06,1000,DE02,P100,V00015,MAT00059,10,EA,EUR,774.90,514.7300000000000,1,0,2601.70,5147.30,701.61,480.96,61.12,424.96,335.22,459.37,3,82.35,3.8909564721982255,1,HIGH,Large deviation from alternative suppliers,PO_PRICE_KMEANS,V1,1.7329910716518928,2026-09-10 12:33:29
4502002348,00010,2026-11-09,2000,IN01,P200,V00005,MAT00043,75,EA,INR,46832.57,46839.0700000000000,1,1,0.00,3512930.25,28127.91,44287.95,5.75,49773.96,43237.75,69463.98,3,-5.91,3.889463707309129,1,HIGH,Large change from previous purchase price,PO_PRICE_KMEANS,V1,1.7329910716518928,2026-09-10 12:33:29
4502002321,00040,2026-11-09,1000,DE01,P100,V00017,MAT00004,100,EA,EUR,570.07,346.6000000000000,1,0,22347.00,34660.00,342.72,335.57,69.88,372.45,360.49,390.13,3,53.06,3.811005057135309,1,HIGH,Large deviation from alternative suppliers,PO_PRICE_KMEANS,V1,1.7329910716518928,2026-09-10 12:33:29
4502002370,00020,2026-12-08,1000,DE01,P100,V00036,MAT00056,10,EA,EUR,822.67,503.2000000000000,1,0,3194.70,5032.00,510.06,457.85,79.68,565.07,452.85,852.44,3,45.59,3.735888284841908,1,HIGH,Large deviation from alternative suppliers,PO_PRICE_KMEANS,V1,1.7329910716518928,2026-09-10 12:33:29
4502002299,00020,2026-10-06,1000,DE02,P100,V00029,MAT00050,40,EA,EUR,418.37,421.6800000000000,1,1,0.00,16867.20,257.93,418.38,0.0,476.31,427.11,582.08,3,-12.16,3.697913419805221,1,HIGH,Large change from previous purchase price,PO_PRICE_KMEANS,V1,1.7329910716518928,2026-09-10 12:33:29
4502002229,00060,2026-08-04,2000,IN01,P200,V00038,MAT00054,100,EA,INR,44941.35,45035.7200000000000,1,1,0.00,4503572.00,120951.93,47515.85,-5.42,45588.82,41782.45,55022.34,3,-1.42,3.639841063750109,1,HIGH,Large change from previous purchase price,PO_PRICE_KMEANS,V1,1.7329910716518928,2026-09-10 12:33:29
4502002199,00020,2026-07-03,3000,US01,P300,V00010,MAT00050,8,EA,USD,739.52,472.0300000000000,1,0,2139.92,3776.24,472.30,449.04,64.69,429.24,404.55,480.64,3,72.29,3.634502897726796,1,HIGH,Large deviation from alternative suppliers,PO_PRICE_KMEANS,V1,1.7329910716518928,2026-09-10 12:33:29
4502002398,00040,2026-12-08,3000,US01,P300,V00025,MAT00046,8,EA,USD,312.85,426.4300000000000,1,0,0.00,3411.44,434.10,400.41,-21.87,421.80,378.30,529.52,3,-25.83,3.6338327594885325,1,HIGH,Large deviation from alternative suppliers,PO_PRICE_KMEANS,V1,1.7329910716518928,2026-09-10 12:33:29
4502002272,00060,2026-09-07,3000,US01,P300,V00040,MAT00012,50,EA,USD,489.80,500.1200000000000,1,1,0.00,25006.00,304.86,456.76,7.23,467.24,451.89,485.10,3,4.83,3.5951597179718555,1,HIGH,Large change from previous purchase price,PO_PRICE_KMEANS,V1,1.7329910716518928,2026-09-10 12:33:29
4502002343,00030,2026-11-09,2000,IN01,P200,V00017,MAT00015,20,EA,INR,35351.73,34919.5200000000000,1,1,0.00,698390.40,22979.60,33415.52,5.79,49219.35,36067.20,94462.34,3,-28.18,3.5911361945377003,1,HIGH,Large deviation from alternative suppliers,PO_PRICE_KMEANS,V1,1.7329910716518928,2026-09-10 12:33:29
4502002303,00030,2026-10-06,2000,IN01,P200,V00038,MAT00015,40,EA,INR,40427.18,40851.9100000000000,1,1,0.00,1634076.40,94462.34,41917.44,-3.56,34289.87,22979.60,38166.90,3,17.9,3.530617007219334,1,HIGH,Large change from previous purchase price,PO_PRICE_KMEANS,V1,1.7329910716518928,2026-09-10 12:33:29
4502002216,00060,2026-08-04,1000,DE02,P100,V00035,MAT00036,20,EA,EUR,248.95,247.8800000000000,1,1,0.00,4957.60,618.56,259.48,-4.06,274.19,255.53,289.04,3,-9.21,3.5173368914817047,1,HIGH,Large change from previous purchase price,PO_PRICE_KMEANS,V1,1.7329910716518928,2026-09-10 12:33:29
4502002291,00040,2026-10-06,1000,DE02,P100,V00021,MAT00004,75,EA,EUR,618.31,382.3400000000000,1,0,17697.75,28675.50,373.49,368.74,67.68,380.07,349.79,443.04,3,62.68,3.4807404128352086,1,HIGH,Large deviation from alternative suppliers,PO_PRICE_KMEANS,V1,1.7329910716518928,2026-09-10 12:33:29
4502002307,00060,2026-10-06,2000,IN01,P200,V00016,MAT00042,10,EA,INR,29741.49,29634.4200000000000,1,1,0.00,296344.20,18762.95,26911.43,10.52,30074.90,29047.66,31141.35,3,-1.11,3.4616725319708666,1,MEDIUM,Large change from previous purchase price,PO_PRICE_KMEANS,V1,1.7329910716518928,2026-09-10 12:33:29
4502002218,00040,2026-08-04,1000,DE02,P100,V00003,MAT00046,20,EA,EUR,476.42,348.1900000000000,1,0,2564.60,6963.80,544.80,365.99,30.17,376.63,341.51,437.15,3,26.5,3.4400043715389828,1,MEDIUM,Large deviation from alternative suppliers,PO_PRICE_KMEANS,V1,1.7329910716518928,2026-09-10 12:33:29
4502002197,00030,2026-07-03,3000,US01,P300,V00004,MAT00039,15,EA,USD,600.82,589.2500000000000,1,1,0.00,8838.75,1456.39,619.94,-3.08,581.62,557.36,601.48,3,3.3,3.41308571613863,1,MEDIUM,Large change from previous purchase price,PO_PRICE_KMEANS,V1,1.7329910716518928,2026-09-10 12:33:29
4502002290,00060,2026-10-06,1000,DE01,P100,V00034,MAT00060,8,EA,EUR,416.83,572.3500000000000,1,0,0.00,4578.80,581.84,531.27,-21.54,528.85,487.77,570.74,3,-21.18,3.4020172099886454,1,MEDIUM,Large change from previous purchase price,PO_PRICE_KMEANS,V1,1.7329910716518928,2026-09-10 12:33:29
4502002311,00020,2026-10-06,3000,US01,P300,V00003,MAT00002,10,EA,USD,262.65,161.2600000000000,1,0,1013.90,1612.60,158.34,157.26,67.02,170.91,155.35,183.32,3,53.68,3.3599205619834285,1,MEDIUM,Large deviation from alternative suppliers,PO_PRICE_KMEANS,V1,1.7329910716518928,2026-09-10 12:33:29
4502002288,00020,2026-10-06,1000,DE01,P100,V00034,MAT00044,100,EA,EUR,841.23,518.8700000000000,1,0,32236.00,51887.00,528.73,494.63,70.07,536.40,448.48,729.63,3,56.83,3.350483492722623,1,MEDIUM,Large deviation from alternative suppliers,PO_PRICE_KMEANS,V1,1.7329910716518928,2026-09-10 12:33:29
4502002254,00060,2026-09-07,1000,DE02,P100,V00006,MAT00024,20,EA,EUR,530.06,331.2000000000000,1,0,3977.20,6624.00,332.10,308.75,71.68,411.95,197.51,804.80,3,28.67,3.340637740872223,1,MEDIUM,Large deviation from alternative suppliers,PO_PRICE_KMEANS,V1,1.7329910716518928,2026-09-10 12:33:29
4502002167,00020,2026-07-03,1000,DE01,P100,V00037,MAT00038,50,EA,EUR,333.86,208.6500000000000,1,0,6260.50,10432.50,203.44,210.20,58.83,203.81,184.02,270.42,3,63.81,3.305477443744347,1,MEDIUM,Large deviation from alternative suppliers,PO_PRICE_KMEANS,V1,1.7329910716518928,2026-09-10 12:33:29
4502002183,00010,2026-07-03,2000,IN01,P200,V00025,MAT00013,5,EA,INR,21298.17,21052.8400000000000,1,1,0.00,105264.20,21064.14,19675.83,8.25,20103.59,19979.43,20203.57,3,5.94,3.299185998185216,1,MEDIUM,Unusual combination of price indicators,PO_PRICE_KMEANS,V1,1.7329910716518928,2026-09-10 12:33:29
4502002189,00060,2026-07-03,2000,IN01,P200,V00011,MAT00054,8,EA,INR,55022.34,42614.2000000000000,1,0,99265.12,340913.60,41803.25,38535.73,42.78,58747.76,41668.36,120951.93,3,-6.34,3.2071967090236786,1,MEDIUM,Large deviation from supplier historical price,PO_PRICE_KMEANS,V1,1.7329910716518928,2026-09-10 12:33:29
4502002230,00020,2026-08-04,2000,IN01,P200,V00010,MAT00056,75,EA,INR,47340.06,46732.3600000000000,1,1,0.00,3504927.00,46640.27,47202.09,0.29,41621.00,41255.16,42434.69,3,13.74,3.1478217232200003,1,MEDIUM,Unusual combination of price indicators,PO_PRICE_KMEANS,V1,1.7329910716518928,2026-09-10 12:33:29
4502002287,00060,2026-10-06,1000,DE01,P100,V00042,MAT00042,100,EA,EUR,320.61,321.5300000000000,1,1,0.00,32153.00,210.16,296.92,7.98,318.40,233.16,380.36,3,0.69,3.0943098705014003,1,MEDIUM,Large change from previous purchase price,PO_PRICE_KMEANS,V1,1.7329910716518928,2026-09-10 12:33:29
4502002254,00030,2026-09-07,1000,DE02,P100,V00024,MAT00021,20,EA,EUR,709.68,426.6500000000000,1,0,5660.60,8533.00,428.43,398.27,78.19,450.12,407.93,512.16,3,57.66,2.9858255025403047,1,MEDIUM,Large deviation from alternative suppliers,PO_PRICE_KMEANS,V1,1.7329910716518928,2026-09-10 12:33:29
4502002194,00020,2026-07-03,3000,US01,P300,V00002,MAT00020,75,EA,USD,302.40,262.1500000000000,1,0,3018.75,19661.25,257.40,253.76,19.17,256.47,248.84,265.63,3,17.91,2.9789322502945565,1,MEDIUM,PO price outside Info Record tolerance,PO_PRICE_KMEANS,V1,1.7329910716518928,2026-09-10 12:33:29
4502002257,00030,2026-09-07,1000,DE02,P100,V00044,MAT00039,15,EA,EUR,561.41,466.8000000000000,1,0,1419.15,7002.00,459.41,426.95,31.49,544.68,480.56,695.45,3,3.07,2.971566516433318,1,MEDIUM,Large deviation from supplier historical price,PO_PRICE_KMEANS,V1,1.7329910716518928,2026-09-10 12:33:29
4502002341,00040,2026-11-09,2000,IN01,P200,V00039,MAT00004,20,EA,INR,58170.67,34605.7600000000000,1,0,471298.20,692115.20,34070.82,32283.90,80.18,35901.75,31670.71,39443.80,3,62.03,2.9548805057890624,1,MEDIUM,Large deviation from alternative suppliers,PO_PRICE_KMEANS,V1,1.7329910716518928,2026-09-10 12:33:29
4502002181,00060,2026-07-03,2000,IN01,P200,V00011,MAT00006,50,EA,INR,42851.38,30147.5800000000000,1,0,635190.00,1507379.00,44659.68,31847.76,34.55,30730.92,29192.30,32621.03,3,39.44,2.9335282314500644,1,MEDIUM,Large deviation from alternative suppliers,PO_PRICE_KMEANS,V1,1.7329910716518928,2026-09-10 12:33:29
4502002333,00060,2026-11-09,1000,DE02,P100,V00036,MAT00018,25,EA,EUR,176.17,175.2100000000000,1,1,0.00,4380.25,118.15,166.67,5.7,178.87,167.37,187.11,3,-1.51,2.878876209778018,1,MEDIUM,Large change from previous purchase price,PO_PRICE_KMEANS,V1,1.7329910716518928,2026-09-10 12:33:29
4502002259,00050,2026-09-07,1000,DE02,P100,V00024,MAT00053,25,EA,EUR,222.94,144.5900000000000,1,0,1958.75,3614.75,142.69,134.34,65.95,149.67,143.81,158.81,3,48.95,2.8707117258301067,1,MEDIUM,Large deviation from alternative suppliers,PO_PRICE_KMEANS,V1,1.7329910716518928,2026-09-10 12:33:29
4502002225,00020,2026-08-04,2000,IN01,P200,V00002,MAT00026,50,EA,INR,10011.43,10189.7100000000000,1,1,0.00,509485.50,6780.58,9687.88,3.34,11310.40,9580.07,17175.72,3,-11.48,2.860624877375759,1,MEDIUM,Large change from previous purchase price,PO_PRICE_KMEANS,V1,1.7329910716518928,2026-09-10 12:33:29
4502002390,00020,2026-12-08,2000,IN01,P200,V00010,MAT00056,8,EA,INR,46805.75,46732.3600000000000,1,1,0.00,373858.88,47340.06,47211.94,-0.86,41818.52,41267.72,42424.78,3,11.93,2.8052937728344105,1,MEDIUM,Unusual combination of price indicators,PO_PRICE_KMEANS,V1,1.7329910716518928,2026-09-10 12:33:29
4502002337,00020,2026-11-09,1000,DE02,P100,V00048,MAT00038,10,EA,EUR,339.07,214.4100000000000,1,0,1246.60,2144.10,214.40,209.12,62.14,232.54,187.51,315.39,3,45.81,2.7873019018876484,1,MEDIUM,Large deviation from alternative suppliers,PO_PRICE_KMEANS,V1,1.7329910716518928,2026-09-10 12:33:29
4502002216,00050,2026-08-04,1000,DE02,P100,V00025,MAT00035,100,EA,EUR,191.65,147.6900000000000,1,0,4396.00,14769.00,145.66,136.87,40.02,141.69,137.17,144.86,3,35.26,2.7843583026613903,1,MEDIUM,Large deviation from alternative suppliers,PO_PRICE_KMEANS,V1,1.7329910716518928,2026-09-10 12:33:29
4502002297,00040,2026-10-06,1000,DE02,P100,V00033,MAT00040,5,EA,EUR,271.78,267.2100000000000,1,1,0.00,1336.05,186.31,243.53,11.6,266.20,258.82,283.01,3,2.1,2.781411927225768,1,MEDIUM,Large change from previous purchase price,PO_PRICE_KMEANS,V1,1.7329910716518928,2026-09-10 12:33:29
4502002292,00050,2026-10-06,1000,DE02,P100,V00015,MAT00011,10,EA,EUR,424.98,422.8200000000000,1,1,0.00,4228.20,414.10,405.70,4.75,367.57,362.28,374.93,3,15.62,2.7661750543624124,1,MEDIUM,Unusual combination of price indicators,PO_PRICE_KMEANS,V1,1.7329910716518928,2026-09-10 12:33:29
4502002384,00050,2026-12-08,2000,IN01,P200,V00048,MAT00023,25,EA,INR,63867.27,49648.4200000000000,1,0,355471.25,1241210.50,49881.30,48621.76,31.36,59605.00,45610.08,106429.17,3,7.15,2.758534462278108,1,MEDIUM,Large deviation from supplier historical price,PO_PRICE_KMEANS,V1,1.7329910716518928,2026-09-10 12:33:29
4502002169,00060,2026-07-03,1000,DE01,P100,V00037,MAT00054,20,EA,EUR,463.14,470.8100000000000,1,1,0.00,9416.20,479.18,457.06,1.33,420.88,415.75,425.20,3,10.04,2.754476596373084,1,MEDIUM,Unusual combination of price indicators,PO_PRICE_KMEANS,V1,1.7329910716518928,2026-09-10 12:33:29
4502002255,00010,2026-09-07,1000,DE02,P100,V00036,MAT00025,40,EA,EUR,328.41,330.0700000000000,1,1,0.00,13202.80,225.75,313.93,4.61,306.49,289.23,319.40,3,7.15,2.749372212532514,1,MEDIUM,Large change from previous purchase price,PO_PRICE_KMEANS,V1,1.7329910716518928,2026-09-10 12:33:29
4502002315,00020,2026-10-06,3000,US01,P300,V00027,MAT00026,25,EA,USD,177.72,119.5600000000000,1,0,1454.00,2989.00,180.84,116.16,53.0,133.08,124.39,139.05,3,33.54,2.745214617568207,1,MEDIUM,Large deviation from alternative suppliers,PO_PRICE_KMEANS,V1,1.7329910716518928,2026-09-10 12:33:29
4502002270,00010,2026-09-07,2000,IN01,P200,V00007,MAT00055,15,EA,INR,20145.60,12791.1400000000000,1,0,110316.90,191867.10,13031.86,12137.99,65.97,14435.12,13584.72,15052.33,3,39.56,2.713999066341696,1,MEDIUM,Large deviation from alternative suppliers,PO_PRICE_KMEANS,V1,1.7329910716518928,2026-09-10 12:33:29
4502002375,00040,2026-12-08,1000,DE02,P100,V00011,MAT00028,100,EA,EUR,512.58,340.4000000000000,1,0,17218.00,34040.00,332.81,319.58,60.39,322.98,230.14,360.96,3,58.7,2.6626765279805333,1,MEDIUM,Large deviation from alternative suppliers,PO_PRICE_KMEANS,V1,1.7329910716518928,2026-09-10 12:33:29
4502002332,00020,2026-11-09,1000,DE02,P100,V00040,MAT00008,5,EA,EUR,80.37,79.7100000000000,1,1,0.00,398.55,124.52,85.30,-5.78,73.66,72.13,74.93,3,9.11,2.653213600798764,1,MEDIUM,Large change from previous purchase price,PO_PRICE_KMEANS,V1,1.7329910716518928,2026-09-10 12:33:29
4502002196,00010,2026-07-03,3000,US01,P300,V00028,MAT00031,8,EA,USD,306.84,263.7700000000000,1,0,344.56,2110.16,261.70,271.52,13.01,242.50,225.47,288.27,3,26.53,2.6046916425958084,1,MEDIUM,Large deviation from alternative suppliers,PO_PRICE_KMEANS,V1,1.7329910716518928,2026-09-10 12:33:29
4502002239,00060,2026-08-04,3000,US01,P300,V00001,MAT00054,20,EA,USD,490.25,478.5000000000000,1,1,0.00,9570.00,347.73,432.12,13.45,517.84,469.25,536.26,3,-5.33,2.57614390905146,1,MEDIUM,Large change from previous purchase price,PO_PRICE_KMEANS,V1,1.7329910716518928,2026-09-10 12:33:29
4502002358,00020,2026-11-09,3000,US01,P300,V00026,MAT00044,5,EA,USD,771.48,513.2200000000000,1,0,1291.30,2566.10,509.37,529.22,45.78,536.42,506.91,559.75,3,43.82,2.547788225149363,1,MEDIUM,Large deviation from alternative suppliers,PO_PRICE_KMEANS,V1,1.7329910716518928,2026-09-10 12:33:29
4502002204,00020,2026-08-04,1000,DE01,P100,V00024,MAT00020,25,EA,EUR,248.91,248.6000000000000,1,1,0.00,6215.00,173.70,238.48,4.37,255.24,236.01,306.02,3,-2.48,2.5376232198863633,1,MEDIUM,Large change from previous purchase price,PO_PRICE_KMEANS,V1,1.7329910716518928,2026-09-10 12:33:29
4502002260,00060,2026-09-07,1000,DE02,P100,V00018,MAT00060,5,EA,EUR,845.45,536.2000000000000,1,0,1546.25,2681.00,546.72,510.19,65.71,541.25,525.66,559.53,3,56.2,2.524922627936862,1,MEDIUM,Large deviation from alternative suppliers,PO_PRICE_KMEANS,V1,1.7329910716518928,2026-09-10 12:33:29
4502002223,00040,2026-08-04,2000,IN01,P200,V00034,MAT00016,15,EA,INR,20420.20,15773.3800000000000,1,0,69702.30,236600.70,18843.18,14602.14,39.84,16811.75,14097.41,20614.27,3,21.46,2.498829765167315,1,MEDIUM,Large deviation from supplier historical price,PO_PRICE_KMEANS,V1,1.7329910716518928,2026-09-10 12:33:29
4502002372,00010,2026-12-08,1000,DE02,P100,V00037,MAT00007,100,EA,EUR,475.37,471.9600000000000,1,1,0.00,47196.00,468.31,479.84,-0.93,424.73,417.71,432.38,3,11.92,2.484601444200811,1,MEDIUM,Unusual combination of price indicators,PO_PRICE_KMEANS,V1,1.7329910716518928,2026-09-10 12:33:29
4502002300,00040,2026-10-06,1000,DE02,P100,V00005,MAT00058,40,EA,EUR,271.13,271.1500000000000,1,1,0.00,10846.00,194.35,244.84,10.74,254.00,237.98,280.18,3,6.74,2.4573645050446973,1,MEDIUM,Large change from previous purchase price,PO_PRICE_KMEANS,V1,1.7329910716518928,2026-09-10 12:33:29
4502002265,00020,2026-09-07,2000,IN01,P200,V00009,MAT00026,20,EA,INR,10616.48,10424.6400000000000,1,1,0.00,208492.80,17175.72,10194.20,4.14,9248.99,6780.58,10011.43,3,14.79,2.4359016153713604,1,MEDIUM,Large change from previous purchase price,PO_PRICE_KMEANS,V1,1.7329910716518928,2026-09-10 12:33:29
4502002300,00030,2026-10-06,1000,DE02,P100,V00043,MAT00057,100,EA,EUR,346.74,350.1400000000000,1,1,0.00,35014.00,254.12,303.18,14.37,382.94,369.62,402.83,3,-9.45,2.4344418992858987,1,MEDIUM,Large change from previous purchase price,PO_PRICE_KMEANS,V1,1.7329910716518928,2026-09-10 12:33:29
4502002344,00060,2026-11-09,2000,IN01,P200,V00003,MAT00024,10,EA,INR,29429.63,29729.8900000000000,1,1,0.00,297298.90,20988.49,27118.91,8.52,29887.80,28338.06,33155.30,3,-1.53,2.3983133423594065,1,MEDIUM,Large change from previous purchase price,PO_PRICE_KMEANS,V1,1.7329910716518928,2026-09-10 12:33:29
4502002261,00050,2026-09-07,2000,IN01,P200,V00035,MAT00005,25,EA,INR,52931.53,34338.0900000000000,1,0,464836.00,858452.25,34438.19,34808.88,52.06,35701.57,34104.72,38555.57,3,48.26,2.3861299875592223,1,MEDIUM,Large deviation from alternative suppliers,PO_PRICE_KMEANS,V1,1.7329910716518928,2026-09-10 12:33:29
4502002252,00040,2026-09-07,1000,DE02,P100,V00046,MAT00010,5,EA,EUR,111.83,87.6600000000000,1,0,120.85,438.30,87.33,87.30,28.1,99.40,94.71,103.27,3,12.51,2.377323101759117,1,MEDIUM,Large deviation from supplier historical price,PO_PRICE_KMEANS,V1,1.7329910716518928,2026-09-10 12:33:29
4502002248,00020,2026-09-07,1000,DE01,P100,V00007,MAT00044,10,EA,EUR,448.48,440.0400000000000,1,1,0.00,4400.40,729.63,460.73,-2.66,502.79,464.68,528.73,3,-10.8,2.3676909116842237,1,MEDIUM,Large change from previous purchase price,PO_PRICE_KMEANS,V1,1.7329910716518928,2026-09-10 12:33:29
4502002318,00010,2026-10-06,3000,US01,P300,V00037,MAT00043,100,EA,USD,557.77,546.3000000000000,1,1,0.00,54630.00,538.61,510.02,9.36,488.44,478.44,501.89,3,14.19,2.362881740980985,1,MEDIUM,Unusual combination of price indicators,PO_PRICE_KMEANS,V1,1.7329910716518928,2026-09-10 12:33:29
4502002170,00050,2026-07-03,1000,DE01,P100,V00031,MAT00059,15,EA,EUR,450.64,448.8100000000000,1,1,0.00,6732.15,326.06,423.12,6.5,485.89,460.79,500.14,3,-7.25,2.354509746288876,1,MEDIUM,Large change from previous purchase price,PO_PRICE_KMEANS,V1,1.7329910716518928,2026-09-10 12:33:29
4502002290,00020,2026-10-06,1000,DE01,P100,V00022,MAT00056,40,EA,EUR,539.91,529.7400000000000,1,1,0.00,21189.60,852.44,531.30,1.62,479.22,448.86,510.06,3,12.66,2.3447001600783275,1,MEDIUM,Large change from previous purchase price,PO_PRICE_KMEANS,V1,1.7329910716518928,2026-09-10 12:33:29
4502002259,00010,2026-09-07,1000,DE02,P100,V00012,MAT00049,15,EA,EUR,452.98,459.3300000000000,1,1,0.00,6889.95,689.98,448.73,0.95,423.81,413.55,430.16,3,6.88,2.3436964740200454,1,MEDIUM,Large change from previous purchase price,PO_PRICE_KMEANS,V1,1.7329910716518928,2026-09-10 12:33:29
4502002296,00040,2026-10-06,1000,DE02,P100,V00029,MAT00034,15,EA,EUR,870.93,539.5200000000000,1,0,4971.15,8092.80,549.43,507.35,71.66,589.66,546.43,639.54,3,47.7,2.3191693817805707,1,MEDIUM,Large deviation from alternative suppliers,PO_PRICE_KMEANS,V1,1.7329910716518928,2026-09-10 12:33:29
4502002307,00030,2026-10-06,2000,IN01,P200,V00014,MAT00039,8,EA,INR,50521.28,51598.0900000000000,1,1,0.00,412784.72,82427.10,50312.82,0.41,46916.55,42683.19,51534.09,3,7.68,2.3008313198785335,1,MEDIUM,Large change from previous purchase price,PO_PRICE_KMEANS,V1,1.7329910716518928,2026-09-10 12:33:29
4502002219,00060,2026-08-04,1000,DE02,P100,V00027,MAT00054,25,EA,EUR,435.80,430.6800000000000,1,1,0.00,10767.00,713.65,436.69,-0.2,471.07,442.70,494.00,3,-7.49,2.299187842685652,1,MEDIUM,Large change from previous purchase price,PO_PRICE_KMEANS,V1,1.7329910716518928,2026-09-10 12:33:29
4502002349,00030,2026-11-09,2000,IN01,P200,V00029,MAT00051,75,EA,INR,39184.77,27303.4900000000000,1,0,891096.00,2047761.75,26865.06,25284.56,54.98,26080.90,25272.99,28046.59,3,50.24,2.2979576954265535,1,MEDIUM,Large deviation from alternative suppliers,PO_PRICE_KMEANS,V1,1.7329910716518928,2026-09-10 12:33:29
4502002323,00030,2026-11-09,1000,DE01,P100,V00043,MAT00015,15,EA,EUR,601.49,376.0700000000000,1,0,3381.30,5641.05,381.24,352.20,70.78,391.27,377.97,401.48,3,53.73,2.2953501178235127,1,MEDIUM,Large deviation from alternative suppliers,PO_PRICE_KMEANS,V1,1.7329910716518928,2026-09-10 12:33:29
4502002297,00050,2026-10-06,1000,DE02,P100,V00043,MAT00041,20,EA,EUR,346.70,345.2200000000000,1,1,0.00,6904.40,565.86,342.74,1.16,369.98,353.37,380.71,3,-6.29,2.2927146391950526,1,MEDIUM,Large change from previous purchase price,PO_PRICE_KMEANS,V1,1.7329910716518928,2026-09-10 12:33:29
4502002311,00030,2026-10-06,3000,US01,P300,V00013,MAT00003,75,EA,USD,119.94,122.3600000000000,1,1,0.00,9177.00,196.03,127.43,-5.88,120.02,115.44,128.33,3,-0.07,2.2893070750939386,1,MEDIUM,Large change from previous purchase price,PO_PRICE_KMEANS,V1,1.7329910716518928,2026-09-10 12:33:29
4502002277,00010,2026-09-07,3000,US01,P300,V00046,MAT00037,75,EA,USD,370.36,288.4900000000000,1,0,6140.25,21636.75,325.44,264.72,39.91,324.54,311.91,337.34,3,14.12,2.2718468973184,1,MEDIUM,Large deviation from supplier historical price,PO_PRICE_KMEANS,V1,1.7329910716518928,2026-09-10 12:33:29
4502002315,00030,2026-10-06,3000,US01,P300,V00037,MAT00027,10,EA,USD,397.93,402.0000000000000,0,0,0.00,0.00,407.68,377.58,5.39,357.46,353.10,363.86,3,11.32,2.259523662165238,1,MEDIUM,Unusual combination of price indicators,PO_PRICE_KMEANS,V1,1.7329910716518928,2026-09-10 12:33:29
4502002273,00020,2026-09-07,3000,US01,P300,V00032,MAT00014,10,EA,USD,86.52,84.4400000000000,1,1,0.00,844.40,140.38,86.26,0.3,82.07,77.07,88.49,3,5.42,2.2583037050680823,1,MEDIUM,Large change from previous purchase price,PO_PRICE_KMEANS,V1,1.7329910716518928,2026-09-10 12:33:29
4502002213,00040,2026-08-04,1000,DE02,P100,V00023,MAT00016,75,EA,EUR,165.01,144.2100000000000,1,0,1560.00,10815.75,143.15,138.94,18.76,149.14,144.13,153.46,3,10.64,2.2578925556710425,1,MEDIUM,PO price outside Info Record tolerance,PO_PRICE_KMEANS,V1,1.7329910716518928,2026-09-10 12:33:29
4502002345,00010,2026-11-09,2000,IN01,P200,V00013,MAT00025,25,EA,INR,37767.31,29641.7800000000000,1,0,203138.25,741044.50,31738.59,30082.66,25.55,29509.45,27915.34,33255.99,3,27.98,2.2571467614244365,1,MEDIUM,Large deviation from alternative suppliers,PO_PRICE_KMEANS,V1,1.7329910716518928,2026-09-10 12:33:29
4502002161,00060,2026-07-03,1000,DE01,P100,V00037,MAT00006,100,EA,EUR,331.36,333.0700000000000,1,1,0.00,33307.00,334.06,331.60,-0.07,297.04,289.80,299.64,3,11.55,2.2532366100438304,1,MEDIUM,Unusual combination of price indicators,PO_PRICE_KMEANS,V1,1.7329910716518928,2026-09-10 12:33:29
4502002300,00010,2026-10-06,1000,DE02,P100,V00003,MAT00055,15,EA,EUR,143.71,141.1400000000000,1,1,0.00,2117.10,232.85,137.69,4.37,135.72,92.36,156.75,3,5.89,2.249420012895497,1,MEDIUM,Large change from previous purchase price,PO_PRICE_KMEANS,V1,1.7329910716518928,2026-09-10 12:33:29
4502002178,00030,2026-07-03,1000,DE02,P100,V00014,MAT00045,49,EA,EUR,546.59,482.7500000000000,1,0,3128.16,23654.75,491.89,511.44,6.87,439.02,398.46,475.94,3,24.5,2.2226180306280576,1,MEDIUM,PO price outside Info Record tolerance,PO_PRICE_KMEANS,V1,1.7329910716518928,2026-09-10 12:33:29
4502002365,00060,2026-12-08,1000,DE01,P100,V00040,MAT00030,75,EA,EUR,55.18,34.2700000000000,1,0,1568.25,2570.25,34.07,36.27,52.14,31.85,31.18,33.00,3,73.25,2.20849445401521,1,MEDIUM,Large deviation from alternative suppliers,PO_PRICE_KMEANS,V1,1.7329910716518928,2026-09-10 12:33:29
4502002310,00030,2026-10-06,2000,IN01,P200,V00006,MAT00057,100,EA,INR,33585.12,34106.7400000000000,1,1,0.00,3410674.00,24622.80,33614.66,-0.09,36296.25,33960.82,39324.08,3,-7.47,2.1959274362564396,1,MEDIUM,Large change from previous purchase price,PO_PRICE_KMEANS,V1,1.7329910716518928,2026-09-10 12:33:29
4502002236,00020,2026-08-04,3000,US01,P300,V00045,MAT00032,25,EA,USD,402.15,403.8400000000000,1,1,0.00,10096.00,293.95,376.19,6.9,417.35,389.37,435.55,3,-3.64,2.194748855247477,1,MEDIUM,Large change from previous purchase price,PO_PRICE_KMEANS,V1,1.7329910716518928,2026-09-10 12:33:29
4502002260,00050,2026-09-07,1000,DE02,P100,V00008,MAT00059,5,EA,EUR,452.21,449.0800000000000,1,1,0.00,2245.40,335.22,412.21,9.7,497.41,432.54,701.61,3,-9.09,2.1805283795104464,1,MEDIUM,Large change from previous purchase price,PO_PRICE_KMEANS,V1,1.7329910716518928,2026-09-10 12:33:29
4502002308,00010,2026-10-06,2000,IN01,P200,V00026,MAT00043,20,EA,INR,43237.75,43894.3100000000000,1,1,0.00,877886.20,69463.98,41866.03,3.28,42393.98,28127.91,47673.92,3,1.99,2.1714631844343764,1,MEDIUM,Large change from previous purchase price,PO_PRICE_KMEANS,V1,1.7329910716518928,2026-09-10 12:33:29
4502002290,00030,2026-10-06,1000,DE01,P100,V00032,MAT00057,15,EA,EUR,395.18,392.1600000000000,1,1,0.00,5882.40,628.59,396.78,-0.4,378.52,356.03,399.14,3,4.4,2.1692060681306797,1,MEDIUM,Large change from previous purchase price,PO_PRICE_KMEANS,V1,1.7329910716518928,2026-09-10 12:33:29
4502002321,00060,2026-11-09,1000,DE01,P100,V00037,MAT00006,50,EA,EUR,330.69,333.0700000000000,1,1,0.00,16653.50,331.36,331.58,-0.27,294.06,289.03,299.64,3,12.46,2.1676513091794853,1,MEDIUM,Unusual combination of price indicators,PO_PRICE_KMEANS,V1,1.7329910716518928,2026-09-10 12:33:29
4502002313,00050,2026-10-06,3000,US01,P300,V00041,MAT00017,25,EA,USD,109.31,108.0400000000000,1,1,0.00,2701.00,175.20,105.43,3.68,110.74,98.89,120.02,3,-1.29,2.1561421383078256,1,MEDIUM,Large change from previous purchase price,PO_PRICE_KMEANS,V1,1.7329910716518928,2026-09-10 12:33:29
4502002253,00040,2026-09-07,1000,DE02,P100,V00030,MAT00016,25,EA,EUR,219.90,146.7100000000000,1,0,1829.75,3667.75,144.13,134.35,63.68,151.49,143.15,165.01,3,45.16,2.152882455668608,1,MEDIUM,Large deviation from alternative suppliers,PO_PRICE_KMEANS,V1,1.7329910716518928,2026-09-10 12:33:29
4502002175,00030,2026-07-03,1000,DE02,P100,V00042,MAT00027,25,EA,EUR,396.46,335.5600000000000,1,0,1522.50,8389.00,444.90,325.78,21.7,366.95,339.46,418.16,3,8.04,2.150739938512425,1,MEDIUM,PO price outside Info Record tolerance,PO_PRICE_KMEANS,V1,1.7329910716518928,2026-09-10 12:33:29
4502002251,00050,2026-09-07,1000,DE02,P100,V00024,MAT00005,75,EA,EUR,384.24,389.7800000000000,1,1,0.00,29233.50,597.81,376.48,2.06,429.28,388.34,513.71,3,-10.49,2.1376685791967933,1,MEDIUM,Large change from previous purchase price,PO_PRICE_KMEANS,V1,1.7329910716518928,2026-09-10 12:33:29
4502002316,00050,2026-10-06,3000,US01,P300,V00013,MAT00035,50,EA,USD,149.23,152.5100000000000,1,1,0.00,7625.50,109.79,144.65,3.17,149.20,144.72,161.84,3,0.02,2.1117323798874095,1,MEDIUM,Large change from previous purchase price,PO_PRICE_KMEANS,V1,1.7329910716518928,2026-09-10 12:33:29
4502002266,00060,2026-09-07,2000,IN01,P200,V00005,MAT00036,20,EA,INR,26021.19,25735.7100000000000,1,1,0.00,514714.20,38795.35,25039.68,3.92,23603.72,22337.87,24845.53,3,10.24,2.1108657532243345,1,MEDIUM,Large change from previous purchase price,PO_PRICE_KMEANS,V1,1.7329910716518928,2026-09-10 12:33:29
4502002183,00050,2026-07-03,2000,IN01,P200,V00037,MAT00017,20,EA,INR,13137.40,9732.0000000000000,1,0,68108.00,194640.00,9725.96,8895.68,47.68,8016.29,5018.03,9367.76,3,63.88,2.1080808570390044,1,MEDIUM,Large deviation from alternative suppliers,PO_PRICE_KMEANS,V1,1.7329910716518928,2026-09-10 12:33:29
4502002329,00060,2026-11-09,1000,DE01,P100,V00037,MAT00054,8,EA,EUR,473.48,470.8100000000000,1,1,0.00,3766.48,463.14,457.49,3.5,418.05,405.48,423.94,3,13.26,2.1002768805356933,1,MEDIUM,Unusual combination of price indicators,PO_PRICE_KMEANS,V1,1.7329910716518928,2026-09-10 12:33:29
4502002271,00060,2026-09-07,3000,US01,P300,V00008,MAT00006,5,EA,USD,449.55,332.9500000000000,1,0,583.00,1664.75,335.92,321.76,39.72,399.55,337.19,555.57,3,12.51,2.0845402550515986,1,MEDIUM,Large deviation from supplier historical price,PO_PRICE_KMEANS,V1,1.7329910716518928,2026-09-10 12:33:29
4502002291,00020,2026-10-06,1000,DE02,P100,V00029,MAT00002,150,EA,EUR,158.53,159.4600000000000,1,1,0.00,23919.00,237.02,154.29,2.75,171.81,164.99,177.32,3,-7.73,2.076686581340139,1,MEDIUM,Large change from previous purchase price,PO_PRICE_KMEANS,V1,1.7329910716518928,2026-09-10 12:33:29
4502002258,00050,2026-09-07,1000,DE02,P100,V00020,MAT00047,5,EA,EUR,49.11,48.2000000000000,1,1,0.00,241.00,47.86,49.64,-1.07,42.83,41.97,44.21,3,14.66,2.0727629760997845,1,MEDIUM,Unusual combination of price indicators,PO_PRICE_KMEANS,V1,1.7329910716518928,2026-09-10 12:33:29
4502002252,00030,2026-09-07,1000,DE02,P100,V00036,MAT00009,40,EA,EUR,199.95,128.5900000000000,1,0,2854.40,5143.60,129.74,120.18,66.38,119.31,116.31,123.58,3,67.59,2.0576325300301215,1,MEDIUM,Large deviation from alternative suppliers,PO_PRICE_KMEANS,V1,1.7329910716518928,2026-09-10 12:33:29
4502002204,00040,2026-08-04,1000,DE01,P100,V00016,MAT00022,8,EA,EUR,353.53,352.0500000000000,1,1,0.00,2816.40,543.87,350.38,0.9,384.55,340.14,466.99,3,-8.07,2.0536943038730078,1,MEDIUM,Large change from previous purchase price,PO_PRICE_KMEANS,V1,1.7329910716518928,2026-09-10 12:33:29
4502002183,00040,2026-07-03,2000,IN01,P200,V00027,MAT00016,10,EA,INR,20614.27,13920.7900000000000,1,0,66934.80,139207.90,15133.51,12895.74,59.85,16267.22,14097.41,18843.18,3,26.72,2.033616746633813,1,MEDIUM,Large deviation from alternative suppliers,PO_PRICE_KMEANS,V1,1.7329910716518928,2026-09-10 12:33:29
4502002237,00060,2026-08-04,3000,US01,P300,V00013,MAT00042,40,EA,USD,373.49,370.2900000000000,1,1,0.00,14811.60,575.56,368.66,1.31,388.38,350.07,427.53,3,-3.83,2.0183856706047774,1,MEDIUM,Large change from previous purchase price,PO_PRICE_KMEANS,V1,1.7329910716518928,2026-09-10 12:33:29
4502002309,00010,2026-10-06,2000,IN01,P200,V00030,MAT00049,5,EA,INR,37230.34,36854.8800000000000,1,1,0.00,184274.40,56569.80,36126.84,3.05,40235.40,35836.53,51989.91,3,-7.47,1.999144463154654,1,MEDIUM,Large change from previous purchase price,PO_PRICE_KMEANS,V1,1.7329910716518928,2026-09-10 12:33:29
4502002198,00040,2026-07-03,3000,US01,P300,V00046,MAT00046,20,EA,USD,529.52,374.5000000000000,1,0,3100.40,7490.00,367.12,349.73,51.41,408.49,394.22,422.12,3,29.63,1.9991323954114109,1,MEDIUM,Large deviation from alternative suppliers,PO_PRICE_KMEANS,V1,1.7329910716518928,2026-09-10 12:33:29
4502002162,00030,2026-07-03,1000,DE01,P100,V00039,MAT00009,40,EA,EUR,121.22,123.5400000000000,1,1,0.00,4941.60,184.90,123.05,-1.49,125.07,112.69,130.23,3,-3.08,1.9938211722951018,1,MEDIUM,Large change from previous purchase price,PO_PRICE_KMEANS,V1,1.7329910716518928,2026-09-10 12:33:29
4502002332,00060,2026-11-09,1000,DE02,P100,V00004,MAT00012,49,EA,EUR,501.82,460.3400000000000,1,0,2032.52,22556.66,462.39,419.95,19.5,442.47,424.00,467.57,3,13.41,1.9936520515556189,1,MEDIUM,Unusual combination of price indicators,PO_PRICE_KMEANS,V1,1.7329910716518928,2026-09-10 12:33:29
4502002349,00020,2026-11-09,2000,IN01,P200,V00047,MAT00050,10,EA,INR,37051.26,37601.6200000000000,1,1,0.00,376016.20,37700.52,35499.94,4.37,54523.58,37319.87,116035.82,3,-32.05,1.978683731449033,1,MEDIUM,Large deviation from alternative suppliers,PO_PRICE_KMEANS,V1,1.7329910716518928,2026-09-10 12:33:29
4502002342,00060,2026-11-09,2000,IN01,P200,V00015,MAT00012,75,EA,INR,54855.82,44273.3500000000000,1,0,793685.25,3320501.25,43750.15,42094.10,30.32,40208.02,37686.23,42755.06,3,36.43,1.976264881875032,1,MEDIUM,Large deviation from alternative suppliers,PO_PRICE_KMEANS,V1,1.7329910716518928,2026-09-10 12:33:29
4502002184,00020,2026-07-03,2000,IN01,P200,V00039,MAT00020,10,EA,INR,22715.37,23233.5900000000000,1,1,0.00,232335.90,32701.29,21365.54,6.32,26677.01,15070.99,39320.17,3,-14.85,1.9741284656691178,1,MEDIUM,Large change from previous purchase price,PO_PRICE_KMEANS,V1,1.7329910716518928,2026-09-10 12:33:29
4502002341,00060,2026-11-09,2000,IN01,P200,V00011,MAT00006,10,EA,INR,29621.45,30147.5800000000000,1,1,0.00,301475.80,42851.38,32633.74,-9.23,28179.65,18697.44,32417.69,3,5.12,1.9710516433287106,1,MEDIUM,Large change from previous purchase price,PO_PRICE_KMEANS,V1,1.7329910716518928,2026-09-10 12:33:29
4502002269,00060,2026-09-07,2000,IN01,P200,V00045,MAT00054,5,EA,INR,42523.19,41583.5100000000000,1,1,0.00,207917.55,41782.45,39265.11,8.3,61553.79,41803.25,120951.93,3,-30.92,1.9703805533248289,1,MEDIUM,Large deviation from alternative suppliers,PO_PRICE_KMEANS,V1,1.7329910716518928,2026-09-10 12:33:29
4502002356,00010,2026-11-09,3000,US01,P300,V00028,MAT00031,40,EA,USD,263.47,263.7700000000000,1,1,0.00,10550.80,306.84,274.04,-3.86,230.74,223.33,238.90,3,14.18,1.9612264912376307,1,MEDIUM,Unusual combination of price indicators,PO_PRICE_KMEANS,V1,1.7329910716518928,2026-09-10 12:33:29
4502002287,00020,2026-10-06,1000,DE01,P100,V00030,MAT00038,8,EA,EUR,186.03,186.2600000000000,1,1,0.00,1490.08,270.42,179.63,3.56,215.83,179.54,333.86,3,-13.81,1.9567134558616426,1,MEDIUM,Large change from previous purchase price,PO_PRICE_KMEANS,V1,1.7329910716518928,2026-09-10 12:33:29
4502002191,00060,2026-07-03,3000,US01,P300,V00022,MAT00006,10,EA,USD,555.57,377.7600000000000,1,0,1778.10,3777.60,378.02,366.92,51.41,355.76,332.80,388.42,3,56.16,1.9525182163335026,1,MEDIUM,Large deviation from alternative suppliers,PO_PRICE_KMEANS,V1,1.7329910716518928,2026-09-10 12:33:29
4502002265,00040,2026-09-07,2000,IN01,P200,V00029,MAT00028,80,EA,INR,30534.01,31124.0700000000000,1,1,0.00,2489925.60,46281.67,30402.00,0.43,30412.01,17039.47,34188.05,3,0.4,1.9519960194247372,1,MEDIUM,Large change from previous purchase price,PO_PRICE_KMEANS,V1,1.7329910716518928,2026-09-10 12:33:29
4502002295,00020,2026-10-06,1000,DE02,P100,V00005,MAT00026,100,EA,EUR,119.65,121.0200000000000,1,1,0.00,12102.00,90.91,110.52,8.26,114.44,105.50,126.76,3,4.55,1.9512499868731847,1,MEDIUM,Large change from previous purchase price,PO_PRICE_KMEANS,V1,1.7329910716518928,2026-09-10 12:33:29
4502002362,00020,2026-12-08,1000,DE01,P100,V00036,MAT00008,25,EA,EUR,77.98,77.8900000000000,1,1,0.00,1947.25,116.78,81.54,-4.37,77.60,70.45,82.42,3,0.49,1.9505414668401777,1,MEDIUM,Large change from previous purchase price,PO_PRICE_KMEANS,V1,1.7329910716518928,2026-09-10 12:33:29
4502002351,00060,2026-11-09,3000,US01,P300,V00022,MAT00006,10,EA,USD,369.44,377.7600000000000,1,1,0.00,3777.60,555.57,380.39,-2.88,379.48,335.92,449.55,3,-2.65,1.9500136882815204,1,MEDIUM,Large change from previous purchase price,PO_PRICE_KMEANS,V1,1.7329910716518928,2026-09-10 12:33:29
4502002193,00030,2026-07-03,3000,US01,P300,V00028,MAT00015,25,EA,USD,483.39,486.1100000000000,1,1,0.00,12152.75,474.77,451.39,7.09,422.79,406.55,429.60,3,14.33,1.9477714141195772,1,MEDIUM,Unusual combination of price indicators,PO_PRICE_KMEANS,V1,1.7329910716518928,2026-09-10 12:33:29
4502002343,00040,2026-11-09,2000,IN01,P200,V00027,MAT00016,8,EA,INR,14240.51,13920.7900000000000,1,1,0.00,111366.32,20614.27,13447.07,5.9,16263.17,14097.41,20420.20,3,-12.44,1.943939388859186,1,MEDIUM,Large change from previous purchase price,PO_PRICE_KMEANS,V1,1.7329910716518928,2026-09-10 12:33:29
4502002202,00020,2026-08-04,1000,DE01,P100,V00036,MAT00008,75,EA,EUR,116.78,77.8900000000000,1,0,2916.75,5841.75,78.17,78.83,48.14,77.48,69.16,83.86,3,50.72,1.941877222319364,1,MEDIUM,Large deviation from alternative suppliers,PO_PRICE_KMEANS,V1,1.7329910716518928,2026-09-10 12:33:29
4502002234,00060,2026-08-04,3000,US01,P300,V00021,MAT00024,15,EA,USD,371.68,378.5500000000000,1,1,0.00,5678.25,549.90,363.74,2.18,401.59,342.30,432.27,3,-7.45,1.9071961450510844,1,MEDIUM,Large change from previous purchase price,PO_PRICE_KMEANS,V1,1.7329910716518928,2026-09-10 12:33:29
4502002273,00010,2026-09-07,3000,US01,P300,V00022,MAT00013,20,EA,USD,318.96,254.8400000000000,1,0,1282.40,5096.80,254.29,247.93,28.65,231.80,217.55,245.79,3,37.6,1.9065476283577272,1,MEDIUM,Large deviation from alternative suppliers,PO_PRICE_KMEANS,V1,1.7329910716518928,2026-09-10 12:33:29
4502002375,00010,2026-12-08,1000,DE02,P100,V00009,MAT00025,48,EA,EUR,343.06,311.8200000000000,1,0,1499.52,14967.36,319.40,291.04,17.87,303.34,289.23,328.41,3,13.09,1.9021768933823504,1,MEDIUM,PO price outside Info Record tolerance,PO_PRICE_KMEANS,V1,1.7329910716518928,2026-09-10 12:33:29
4502002239,00030,2026-08-04,3000,US01,P300,V00047,MAT00051,50,EA,USD,453.76,308.6700000000000,1,0,7254.50,15433.50,313.69,298.83,51.85,325.87,308.95,340.01,3,39.25,1.898903816125154,1,MEDIUM,Large deviation from alternative suppliers,PO_PRICE_KMEANS,V1,1.7329910716518928,2026-09-10 12:33:29
4502002343,00050,2026-11-09,2000,IN01,P200,V00037,MAT00017,40,EA,INR,9875.05,9732.0000000000000,1,1,0.00,389280.00,13137.40,9198.66,7.35,8799.90,8543.31,9367.76,3,12.22,1.8880201050297225,1,MEDIUM,Unusual combination of price indicators,PO_PRICE_KMEANS,V1,1.7329910716518928,2026-09-10 12:33:29
4502002333,00050,2026-11-09,1000,DE02,P100,V00026,MAT00017,8,EA,EUR,122.69,99.1400000000000,1,0,188.40,793.12,98.72,92.80,32.21,103.17,96.55,110.13,3,18.92,1.887792493914663,1,MEDIUM,Large deviation from supplier historical price,PO_PRICE_KMEANS,V1,1.7329910716518928,2026-09-10 12:33:29
4502002179,00050,2026-07-03,1000,DE02,P100,V00038,MAT00053,25,EA,EUR,158.81,158.3400000000000,1,1,0.00,3958.50,155.35,147.39,7.75,142.75,138.49,144.50,3,11.25,1.8819811850274937,1,MEDIUM,Unusual combination of price indicators,PO_PRICE_KMEANS,V1,1.7329910716518928,2026-09-10 12:33:29
4502002269,00020,2026-09-07,2000,IN01,P200,V00033,MAT00050,10,EA,INR,37522.39,38017.1300000000000,1,1,0.00,380171.30,37319.87,36325.77,3.29,54025.86,37117.66,116035.82,3,-30.55,1.8767812940415696,1,MEDIUM,Large deviation from alternative suppliers,PO_PRICE_KMEANS,V1,1.7329910716518928,2026-09-10 12:33:29
4502002269,00010,2026-09-07,2000,IN01,P200,V00023,MAT00049,5,EA,INR,36569.27,36225.0200000000000,1,1,0.00,181125.10,51989.91,36067.47,1.39,42284.97,35836.53,56569.80,3,-13.52,1.8744878980023327,1,MEDIUM,Large change from previous purchase price,PO_PRICE_KMEANS,V1,1.7329910716518928,2026-09-10 12:33:29
4502002301,00050,2026-10-06,2000,IN01,P200,V00042,MAT00005,8,EA,INR,49324.84,34708.8300000000000,1,0,116928.08,277670.64,34104.72,32344.44,52.5,39244.41,34438.19,52931.53,3,25.69,1.8697535403648602,1,MEDIUM,Large deviation from alternative suppliers,PO_PRICE_KMEANS,V1,1.7329910716518928,2026-09-10 12:33:29
4502002399,00030,2026-12-08,3000,US01,P300,V00047,MAT00051,8,EA,USD,308.47,308.6700000000000,1,1,0.00,2469.36,453.76,309.89,-0.46,321.53,301.68,334.79,3,-4.06,1.8624611499558548,1,MEDIUM,Large change from previous purchase price,PO_PRICE_KMEANS,V1,1.7329910716518928,2026-09-10 12:33:29
4502002374,00030,2026-12-08,1000,DE02,P100,V00045,MAT00021,15,EA,EUR,434.77,431.3900000000000,1,1,0.00,6470.85,422.94,433.06,0.39,621.14,407.93,1107.67,3,-30.0,1.8591860161796983,1,MEDIUM,Large deviation from alternative suppliers,PO_PRICE_KMEANS,V1,1.7329910716518928,2026-09-10 12:33:29
4502002262,00050,2026-09-07,2000,IN01,P200,V00019,MAT00011,48,EA,INR,40396.16,36108.5100000000000,1,0,205807.20,1733208.48,36752.08,34205.38,18.1,37089.04,34457.58,38045.81,3,8.92,1.8569505376146942,1,MEDIUM,PO price outside Info Record tolerance,PO_PRICE_KMEANS,V1,1.7329910716518928,2026-09-10 12:33:29
4502002353,00060,2026-11-09,3000,US01,P300,V00010,MAT00018,49,EA,USD,210.45,191.0200000000000,1,0,952.07,9359.98,190.31,194.76,8.06,177.58,165.22,189.88,3,18.51,1.8382076063068766,1,MEDIUM,PO price outside Info Record tolerance,PO_PRICE_KMEANS,V1,1.7329910716518928,2026-09-10 12:33:29
4502002274,00040,2026-09-07,3000,US01,P300,V00008,MAT00022,15,EA,USD,391.46,389.6600000000000,1,1,0.00,5844.90,565.12,369.54,5.93,421.48,387.52,451.70,3,-7.12,1.835725367569555,1,MEDIUM,Large change from previous purchase price,PO_PRICE_KMEANS,V1,1.7329910716518928,2026-09-10 12:33:29
4502002257,00020,2026-09-07,1000,DE02,P100,V00034,MAT00038,20,EA,EUR,219.68,216.2700000000000,1,1,0.00,4325.40,315.39,228.23,-3.75,210.25,187.51,244.99,3,4.49,1.8237543909135476,1,MEDIUM,Large change from previous purchase price,PO_PRICE_KMEANS,V1,1.7329910716518928,2026-09-10 12:33:29
4502002291,00050,2026-10-06,1000,DE02,P100,V00031,MAT00005,75,EA,EUR,371.45,379.7200000000000,1,1,0.00,28479.00,513.71,366.50,1.35,437.66,384.24,597.81,3,-15.13,1.8223189782612188,1,MEDIUM,Large change from previous purchase price,PO_PRICE_KMEANS,V1,1.7329910716518928,2026-09-10 12:33:29
4502002382,00030,2026-12-08,2000,IN01,P200,V00020,MAT00009,5,EA,INR,19443.98,12662.8700000000000,1,0,33905.55,63314.35,12686.93,12167.13,59.81,11382.17,11024.55,11729.40,3,70.83,1.8016504636714679,1,MEDIUM,Large deviation from alternative suppliers,PO_PRICE_KMEANS,V1,1.7329910716518928,2026-09-10 12:33:29
4502002353,00030,2026-11-09,3000,US01,P300,V00028,MAT00015,25,EA,USD,477.74,486.1100000000000,1,1,0.00,12152.75,483.39,453.68,5.3,423.40,409.57,429.69,3,12.83,1.8016033778814091,1,MEDIUM,Unusual combination of price indicators,PO_PRICE_KMEANS,V1,1.7329910716518928,2026-09-10 12:33:29
4502002177,00040,2026-07-03,1000,DE02,P100,V00040,MAT00040,75,EA,EUR,283.01,288.3600000000000,1,1,0.00,21627.00,385.95,276.61,2.31,249.95,186.31,269.30,3,13.23,1.7978167190718322,1,MEDIUM,Large change from previous purchase price,PO_PRICE_KMEANS,V1,1.7329910716518928,2026-09-10 12:33:29
4502002307,00050,2026-10-06,2000,IN01,P200,V00006,MAT00041,75,EA,INR,49321.16,33627.7600000000000,1,0,1177005.00,2522082.00,33152.43,31350.78,57.32,35116.03,33047.31,37590.51,3,40.45,1.7970438269720568,1,MEDIUM,Large deviation from alternative suppliers,PO_PRICE_KMEANS,V1,1.7329910716518928,2026-09-10 12:33:29
4502002259,00020,2026-09-07,1000,DE02,P100,V00022,MAT00050,75,EA,EUR,582.08,455.8100000000000,1,0,9470.25,34185.75,450.14,435.27,33.73,407.94,257.93,463.77,3,42.69,1.790631479912458,1,MEDIUM,Large deviation from alternative suppliers,PO_PRICE_KMEANS,V1,1.7329910716518928,2026-09-10 12:33:29
4502002232,00020,2026-08-04,3000,US01,P300,V00021,MAT00008,100,EA,USD,82.18,83.2100000000000,1,1,0.00,8321.00,117.87,85.69,-4.1,83.59,75.33,90.54,3,-1.69,1.7809520934039467,1,MEDIUM,Large change from previous purchase price,PO_PRICE_KMEANS,V1,1.7329910716518928,2026-09-10 12:33:29
4502002243,00060,2026-09-07,1000,DE01,P100,V00011,MAT00018,40,EA,EUR,177.03,172.8100000000000,0,0,0.00,0.00,255.01,167.86,5.46,178.16,173.66,181.61,3,-0.63,1.7771543459851094,1,MEDIUM,Large change from previous purchase price,PO_PRICE_KMEANS,V1,1.7329910716518928,2026-09-10 12:33:29
4502002362,00010,2026-12-08,1000,DE01,P100,V00026,MAT00007,100,EA,EUR,442.57,445.1600000000000,1,1,0.00,44516.00,451.15,420.72,5.19,620.63,443.13,1247.86,3,-28.69,1.7711908447572517,1,MEDIUM,Large deviation from alternative suppliers,PO_PRICE_KMEANS,V1,1.7329910716518928,2026-09-10 12:33:29
4502002256,00060,2026-09-07,1000,DE02,P100,V00042,MAT00036,50,EA,EUR,253.11,250.5600000000000,1,1,0.00,12528.00,255.53,225.43,12.28,343.88,248.95,618.56,3,-26.4,1.7705107698305087,1,MEDIUM,Large deviation from alternative suppliers,PO_PRICE_KMEANS,V1,1.7329910716518928,2026-09-10 12:33:29
4502002320,00050,2026-10-06,3000,US01,P300,V00037,MAT00059,20,EA,USD,525.18,530.7800000000000,1,1,0.00,10615.60,540.14,497.13,5.64,466.06,456.30,480.05,3,12.69,1.7696020461114916,1,MEDIUM,Unusual combination of price indicators,PO_PRICE_KMEANS,V1,1.7329910716518928,2026-09-10 12:33:29
4502002309,00060,2026-10-06,2000,IN01,P200,V00004,MAT00054,25,EA,INR,44806.87,44238.7200000000000,1,1,0.00,1105968.00,45050.07,40133.06,11.65,61044.25,41782.45,120951.93,3,-26.6,1.7632143751061604,1,MEDIUM,Large deviation from alternative suppliers,PO_PRICE_KMEANS,V1,1.7329910716518928,2026-09-10 12:33:29
4502002358,00040,2026-11-09,3000,US01,P300,V00046,MAT00046,75,EA,USD,378.30,374.5000000000000,1,1,0.00,28087.50,529.52,362.58,4.34,410.20,394.03,434.10,3,-7.78,1.7614421181721502,1,MEDIUM,Large change from previous purchase price,PO_PRICE_KMEANS,V1,1.7329910716518928,2026-09-10 12:33:29
4502002314,00060,2026-10-06,3000,US01,P300,V00007,MAT00024,5,EA,USD,349.15,341.6000000000000,1,1,0.00,1708.00,432.27,310.46,12.46,430.06,371.68,549.90,3,-18.81,1.759750555533593,1,MEDIUM,Unusual combination of price indicators,PO_PRICE_KMEANS,V1,1.7329910716518928,2026-09-10 12:33:29
4502002177,00030,2026-07-03,1000,DE02,P100,V00030,MAT00039,5,EA,EUR,485.88,476.8700000000000,1,1,0.00,2384.35,695.45,479.24,1.39,514.80,457.36,650.99,3,-5.62,1.7523298808279004,1,MEDIUM,Large change from previous purchase price,PO_PRICE_KMEANS,V1,1.7329910716518928,2026-09-10 12:33:29
4502002284,00040,2026-10-06,1000,DE01,P100,V00030,MAT00022,40,EA,EUR,342.06,347.9800000000000,1,1,0.00,13919.20,466.99,353.50,-3.24,393.28,341.96,543.87,3,-13.02,1.7463190351702822,1,MEDIUM,Large change from previous purchase price,PO_PRICE_KMEANS,V1,1.7329910716518928,2026-09-10 12:33:29
4502002346,00030,2026-11-09,2000,IN01,P200,V00037,MAT00033,40,EA,INR,15475.20,15559.3900000000000,1,1,0.00,622375.60,15676.26,14297.98,8.23,13913.45,13586.10,14233.06,3,11.22,1.7448978657539302,1,MEDIUM,Unusual combination of price indicators,PO_PRICE_KMEANS,V1,1.7329910716518928,2026-09-10 12:33:29
4502002261,00040,2026-09-07,2000,IN01,P200,V00005,MAT00004,48,EA,INR,39443.80,36577.6100000000000,1,0,137577.12,1755725.28,36399.05,34874.36,13.1,33992.48,31670.71,36498.67,3,16.04,1.742337983982539,1,MEDIUM,Unusual combination of price indicators,PO_PRICE_KMEANS,V1,1.7329910716518928,2026-09-10 12:33:29
4502002341,00010,2026-11-09,2000,IN01,P200,V00037,MAT00001,100,EA,INR,47256.25,46461.4200000000000,1,1,0.00,4646142.00,46080.88,43749.40,8.02,38101.58,25370.66,42408.57,3,24.03,1.736365627308929,1,MEDIUM,Unusual combination of price indicators,PO_PRICE_KMEANS,V1,1.7329910716518928,2026-09-10 12:33:29
4502002399,00010,2026-12-08,3000,US01,P300,V00007,MAT00049,100,EA,USD,484.66,426.0300000000000,1,0,5863.00,42603.00,427.30,413.29,17.27,475.03,449.15,500.14,3,2.03,1.7351657459442946,1,MEDIUM,PO price outside Info Record tolerance,PO_PRICE_KMEANS,V1,1.7329910716518928,2026-09-10 12:33:29
4502002272,00020,2026-09-07,3000,US01,P300,V00028,MAT00008,49,EA,USD,100.65,89.4400000000000,1,0,549.29,4382.56,90.54,87.15,15.49,90.42,75.79,117.87,3,11.31,1.727598965752164,0,LOW,PO price outside Info Record tolerance,PO_PRICE_KMEANS,V1,1.7329910716518928,2026-09-10 12:33:29
4502002223,00060,2026-08-04,2000,IN01,P200,V00026,MAT00018,48,EA,INR,16931.19,15438.8000000000000,1,0,71634.72,741062.40,15092.06,15275.23,10.84,14419.07,8822.61,16621.31,3,17.42,1.7257600188218616,0,LOW,No significant price anomaly,PO_PRICE_KMEANS,V1,1.7329910716518928,2026-09-10 12:33:29
4502002395,00030,2026-12-08,3000,US01,P300,V00023,MAT00027,8,EA,USD,531.17,352.7200000000000,1,0,1427.60,2821.76,354.95,341.51,55.54,378.37,353.98,407.68,3,40.38,1.7224775916134383,0,LOW,Large deviation from alternative suppliers,PO_PRICE_KMEANS,V1,1.7329910716518928,2026-09-10 12:33:29
4502002308,00050,2026-10-06,2000,IN01,P200,V00038,MAT00047,10,EA,INR,4464.70,4373.9100000000000,1,1,0.00,43739.10,4317.79,4080.76,9.41,3889.73,3685.19,3999.80,3,14.78,1.7201313573381045,0,LOW,No significant price anomaly,PO_PRICE_KMEANS,V1,1.7329910716518928,2026-09-10 12:33:29
4502002307,00020,2026-10-06,2000,IN01,P200,V00004,MAT00038,100,EA,INR,19145.98,19605.4600000000000,1,1,0.00,1960546.00,27336.11,18955.65,1.0,19300.35,18463.03,20349.61,3,-0.8,1.716592366812326,0,LOW,Large change from previous purchase price,PO_PRICE_KMEANS,V1,1.7329910716518928,2026-09-10 12:33:29
4502002382,00020,2026-12-08,2000,IN01,P200,V00010,MAT00008,10,EA,INR,7053.95,7233.2000000000000,1,1,0.00,72332.00,7195.27,6807.80,3.62,6367.25,6237.67,6485.39,3,10.78,1.7164147820393378,0,LOW,No significant price anomaly,PO_PRICE_KMEANS,V1,1.7329910716518928,2026-09-10 12:33:29
4502002214,00050,2026-08-04,1000,DE02,P100,V00037,MAT00023,8,EA,EUR,521.48,521.8000000000000,1,1,0.00,4174.40,521.42,486.50,7.19,464.26,452.33,474.24,3,12.32,1.7123000989777606,0,LOW,No significant price anomaly,PO_PRICE_KMEANS,V1,1.7329910716518928,2026-09-10 12:33:29
4502002366,00050,2026-12-08,1000,DE01,P100,V00014,MAT00035,40,EA,EUR,151.25,152.2600000000000,1,1,0.00,6090.40,209.66,152.18,-0.61,141.11,125.60,156.59,3,7.19,1.6978378774904281,0,LOW,Large change from previous purchase price,PO_PRICE_KMEANS,V1,1.7329910716518928,2026-09-10 12:33:29
4502002210,00040,2026-08-04,1000,DE01,P100,V00028,MAT00058,20,EA,EUR,282.89,282.1100000000000,1,1,0.00,5642.20,277.61,266.25,6.25,247.98,239.59,257.28,3,14.08,1.6842173494554287,0,LOW,No significant price anomaly,PO_PRICE_KMEANS,V1,1.7329910716518928,2026-09-10 12:33:29
4502002206,00010,2026-08-04,1000,DE01,P100,V00002,MAT00031,20,EA,EUR,216.93,212.0900000000000,1,1,0.00,4241.80,301.96,210.59,3.01,209.05,201.84,217.85,3,3.77,1.681361702263675,0,LOW,Large change from previous purchase price,PO_PRICE_KMEANS,V1,1.7329910716518928,2026-09-10 12:33:29
4502002304,00020,2026-10-06,2000,IN01,P200,V00032,MAT00020,10,EA,INR,33037.02,24064.2700000000000,1,0,89727.50,240642.70,24089.27,22836.77,44.67,24785.90,21665.41,32761.16,3,33.29,1.6780839692990335,0,LOW,Large deviation from alternative suppliers,PO_PRICE_KMEANS,V1,1.7329910716518928,2026-09-10 12:33:29
4502002250,00010,2026-09-07,1000,DE01,P100,V00033,MAT00055,15,EA,EUR,188.51,147.7100000000000,1,0,612.00,2215.65,151.27,142.03,32.73,152.01,146.72,160.61,3,24.01,1.665668976736894,0,LOW,Large deviation from supplier historical price,PO_PRICE_KMEANS,V1,1.7329910716518928,2026-09-10 12:33:29
4502002361,00040,2026-12-08,1000,DE01,P100,V00024,MAT00004,100,EA,EUR,500.05,370.2900000000000,1,0,12976.00,37029.00,361.98,357.05,40.05,408.99,342.72,570.07,3,22.26,1.6602902283182694,0,LOW,Large deviation from supplier historical price,PO_PRICE_KMEANS,V1,1.7329910716518928,2026-09-10 12:33:29
4502002274,00020,2026-09-07,3000,US01,P300,V00016,MAT00020,48,EA,USD,283.50,258.6800000000000,1,0,1191.36,12416.64,256.02,243.32,16.51,268.36,253.54,302.40,3,5.64,1.6588286052694545,0,LOW,No significant price anomaly,PO_PRICE_KMEANS,V1,1.7329910716518928,2026-09-10 12:33:29
4502002205,00020,2026-08-04,1000,DE01,P100,V00028,MAT00026,40,EA,EUR,124.07,125.9100000000000,1,1,0.00,5036.40,126.31,117.52,5.57,110.49,107.27,114.10,3,12.29,1.654269215344385,0,LOW,No significant price anomaly,PO_PRICE_KMEANS,V1,1.7329910716518928,2026-09-10 12:33:29
4502002237,00030,2026-08-04,3000,US01,P300,V00011,MAT00039,50,EA,USD,559.53,567.6100000000000,1,1,0.00,28380.50,575.35,530.23,5.53,762.77,557.36,1456.39,3,-26.64,1.6513461726302876,0,LOW,Large deviation from alternative suppliers,PO_PRICE_KMEANS,V1,1.7329910716518928,2026-09-10 12:33:29
4502002312,00020,2026-10-06,3000,US01,P300,V00007,MAT00008,15,EA,USD,73.28,75.0800000000000,1,1,0.00,1126.20,75.79,79.37,-7.67,95.81,82.18,117.87,3,-23.52,1.645764357547537,0,LOW,No significant price anomaly,PO_PRICE_KMEANS,V1,1.7329910716518928,2026-09-10 12:33:29
4502002294,00060,2026-10-06,1000,DE02,P100,V00033,MAT00024,50,EA,EUR,359.66,336.0300000000000,1,0,1181.50,16801.50,339.91,315.66,13.94,443.80,197.51,804.80,3,-18.96,1.6338833817564298,0,LOW,No significant price anomaly,PO_PRICE_KMEANS,V1,1.7329910716518928,2026-09-10 12:33:29
4502002256,00030,2026-09-07,1000,DE02,P100,V00012,MAT00033,40,EA,EUR,174.72,173.1100000000000,1,1,0.00,6924.40,176.73,163.99,6.54,158.81,155.22,162.01,3,10.02,1.6322987912331328,0,LOW,No significant price anomaly,PO_PRICE_KMEANS,V1,1.7329910716518928,2026-09-10 12:33:29
4502002367,00060,2026-12-08,1000,DE01,P100,V00028,MAT00042,15,EA,EUR,376.23,371.1000000000000,1,1,0.00,5566.50,380.36,354.23,6.21,305.98,210.16,337.40,3,22.96,1.6241300709912987,0,LOW,No significant price anomaly,PO_PRICE_KMEANS,V1,1.7329910716518928,2026-09-10 12:33:29
4502002295,00060,2026-10-06,1000,DE02,P100,V00017,MAT00030,49,EA,EUR,32.41,29.8300000000000,1,0,126.42,1461.67,40.51,28.69,12.97,35.71,30.65,42.84,3,-9.24,1.6200304551740676,0,LOW,No significant price anomaly,PO_PRICE_KMEANS,V1,1.7329910716518928,2026-09-10 12:33:29
4502002378,00040,2026-12-08,1000,DE02,P100,V00003,MAT00046,25,EA,EUR,351.13,348.1900000000000,1,1,0.00,8704.75,476.42,373.88,-6.08,363.49,346.25,390.41,3,-3.4,1.6186205774889144,0,LOW,Large change from previous purchase price,PO_PRICE_KMEANS,V1,1.7329910716518928,2026-09-10 12:33:29
4502002277,00030,2026-09-07,3000,US01,P300,V00018,MAT00039,40,EA,USD,565.03,563.8500000000000,1,1,0.00,22554.00,557.36,527.49,7.12,758.71,559.53,1456.39,3,-25.53,1.608863481189595,0,LOW,Large deviation from alternative suppliers,PO_PRICE_KMEANS,V1,1.7329910716518928,2026-09-10 12:33:29
4502002344,00050,2026-11-09,2000,IN01,P200,V00041,MAT00023,15,EA,INR,45610.08,45689.2300000000000,1,1,0.00,685338.45,45921.32,40760.80,11.9,59807.60,42663.09,106429.17,3,-23.74,1.5987473951034143,0,LOW,No significant price anomaly,PO_PRICE_KMEANS,V1,1.7329910716518928,2026-09-10 12:33:29
4502002376,00030,2026-12-08,1000,DE02,P100,V00033,MAT00033,15,EA,EUR,204.39,157.9400000000000,1,0,696.75,2369.10,161.07,153.21,33.41,163.01,157.05,174.72,3,25.38,1.5959633862966758,0,LOW,Large deviation from alternative suppliers,PO_PRICE_KMEANS,V1,1.7329910716518928,2026-09-10 12:33:29
4502002215,00050,2026-08-04,1000,DE02,P100,V00021,MAT00029,20,EA,EUR,544.61,538.7600000000000,1,1,0.00,10775.20,752.21,531.88,2.39,534.75,479.72,575.55,3,1.84,1.5906596761341472,0,LOW,Large change from previous purchase price,PO_PRICE_KMEANS,V1,1.7329910716518928,2026-09-10 12:33:29
4502002226,00020,2026-08-04,2000,IN01,P200,V00034,MAT00032,10,EA,INR,48087.85,37381.1300000000000,1,0,107067.20,373811.30,38068.92,35808.18,34.29,35114.02,33311.81,38244.38,3,36.95,1.5852413173991977,0,LOW,Large deviation from alternative suppliers,PO_PRICE_KMEANS,V1,1.7329910716518928,2026-09-10 12:33:29
4502002292,00060,2026-10-06,1000,DE02,P100,V00045,MAT00012,50,EA,EUR,467.57,432.7100000000000,1,0,1743.00,21635.50,424.00,404.59,15.57,443.64,433.15,462.39,3,5.39,1.5837908318747604,0,LOW,No significant price anomaly,PO_PRICE_KMEANS,V1,1.7329910716518928,2026-09-10 12:33:29
4502002177,00010,2026-07-03,1000,DE02,P100,V00038,MAT00037,10,EA,EUR,308.01,308.5400000000000,1,1,0.00,3085.40,314.79,289.15,6.52,278.09,269.90,283.66,3,10.76,1.5823897181215556,0,LOW,No significant price anomaly,PO_PRICE_KMEANS,V1,1.7329910716518928,2026-09-10 12:33:29
4502002274,00030,2026-09-07,3000,US01,P300,V00046,MAT00021,25,EA,USD,431.51,436.8400000000000,1,1,0.00,10921.00,436.00,437.12,-1.28,500.40,484.25,513.88,3,-13.77,1.5742390991843902,0,LOW,No significant price anomaly,PO_PRICE_KMEANS,V1,1.7329910716518928,2026-09-10 12:33:29
4502002242,00060,2026-09-07,1000,DE01,P100,V00007,MAT00012,20,EA,EUR,395.88,398.7500000000000,1,1,0.00,7975.00,408.55,464.22,-14.72,456.46,430.21,478.02,3,-13.27,1.5726287163950419,0,LOW,No significant price anomaly,PO_PRICE_KMEANS,V1,1.7329910716518928,2026-09-10 12:33:29
4502002345,00050,2026-11-09,2000,IN01,P200,V00025,MAT00029,15,EA,INR,52578.32,51819.9500000000000,1,1,0.00,777299.25,51392.63,50081.70,4.99,49787.02,49078.24,50236.85,3,5.61,1.5563793347659327,0,LOW,No significant price anomaly,PO_PRICE_KMEANS,V1,1.7329910716518928,2026-09-10 12:33:29
4502002213,00060,2026-08-04,1000,DE02,P100,V00015,MAT00018,5,EA,EUR,185.66,186.3400000000000,1,1,0.00,931.70,181.90,199.50,-6.94,154.28,118.15,187.11,3,20.34,1.5491902038736078,0,LOW,No significant price anomaly,PO_PRICE_KMEANS,V1,1.7329910716518928,2026-09-10 12:33:29
4502002365,00020,2026-12-08,1000,DE01,P100,V00028,MAT00026,8,EA,EUR,123.32,125.9100000000000,1,1,0.00,1007.28,124.07,117.99,4.52,109.81,107.27,114.10,3,12.3,1.546780343538726,0,LOW,No significant price anomaly,PO_PRICE_KMEANS,V1,1.7329910716518928,2026-09-10 12:33:29
4502002224,00060,2026-08-04,2000,IN01,P200,V00010,MAT00024,8,EA,INR,33155.30,32908.3600000000000,1,1,0.00,263266.88,33074.43,32156.86,3.1,27219.75,20988.49,29788.28,3,21.81,1.5465045138183149,0,LOW,No significant price anomaly,PO_PRICE_KMEANS,V1,1.7329910716518928,2026-09-10 12:33:29
4502002374,00050,2026-12-08,1000,DE02,P100,V00037,MAT00023,50,EA,EUR,519.90,521.8000000000000,1,1,0.00,26090.00,521.48,489.00,6.32,465.00,445.91,474.24,3,11.81,1.544525123001513,0,LOW,No significant price anomaly,PO_PRICE_KMEANS,V1,1.7329910716518928,2026-09-10 12:33:29
4502002181,00010,2026-07-03,2000,IN01,P200,V00037,MAT00001,50,EA,INR,46080.88,46461.4200000000000,1,1,0.00,2323071.00,46938.81,43570.05,5.76,41086.58,39600.65,42408.57,3,12.16,1.5423521751064764,0,LOW,No significant price anomaly,PO_PRICE_KMEANS,V1,1.7329910716518928,2026-09-10 12:33:29
4502002333,00010,2026-11-09,1000,DE02,P100,V00014,MAT00013,10,EA,EUR,239.01,234.3900000000000,1,1,0.00,2343.90,233.55,232.04,3.0,195.99,136.13,233.91,3,21.95,1.5414724499256511,0,LOW,No significant price anomaly,PO_PRICE_KMEANS,V1,1.7329910716518928,2026-09-10 12:33:29
4502002271,00010,2026-09-07,3000,US01,P300,V00034,MAT00001,10,EA,USD,571.77,565.3400000000000,1,1,0.00,5653.40,740.33,551.59,3.66,519.07,481.76,556.19,3,10.15,1.5412810298600368,0,LOW,No significant price anomaly,PO_PRICE_KMEANS,V1,1.7329910716518928,2026-09-10 12:33:29
4502002215,00060,2026-08-04,1000,DE02,P100,V00003,MAT00030,100,EA,EUR,30.65,30.3400000000000,1,1,0.00,3034.00,39.61,29.86,2.65,35.57,29.78,42.84,3,-13.83,1.5353906123389467,0,LOW,No significant price anomaly,PO_PRICE_KMEANS,V1,1.7329910716518928,2026-09-10 12:33:29
4502002358,00050,2026-11-09,3000,US01,P300,V00028,MAT00047,20,EA,USD,50.91,52.0500000000000,1,1,0.00,1041.00,53.27,48.46,5.06,45.76,45.16,47.56,3,11.25,1.5343523978641416,0,LOW,No significant price anomaly,PO_PRICE_KMEANS,V1,1.7329910716518928,2026-09-10 12:33:29
4502002238,00050,2026-08-04,3000,US01,P300,V00035,MAT00047,20,EA,USD,45.17,44.6100000000000,1,1,0.00,892.20,59.78,46.75,-3.38,49.07,45.60,53.27,3,-7.95,1.5316102418442517,0,LOW,No significant price anomaly,PO_PRICE_KMEANS,V1,1.7329910716518928,2026-09-10 12:33:29
4502002263,00030,2026-09-07,2000,IN01,P200,V00031,MAT00015,100,EA,INR,36973.11,36343.6000000000000,1,1,0.00,3634360.00,36067.20,35341.88,4.62,49046.87,22979.60,94462.34,3,-24.62,1.5258778582943342,0,LOW,No significant price anomaly,PO_PRICE_KMEANS,V1,1.7329910716518928,2026-09-10 12:33:29
4502002180,00020,2026-07-03,1000,DE02,P100,V00040,MAT00056,75,EA,EUR,523.87,514.9600000000000,1,1,0.00,38622.00,521.63,497.92,5.21,474.24,464.10,487.40,3,10.47,1.5244061042931143,0,LOW,No significant price anomaly,PO_PRICE_KMEANS,V1,1.7329910716518928,2026-09-10 12:33:29
4502002309,00020,2026-10-06,2000,IN01,P200,V00040,MAT00050,5,EA,INR,41474.85,41026.6100000000000,1,1,0.00,205133.05,40264.95,37289.90,11.22,53517.79,37319.87,116035.82,3,-22.5,1.5231380806942145,0,LOW,No significant price anomaly,PO_PRICE_KMEANS,V1,1.7329910716518928,2026-09-10 12:33:29
4502002210,00030,2026-08-04,1000,DE01,P100,V00046,MAT00057,40,EA,EUR,356.03,353.3500000000000,1,1,0.00,14134.00,356.35,336.39,5.84,470.22,372.64,628.59,3,-24.28,1.5180437216362561,0,LOW,No significant price anomaly,PO_PRICE_KMEANS,V1,1.7329910716518928,2026-09-10 12:33:29
4502002247,00020,2026-09-07,1000,DE01,P100,V00023,MAT00038,75,EA,EUR,179.54,183.0800000000000,1,1,0.00,13731.00,186.68,172.36,4.17,237.36,187.93,333.86,3,-24.36,1.5169434272790294,0,LOW,No significant price anomaly,PO_PRICE_KMEANS,V1,1.7329910716518928,2026-09-10 12:33:29
4502002328,00020,2026-11-09,1000,DE01,P100,V00041,MAT00044,10,EA,EUR,462.83,473.3800000000000,1,1,0.00,4733.80,464.68,443.58,4.34,612.56,448.48,841.23,3,-24.44,1.5127059589474772,0,LOW,No significant price anomaly,PO_PRICE_KMEANS,V1,1.7329910716518928,2026-09-10 12:33:29
4502002167,00060,2026-07-03,1000,DE01,P100,V00001,MAT00042,100,EA,EUR,336.27,331.3600000000000,1,1,0.00,33136.00,324.40,307.78,9.26,281.98,210.16,327.22,3,19.25,1.4938713412870812,0,LOW,No significant price anomaly,PO_PRICE_KMEANS,V1,1.7329910716518928,2026-09-10 12:33:29
4502002284,00050,2026-10-06,1000,DE01,P100,V00040,MAT00023,40,EA,EUR,542.06,529.2700000000000,1,1,0.00,21170.80,520.65,504.92,7.36,496.69,483.16,504.00,3,9.13,1.479062622665518,0,LOW,No significant price anomaly,PO_PRICE_KMEANS,V1,1.7329910716518928,2026-09-10 12:33:29
4502002390,00030,2026-12-08,2000,IN01,P200,V00020,MAT00057,5,EA,INR,39235.33,38807.7700000000000,1,1,0.00,194038.85,39324.08,36676.43,6.98,32642.23,24622.80,35442.51,3,20.2,1.4721635570066052,0,LOW,No significant price anomaly,PO_PRICE_KMEANS,V1,1.7329910716518928,2026-09-10 12:33:29
4502002213,00030,2026-08-04,1000,DE02,P100,V00013,MAT00015,49,EA,EUR,445.25,410.5400000000000,1,0,1700.79,20116.46,410.57,391.42,13.75,403.29,381.76,443.79,3,10.4,1.4639276532740428,0,LOW,No significant price anomaly,PO_PRICE_KMEANS,V1,1.7329910716518928,2026-09-10 12:33:29
4502002249,00020,2026-09-07,1000,DE01,P100,V00011,MAT00050,75,EA,EUR,428.14,427.0300000000000,1,1,0.00,32027.25,568.50,409.68,4.51,455.97,420.61,531.89,3,-6.1,1.4578853446327886,0,LOW,No significant price anomaly,PO_PRICE_KMEANS,V1,1.7329910716518928,2026-09-10 12:33:29
4502002230,00030,2026-08-04,2000,IN01,P200,V00020,MAT00057,100,EA,INR,39324.08,38807.7700000000000,1,1,0.00,3880777.00,38311.25,36472.76,7.82,32908.00,24622.80,35804.89,3,19.5,1.4533925325696533,0,LOW,No significant price anomaly,PO_PRICE_KMEANS,V1,1.7329910716518928,2026-09-10 12:33:29
4502002235,00050,2026-08-04,3000,US01,P300,V00043,MAT00029,40,EA,USD,538.29,529.3700000000000,1,1,0.00,21174.80,670.54,501.78,7.28,597.49,576.82,636.16,3,-9.91,1.4489417590031988,0,LOW,No significant price anomaly,PO_PRICE_KMEANS,V1,1.7329910716518928,2026-09-10 12:33:29
4502002380,00020,2026-12-08,1000,DE02,P100,V00047,MAT00056,8,EA,EUR,627.39,471.9700000000000,1,0,1243.36,3775.76,466.37,464.20,35.16,489.13,463.40,523.87,3,28.27,1.4480644702866148,0,LOW,Large deviation from alternative suppliers,PO_PRICE_KMEANS,V1,1.7329910716518928,2026-09-10 12:33:29
4502002243,00010,2026-09-07,1000,DE01,P100,V00037,MAT00013,8,EA,EUR,220.79,224.6900000000000,1,1,0.00,1797.52,287.74,209.10,5.59,208.78,194.39,222.07,3,5.75,1.4433464557284308,0,LOW,No significant price anomaly,PO_PRICE_KMEANS,V1,1.7329910716518928,2026-09-10 12:33:29
4502002256,00010,2026-09-07,1000,DE02,P100,V00020,MAT00031,10,EA,EUR,241.67,244.2600000000000,1,1,0.00,2442.60,241.25,241.15,0.22,215.75,210.11,222.87,3,12.01,1.4403170661640996,0,LOW,No significant price anomaly,PO_PRICE_KMEANS,V1,1.7329910716518928,2026-09-10 12:33:29
4502002347,00020,2026-11-09,2000,IN01,P200,V00011,MAT00038,100,EA,INR,26090.31,18885.5100000000000,1,0,720480.00,1888551.00,18463.03,17714.91,47.28,20837.68,18519.94,27336.11,3,25.21,1.4381284140260848,0,LOW,Large deviation from alternative suppliers,PO_PRICE_KMEANS,V1,1.7329910716518928,2026-09-10 12:33:29
4502002174,00020,2026-07-03,1000,DE02,P100,V00028,MAT00020,75,EA,EUR,282.32,275.9400000000000,1,1,0.00,20695.50,279.15,248.91,13.42,249.04,235.47,262.21,3,13.36,1.4243244989426476,0,LOW,No significant price anomaly,PO_PRICE_KMEANS,V1,1.7329910716518928,2026-09-10 12:33:29
4502002267,00030,2026-09-07,2000,IN01,P200,V00007,MAT00039,20,EA,INR,42721.89,43480.5600000000000,1,1,0.00,869611.20,42683.19,42495.78,0.53,55579.56,46293.03,82427.10,3,-23.13,1.4241351285313042,0,LOW,No significant price anomaly,PO_PRICE_KMEANS,V1,1.7329910716518928,2026-09-10 12:33:29
4502002393,00050,2026-12-08,3000,US01,P300,V00007,MAT00017,40,EA,USD,98.85,100.4300000000000,1,1,0.00,4017.20,98.89,102.33,-3.4,126.99,109.31,175.20,3,-22.16,1.4202555381835646,0,LOW,No significant price anomaly,PO_PRICE_KMEANS,V1,1.7329910716518928,2026-09-10 12:33:29
4502002264,00020,2026-09-07,2000,IN01,P200,V00005,MAT00020,25,EA,INR,24644.09,24557.4400000000000,1,1,0.00,613936.00,32761.16,24518.21,0.51,24662.96,21665.41,32701.29,3,-0.08,1.418173643737893,0,LOW,No significant price anomaly,PO_PRICE_KMEANS,V1,1.7329910716518928,2026-09-10 12:33:29
4502002233,00050,2026-08-04,3000,US01,P300,V00007,MAT00017,10,EA,USD,98.89,100.4300000000000,1,1,0.00,1004.30,100.23,102.60,-3.62,126.85,106.79,175.20,3,-22.04,1.4169267038713833,0,LOW,No significant price anomaly,PO_PRICE_KMEANS,V1,1.7329910716518928,2026-09-10 12:33:29
4502002349,00060,2026-11-09,2000,IN01,P200,V00011,MAT00054,50,EA,INR,42019.63,42614.2000000000000,1,1,0.00,2130710.00,55022.34,39713.35,5.81,43820.79,41782.45,45050.07,3,-4.11,1.4160819408239897,0,LOW,No significant price anomaly,PO_PRICE_KMEANS,V1,1.7329910716518928,2026-09-10 12:33:29
4502002376,00050,2026-12-08,1000,DE02,P100,V00025,MAT00035,100,EA,EUR,146.88,147.6900000000000,1,1,0.00,14769.00,191.65,140.79,4.33,142.20,137.17,145.25,3,3.29,1.413280231904274,0,LOW,No significant price anomaly,PO_PRICE_KMEANS,V1,1.7329910716518928,2026-09-10 12:33:29
4502002178,00020,2026-07-03,1000,DE02,P100,V00004,MAT00044,10,EA,EUR,515.37,508.0000000000000,1,1,0.00,5080.00,519.72,475.35,8.42,486.97,479.70,493.52,3,5.83,1.412711547688452,0,LOW,No significant price anomaly,PO_PRICE_KMEANS,V1,1.7329910716518928,2026-09-10 12:33:29
4502002182,00020,2026-07-03,2000,IN01,P200,V00003,MAT00008,10,EA,INR,6485.39,6534.5700000000000,1,1,0.00,65345.70,8570.44,6451.53,0.52,6814.94,6237.67,7907.59,3,-4.84,1.4126407373162098,0,LOW,No significant price anomaly,PO_PRICE_KMEANS,V1,1.7329910716518928,2026-09-10 12:33:29
4502002297,00020,2026-10-06,1000,DE02,P100,V00041,MAT00038,100,EA,EUR,195.15,197.3100000000000,1,1,0.00,19731.00,244.99,190.05,2.68,226.25,187.51,315.39,3,-13.75,1.4105408600559302,0,LOW,No significant price anomaly,PO_PRICE_KMEANS,V1,1.7329910716518928,2026-09-10 12:33:29
4502002334,00020,2026-11-09,1000,DE02,P100,V00028,MAT00020,40,EA,EUR,282.14,275.9400000000000,1,1,0.00,11037.60,282.32,251.30,12.27,246.63,235.47,262.04,3,14.4,1.4022913777251997,0,LOW,No significant price anomaly,PO_PRICE_KMEANS,V1,1.7329910716518928,2026-09-10 12:33:29
4502002271,00020,2026-09-07,3000,US01,P300,V00044,MAT00002,5,EA,USD,158.82,156.9000000000000,1,1,0.00,784.50,155.35,188.56,-15.77,174.72,158.34,183.32,3,-9.1,1.402035218051925,0,LOW,No significant price anomaly,PO_PRICE_KMEANS,V1,1.7329910716518928,2026-09-10 12:33:29
4502002282,00010,2026-10-06,1000,DE01,P100,V00040,MAT00007,10,EA,EUR,479.30,478.7100000000000,1,1,0.00,4787.10,484.47,460.17,4.16,442.84,433.15,451.15,3,8.23,1.3972804283909857,0,LOW,No significant price anomaly,PO_PRICE_KMEANS,V1,1.7329910716518928,2026-09-10 12:33:29
4502002223,00030,2026-08-04,2000,IN01,P200,V00024,MAT00015,10,EA,INR,38166.90,37306.3400000000000,1,1,0.00,373063.40,37262.55,36311.07,5.11,49172.98,22979.60,94462.34,3,-22.38,1.3963732382653835,0,LOW,No significant price anomaly,PO_PRICE_KMEANS,V1,1.7329910716518928,2026-09-10 12:33:29
4502002386,00020,2026-12-08,2000,IN01,P200,V00034,MAT00032,10,EA,INR,38151.21,37381.1300000000000,1,1,0.00,373811.30,48087.85,36685.30,4.0,35068.75,32272.02,38715.32,3,8.79,1.3858190830483004,0,LOW,No significant price anomaly,PO_PRICE_KMEANS,V1,1.7329910716518928,2026-09-10 12:33:29
4502002384,00060,2026-12-08,2000,IN01,P200,V00010,MAT00024,100,EA,INR,33000.68,32908.3600000000000,1,1,0.00,3290836.00,33155.30,32228.18,2.4,27614.17,20988.49,29935.35,3,19.51,1.3857609941385476,0,LOW,No significant price anomaly,PO_PRICE_KMEANS,V1,1.7329910716518928,2026-09-10 12:33:29
4502002385,00040,2026-12-08,2000,IN01,P200,V00022,MAT00028,40,EA,INR,34130.88,33642.6200000000000,1,1,0.00,1345704.80,33155.48,31752.75,7.49,28770.25,17039.47,33562.76,3,18.63,1.3791516712672935,0,LOW,No significant price anomaly,PO_PRICE_KMEANS,V1,1.7329910716518928,2026-09-10 12:33:29
4502002383,00040,2026-12-08,2000,IN01,P200,V00034,MAT00016,40,EA,INR,15568.01,15773.3800000000000,1,1,0.00,630935.20,20420.20,15017.71,3.66,16330.60,14240.51,20614.27,3,-4.67,1.376383877786607,0,LOW,No significant price anomaly,PO_PRICE_KMEANS,V1,1.7329910716518928,2026-09-10 12:33:29
4502002255,00060,2026-09-07,1000,DE02,P100,V00010,MAT00030,25,EA,EUR,32.87,33.5800000000000,1,1,0.00,839.50,42.84,32.25,1.92,35.10,30.65,40.51,3,-6.35,1.3725464302728407,0,LOW,No significant price anomaly,PO_PRICE_KMEANS,V1,1.7329910716518928,2026-09-10 12:33:29
4502002326,00050,2026-11-09,1000,DE01,P100,V00007,MAT00035,40,EA,EUR,125.60,128.3000000000000,1,1,0.00,5132.00,128.96,122.15,2.82,160.84,143.53,209.66,3,-21.91,1.372115636916245,0,LOW,No significant price anomaly,PO_PRICE_KMEANS,V1,1.7329910716518928,2026-09-10 12:33:29
4502002391,00060,2026-12-08,3000,US01,P300,V00001,MAT00006,8,EA,USD,337.09,338.5200000000000,1,1,0.00,2708.16,338.56,317.62,6.13,429.59,369.44,555.57,3,-21.53,1.3684728934923844,0,LOW,No significant price anomaly,PO_PRICE_KMEANS,V1,1.7329910716518928,2026-09-10 12:33:29
4502002296,00020,2026-10-06,1000,DE02,P100,V00009,MAT00032,40,EA,EUR,371.96,364.7000000000000,1,1,0.00,14588.00,361.42,341.46,8.93,344.04,336.58,354.18,3,8.12,1.367922208138344,0,LOW,No significant price anomaly,PO_PRICE_KMEANS,V1,1.7329910716518928,2026-09-10 12:33:29
4502002284,00020,2026-10-06,1000,DE01,P100,V00010,MAT00020,25,EA,EUR,268.36,261.9600000000000,1,1,0.00,6549.00,260.01,250.69,7.05,227.39,173.70,248.91,3,18.02,1.3659095607755847,0,LOW,No significant price anomaly,PO_PRICE_KMEANS,V1,1.7329910716518928,2026-09-10 12:33:29
4502002167,00040,2026-07-03,1000,DE01,P100,V00029,MAT00040,10,EA,EUR,270.04,274.4300000000000,1,1,0.00,2744.30,343.07,259.58,4.03,250.25,182.30,291.71,3,7.91,1.360601717925928,0,LOW,No significant price anomaly,PO_PRICE_KMEANS,V1,1.7329910716518928,2026-09-10 12:33:29
4502002261,00060,2026-09-07,2000,IN01,P200,V00045,MAT00006,100,EA,INR,28820.80,29418.4100000000000,1,1,0.00,2941841.00,29605.35,28172.11,2.3,36781.35,31356.97,44659.68,3,-21.64,1.354012448136504,0,LOW,No significant price anomaly,PO_PRICE_KMEANS,V1,1.7329910716518928,2026-09-10 12:33:29
4502002350,00040,2026-11-09,2000,IN01,P200,V00023,MAT00058,15,EA,INR,21630.85,21886.9600000000000,1,1,0.00,328304.40,22233.10,19917.34,8.6,22967.91,22596.51,23349.12,3,-5.82,1.3526776407351384,0,LOW,No significant price anomaly,PO_PRICE_KMEANS,V1,1.7329910716518928,2026-09-10 12:33:29
4502002336,00060,2026-11-09,1000,DE02,P100,V00028,MAT00036,20,EA,EUR,293.41,289.1800000000000,1,1,0.00,5783.60,289.04,271.60,8.03,259.27,248.95,275.25,3,13.17,1.345346673515465,0,LOW,No significant price anomaly,PO_PRICE_KMEANS,V1,1.7329910716518928,2026-09-10 12:33:29
4502002391,00050,2026-12-08,3000,US01,P300,V00019,MAT00005,15,EA,USD,573.83,436.5800000000000,1,0,2058.75,6548.70,428.92,424.92,35.04,441.05,399.52,453.37,3,30.11,1.338377101831771,0,LOW,Large deviation from alternative suppliers,PO_PRICE_KMEANS,V1,1.7329910716518928,2026-09-10 12:33:29
4502002337,00040,2026-11-09,1000,DE02,P100,V00040,MAT00040,10,EA,EUR,292.61,288.3600000000000,1,1,0.00,2883.60,283.01,277.06,5.61,247.86,186.31,271.78,3,18.05,1.3338300908643688,0,LOW,No significant price anomaly,PO_PRICE_KMEANS,V1,1.7329910716518928,2026-09-10 12:33:29
4502002377,00020,2026-12-08,1000,DE02,P100,V00027,MAT00038,20,EA,EUR,193.91,190.8700000000000,1,1,0.00,3817.40,187.51,179.22,8.2,242.66,195.15,339.07,3,-20.09,1.3319199371236288,0,LOW,No significant price anomaly,PO_PRICE_KMEANS,V1,1.7329910716518928,2026-09-10 12:33:29
4502002173,00010,2026-07-03,1000,DE02,P100,V00014,MAT00013,20,EA,EUR,233.55,234.3900000000000,1,1,0.00,4687.80,294.38,231.93,0.7,216.70,193.96,234.55,3,7.78,1.3310835585174148,0,LOW,No significant price anomaly,PO_PRICE_KMEANS,V1,1.7329910716518928,2026-09-10 12:33:29
4502002306,00010,2026-10-06,2000,IN01,P200,V00038,MAT00031,100,EA,INR,22266.58,22166.5700000000000,1,1,0.00,2216657.00,21987.29,20772.85,7.19,19707.17,18556.15,20401.50,3,12.99,1.3297973060995925,0,LOW,No significant price anomaly,PO_PRICE_KMEANS,V1,1.7329910716518928,2026-09-10 12:33:29
4502002253,00060,2026-09-07,1000,DE02,P100,V00022,MAT00018,10,EA,EUR,185.92,184.4500000000000,1,1,0.00,1844.50,187.11,179.32,3.68,156.33,118.15,185.66,3,18.93,1.328694401691004,0,LOW,No significant price anomaly,PO_PRICE_KMEANS,V1,1.7329910716518928,2026-09-10 12:33:29
4502002356,00050,2026-11-09,3000,US01,P300,V00040,MAT00035,8,EA,USD,164.71,160.9200000000000,1,1,0.00,1287.36,161.84,157.07,4.86,139.69,109.79,149.23,3,17.91,1.326369876083246,0,LOW,No significant price anomaly,PO_PRICE_KMEANS,V1,1.7329910716518928,2026-09-10 12:33:29
4502002175,00020,2026-07-03,1000,DE02,P100,V00012,MAT00026,10,EA,EUR,126.76,123.8600000000000,1,1,0.00,1238.60,126.07,115.14,10.09,109.66,90.91,123.60,3,15.59,1.3261106066115633,0,LOW,No significant price anomaly,PO_PRICE_KMEANS,V1,1.7329910716518928,2026-09-10 12:33:29
4502002387,00040,2026-12-08,2000,IN01,P200,V00010,MAT00040,15,EA,INR,26627.94,26168.3000000000000,1,1,0.00,392524.50,25962.00,24034.03,10.79,23734.59,23118.65,25438.64,3,12.19,1.324903790783012,0,LOW,No significant price anomaly,PO_PRICE_KMEANS,V1,1.7329910716518928,2026-09-10 12:33:29
4502002273,00060,2026-09-07,3000,US01,P300,V00044,MAT00018,100,EA,USD,165.22,167.9000000000000,1,1,0.00,16790.00,189.88,176.45,-6.36,186.08,172.01,190.63,3,-11.21,1.32346747437876,0,LOW,No significant price anomaly,PO_PRICE_KMEANS,V1,1.7329910716518928,2026-09-10 12:33:29
4502002381,00040,2026-12-08,2000,IN01,P200,V00046,MAT00004,8,EA,INR,32598.37,32295.7300000000000,1,1,0.00,258365.84,31670.71,30204.55,7.93,40736.10,34070.82,58170.67,3,-19.98,1.3209179645996931,0,LOW,No significant price anomaly,PO_PRICE_KMEANS,V1,1.7329910716518928,2026-09-10 12:33:29
4502002340,00040,2026-11-09,1000,DE02,P100,V00012,MAT00058,25,EA,EUR,282.92,277.5200000000000,1,1,0.00,6938.00,280.18,268.40,5.41,240.13,194.35,271.13,3,17.82,1.3199367219780052,0,LOW,No significant price anomaly,PO_PRICE_KMEANS,V1,1.7329910716518928,2026-09-10 12:33:29
4502002187,00040,2026-07-03,2000,IN01,P200,V00003,MAT00040,48,EA,INR,25438.64,23640.8200000000000,1,0,86295.36,1134759.36,28389.00,22433.65,13.4,23835.10,23057.64,25935.77,3,6.73,1.3185000583451494,0,LOW,No significant price anomaly,PO_PRICE_KMEANS,V1,1.7329910716518928,2026-09-10 12:33:29
4502002164,00010,2026-07-03,1000,DE01,P100,V00007,MAT00019,40,EA,EUR,130.28,130.2200000000000,1,1,0.00,5208.80,129.20,120.63,8.0,152.19,144.61,157.38,3,-14.4,1.3144126358346107,0,LOW,No significant price anomaly,PO_PRICE_KMEANS,V1,1.7329910716518928,2026-09-10 12:33:29
4502002319,00060,2026-10-06,3000,US01,P300,V00015,MAT00054,5,EA,USD,542.32,539.4200000000000,1,1,0.00,2697.10,528.10,503.93,7.62,463.32,347.73,536.26,3,17.05,1.3142817371670272,0,LOW,No significant price anomaly,PO_PRICE_KMEANS,V1,1.7329910716518928,2026-09-10 12:33:29
4502002345,00060,2026-11-09,2000,IN01,P200,V00035,MAT00030,20,EA,INR,2749.97,2807.7200000000000,1,1,0.00,56154.40,2839.56,2547.43,7.95,3190.13,3024.38,3323.89,3,-13.8,1.3119644688728562,0,LOW,No significant price anomaly,PO_PRICE_KMEANS,V1,1.7329910716518928,2026-09-10 12:33:29
4502002306,00040,2026-10-06,2000,IN01,P200,V00040,MAT00034,5,EA,INR,53511.62,52491.2200000000000,1,1,0.00,262456.10,51929.12,49262.58,8.63,49134.27,47374.41,50000.79,3,8.91,1.3115958330233535,0,LOW,No significant price anomaly,PO_PRICE_KMEANS,V1,1.7329910716518928,2026-09-10 12:33:29
4502002279,00020,2026-09-07,3000,US01,P300,V00044,MAT00050,40,EA,USD,406.93,414.9100000000000,1,1,0.00,16596.40,404.55,390.08,4.32,516.76,426.16,739.52,3,-21.25,1.3115178639480654,0,LOW,No significant price anomaly,PO_PRICE_KMEANS,V1,1.7329910716518928,2026-09-10 12:33:29
4502002320,00020,2026-10-06,3000,US01,P300,V00007,MAT00056,100,EA,USD,477.21,485.1000000000000,1,1,0.00,48510.00,486.54,483.92,-1.39,555.57,525.16,573.36,3,-14.1,1.3071990254266495,0,LOW,No significant price anomaly,PO_PRICE_KMEANS,V1,1.7329910716518928,2026-09-10 12:33:29
4502002170,00030,2026-07-03,1000,DE01,P100,V00039,MAT00057,500,EA,EUR,385.67,378.6300000000000,1,1,0.00,189315.00,372.64,351.89,9.6,469.94,356.35,628.59,3,-17.93,1.3053753252029645,0,LOW,No significant price anomaly,PO_PRICE_KMEANS,V1,1.7329910716518928,2026-09-10 12:33:29
4502002229,00010,2026-08-04,2000,IN01,P200,V00044,MAT00049,50,EA,INR,36215.51,36076.0500000000000,1,1,0.00,1803802.50,35836.53,34690.61,4.4,45709.15,37183.05,56569.80,3,-20.77,1.2984824495773228,0,LOW,No significant price anomaly,PO_PRICE_KMEANS,V1,1.7329910716518928,2026-09-10 12:33:29
4502002174,00030,2026-07-03,1000,DE02,P100,V00038,MAT00021,25,EA,EUR,468.83,467.2000000000000,1,1,0.00,11680.00,512.16,436.04,7.52,423.23,407.93,438.75,3,10.77,1.298040177004699,0,LOW,No significant price anomaly,PO_PRICE_KMEANS,V1,1.7329910716518928,2026-09-10 12:33:29
4502002386,00050,2026-12-08,2000,IN01,P200,V00036,MAT00035,15,EA,INR,13688.64,13394.7600000000000,1,1,0.00,200921.40,13212.41,12590.94,8.72,12495.99,12029.94,12792.47,3,9.54,1.2979132312882988,0,LOW,No significant price anomaly,PO_PRICE_KMEANS,V1,1.7329910716518928,2026-09-10 12:33:29
4502002193,00020,2026-07-03,3000,US01,P300,V00046,MAT00014,40,EA,USD,77.29,76.0900000000000,1,1,0.00,3043.60,77.07,72.88,6.05,97.31,81.62,140.38,3,-20.57,1.2930107582602606,0,LOW,No significant price anomaly,PO_PRICE_KMEANS,V1,1.7329910716518928,2026-09-10 12:33:29
4502002161,00030,2026-07-03,1000,DE01,P100,V00007,MAT00003,15,EA,EUR,101.42,102.9400000000000,1,1,0.00,1544.10,101.82,95.29,6.43,118.04,113.28,124.27,3,-14.08,1.2914988844582838,0,LOW,No significant price anomaly,PO_PRICE_KMEANS,V1,1.7329910716518928,2026-09-10 12:33:29
4502002296,00060,2026-10-06,1000,DE02,P100,V00021,MAT00036,50,EA,EUR,263.50,269.0100000000000,1,1,0.00,13450.50,275.25,253.00,4.15,333.04,248.95,618.56,3,-20.88,1.2897407783220938,0,LOW,No significant price anomaly,PO_PRICE_KMEANS,V1,1.7329910716518928,2026-09-10 12:33:29
4502002207,00050,2026-08-04,1000,DE01,P100,V00046,MAT00041,20,EA,EUR,356.39,348.3900000000000,1,1,0.00,6967.80,439.87,332.35,7.23,381.77,365.77,395.18,3,-6.65,1.2871758427477349,0,LOW,No significant price anomaly,PO_PRICE_KMEANS,V1,1.7329910716518928,2026-09-10 12:33:29
4502002244,00040,2026-09-07,1000,DE01,P100,V00023,MAT00022,10,EA,EUR,341.96,342.0300000000000,1,1,0.00,3420.30,342.50,319.74,6.95,427.50,353.53,543.87,3,-20.01,1.2845570789675709,0,LOW,No significant price anomaly,PO_PRICE_KMEANS,V1,1.7329910716518928,2026-09-10 12:33:29
4502002217,00020,2026-08-04,1000,DE02,P100,V00027,MAT00038,75,EA,EUR,187.51,190.8700000000000,1,1,0.00,14315.25,194.26,178.58,5.0,235.49,192.59,315.39,3,-20.37,1.2800469264846293,0,LOW,No significant price anomaly,PO_PRICE_KMEANS,V1,1.7329910716518928,2026-09-10 12:33:29
4502002229,00040,2026-08-04,2000,IN01,P200,V00046,MAT00052,10,EA,INR,27604.16,27748.2100000000000,1,1,0.00,277482.10,27283.09,25703.55,7.39,30743.85,29875.39,31526.42,3,-10.21,1.2796618287865438,0,LOW,No significant price anomaly,PO_PRICE_KMEANS,V1,1.7329910716518928,2026-09-10 12:33:29
4502002212,00010,2026-08-04,1000,DE02,P100,V00037,MAT00007,75,EA,EUR,468.31,471.9600000000000,1,1,0.00,35397.00,465.66,480.73,-2.58,422.33,405.06,434.34,3,10.89,1.2723263812468866,0,LOW,No significant price anomaly,PO_PRICE_KMEANS,V1,1.7329910716518928,2026-09-10 12:33:29
4502002298,00060,2026-10-06,1000,DE02,P100,V00009,MAT00048,8,EA,EUR,449.81,440.4700000000000,1,1,0.00,3523.76,430.96,411.14,9.41,423.00,411.51,429.71,3,6.34,1.2685632262737205,0,LOW,No significant price anomaly,PO_PRICE_KMEANS,V1,1.7329910716518928,2026-09-10 12:33:29
4502002312,00060,2026-10-06,3000,US01,P300,V00019,MAT00012,40,EA,USD,652.15,479.3500000000000,1,0,6912.00,19174.00,485.10,448.69,45.35,438.16,304.86,489.80,3,48.84,1.267393414362696,0,LOW,Large deviation from alternative suppliers,PO_PRICE_KMEANS,V1,1.7329910716518928,2026-09-10 12:33:29
4502002263,00040,2026-09-07,2000,IN01,P200,V00041,MAT00016,5,EA,INR,14672.98,14390.5200000000000,1,1,0.00,71952.60,14097.41,14439.27,1.62,18218.79,15133.51,20614.27,3,-19.46,1.2651059740124726,0,LOW,No significant price anomaly,PO_PRICE_KMEANS,V1,1.7329910716518928,2026-09-10 12:33:29
4502002324,00010,2026-11-09,1000,DE01,P100,V00007,MAT00019,5,EA,EUR,128.13,130.2200000000000,1,1,0.00,651.10,130.28,121.32,5.61,151.58,142.56,158.17,3,-15.47,1.257149549983276,0,LOW,No significant price anomaly,PO_PRICE_KMEANS,V1,1.7329910716518928,2026-09-10 12:33:29
4502002250,00020,2026-09-07,1000,DE01,P100,V00043,MAT00056,75,EA,EUR,452.85,447.0700000000000,1,1,0.00,33530.25,448.86,425.92,6.32,565.55,480.21,852.44,3,-19.93,1.2536985099027156,0,LOW,No significant price anomaly,PO_PRICE_KMEANS,V1,1.7329910716518928,2026-09-10 12:33:29
4502002180,00040,2026-07-03,1000,DE02,P100,V00012,MAT00058,50,EA,EUR,280.18,277.5200000000000,1,1,0.00,13876.00,274.68,267.49,4.74,239.42,194.35,274.36,3,17.02,1.2534391239904632,0,LOW,No significant price anomaly,PO_PRICE_KMEANS,V1,1.7329910716518928,2026-09-10 12:33:29
4502002251,00040,2026-09-07,1000,DE02,P100,V00042,MAT00004,8,EA,EUR,352.77,356.1100000000000,1,1,0.00,2848.88,443.04,356.72,-1.11,378.25,349.79,413.18,3,-6.74,1.2522195959245987,0,LOW,No significant price anomaly,PO_PRICE_KMEANS,V1,1.7329910716518928,2026-09-10 12:33:29
4502002298,00040,2026-10-06,1000,DE02,P100,V00017,MAT00046,40,EA,EUR,346.25,342.3700000000000,1,1,0.00,13694.80,349.82,342.87,0.99,433.26,372.77,544.80,3,-20.08,1.25196491845074,0,LOW,No significant price anomaly,PO_PRICE_KMEANS,V1,1.7329910716518928,2026-09-10 12:33:29
4502002225,00010,2026-08-04,2000,IN01,P200,V00020,MAT00025,40,EA,INR,33255.99,32502.5600000000000,1,1,0.00,1300102.40,32688.02,30441.50,9.25,29705.68,28729.53,31738.59,3,11.95,1.2511810895018949,0,LOW,No significant price anomaly,PO_PRICE_KMEANS,V1,1.7329910716518928,2026-09-10 12:33:29
4502002272,00040,2026-09-07,3000,US01,P300,V00020,MAT00010,15,EA,USD,112.86,113.0200000000000,1,1,0.00,1695.30,113.15,106.88,5.6,96.15,60.71,109.44,3,17.38,1.2489820389378485,0,LOW,No significant price anomaly,PO_PRICE_KMEANS,V1,1.7329910716518928,2026-09-10 12:33:29
4502002282,00040,2026-10-06,1000,DE01,P100,V00042,MAT00010,75,EA,EUR,88.24,89.5000000000000,1,1,0.00,6712.50,110.73,86.39,2.14,95.43,88.18,104.44,3,-7.53,1.2434969415155332,0,LOW,No significant price anomaly,PO_PRICE_KMEANS,V1,1.7329910716518928,2026-09-10 12:33:29
4502002187,00010,2026-07-03,2000,IN01,P200,V00001,MAT00037,150,EA,INR,25436.98,25857.4200000000000,1,1,0.00,3878613.00,32439.92,25460.81,-0.09,25666.21,25178.98,27140.73,3,-0.89,1.242705175872191,0,LOW,No significant price anomaly,PO_PRICE_KMEANS,V1,1.7329910716518928,2026-09-10 12:33:29
4502002168,00050,2026-07-03,1000,DE01,P100,V00043,MAT00047,40,EA,EUR,39.72,40.2600000000000,1,1,0.00,1610.40,41.16,38.27,3.79,42.53,41.90,43.44,3,-6.61,1.239359130134081,0,LOW,No significant price anomaly,PO_PRICE_KMEANS,V1,1.7329910716518928,2026-09-10 12:33:29
4502002205,00060,2026-08-04,1000,DE01,P100,V00040,MAT00030,64,EA,EUR,34.07,34.2700000000000,1,1,0.00,2193.28,33.46,36.43,-6.48,31.76,30.85,32.35,3,7.27,1.2350881232460125,0,LOW,No significant price anomaly,PO_PRICE_KMEANS,V1,1.7329910716518928,2026-09-10 12:33:29
4502002242,00020,2026-09-07,1000,DE01,P100,V00043,MAT00008,20,EA,EUR,70.45,69.2000000000000,1,1,0.00,1384.00,69.16,64.76,8.79,85.87,75.42,116.78,3,-17.96,1.233157430401538,0,LOW,No significant price anomaly,PO_PRICE_KMEANS,V1,1.7329910716518928,2026-09-10 12:33:29
4502002380,00050,2026-12-08,1000,DE02,P100,V00001,MAT00059,8,EA,EUR,448.40,456.6000000000000,1,1,0.00,3652.80,445.47,442.04,1.44,561.95,432.54,774.90,3,-20.21,1.2330646553202789,0,LOW,No significant price anomaly,PO_PRICE_KMEANS,V1,1.7329910716518928,2026-09-10 12:33:29
4502002259,00030,2026-09-07,1000,DE02,P100,V00032,MAT00051,25,EA,EUR,305.65,301.2800000000000,1,1,0.00,7532.00,387.04,296.71,3.01,300.04,292.23,309.13,3,1.87,1.2319415101548743,0,LOW,No significant price anomaly,PO_PRICE_KMEANS,V1,1.7329910716518928,2026-09-10 12:33:29
4502002233,00010,2026-08-04,3000,US01,P300,V00043,MAT00013,15,EA,USD,217.55,215.0700000000000,1,1,0.00,3226.05,218.91,200.59,8.46,243.67,234.16,254.29,3,-10.72,1.2319207451033583,0,LOW,No significant price anomaly,PO_PRICE_KMEANS,V1,1.7329910716518928,2026-09-10 12:33:29
4502002206,00050,2026-08-04,1000,DE01,P100,V00014,MAT00035,40,EA,EUR,209.66,152.2600000000000,1,0,2296.00,6090.40,151.35,147.76,41.89,142.43,128.96,156.59,3,47.2,1.2273395639944673,0,LOW,Large deviation from alternative suppliers,PO_PRICE_KMEANS,V1,1.7329910716518928,2026-09-10 12:33:29
4502002317,00060,2026-10-06,3000,US01,P300,V00027,MAT00042,75,EA,USD,356.15,352.3700000000000,0,0,0.00,0.00,356.01,329.87,7.97,436.28,373.49,575.56,3,-18.37,1.2269062374745485,0,LOW,No significant price anomaly,PO_PRICE_KMEANS,V1,1.7329910716518928,2026-09-10 12:33:29
4502002199,00060,2026-07-03,3000,US01,P300,V00022,MAT00054,20,EA,USD,536.26,533.9700000000000,1,1,0.00,10679.40,529.25,483.64,10.88,468.40,347.73,528.10,3,14.49,1.2256123751068762,0,LOW,No significant price anomaly,PO_PRICE_KMEANS,V1,1.7329910716518928,2026-09-10 12:33:29
4502002339,00040,2026-11-09,1000,DE02,P100,V00028,MAT00052,25,EA,EUR,352.51,353.1400000000000,1,1,0.00,8828.50,351.03,329.32,7.04,313.56,300.67,331.59,3,12.42,1.2246526494831642,0,LOW,No significant price anomaly,PO_PRICE_KMEANS,V1,1.7329910716518928,2026-09-10 12:33:29
4502002289,00040,2026-10-06,1000,DE01,P100,V00010,MAT00052,25,EA,EUR,335.95,335.2400000000000,1,1,0.00,8381.00,339.20,312.93,7.36,311.34,301.16,317.72,3,7.9,1.2204295212236584,0,LOW,No significant price anomaly,PO_PRICE_KMEANS,V1,1.7329910716518928,2026-09-10 12:33:29
4502002185,00060,2026-07-03,2000,IN01,P200,V00035,MAT00030,25,EA,INR,2839.56,2807.7200000000000,1,1,0.00,70193.00,2846.08,2524.96,12.46,3186.58,3024.38,3293.65,3,-10.89,1.2157867753122122,0,LOW,No significant price anomaly,PO_PRICE_KMEANS,V1,1.7329910716518928,2026-09-10 12:33:29
4502002393,00020,2026-12-08,3000,US01,P300,V00025,MAT00014,100,EA,USD,87.12,86.6400000000000,1,1,0.00,8664.00,85.90,80.69,7.97,75.40,56.80,86.52,3,15.54,1.2133325635038321,0,LOW,No significant price anomaly,PO_PRICE_KMEANS,V1,1.7329910716518928,2026-09-10 12:33:29
4502002207,00020,2026-08-04,1000,DE01,P100,V00016,MAT00038,5,EA,EUR,191.16,188.4400000000000,1,1,0.00,942.20,187.93,180.62,5.84,236.88,186.68,333.86,3,-19.3,1.2127523639575695,0,LOW,No significant price anomaly,PO_PRICE_KMEANS,V1,1.7329910716518928,2026-09-10 12:33:29
4502002215,00010,2026-08-04,1000,DE02,P100,V00009,MAT00025,50,EA,EUR,319.40,311.8200000000000,1,1,0.00,15591.00,317.09,288.86,10.57,282.20,225.75,308.63,3,13.18,1.212435771614472,0,LOW,No significant price anomaly,PO_PRICE_KMEANS,V1,1.7329910716518928,2026-09-10 12:33:29
4502002321,00030,2026-11-09,1000,DE01,P100,V00007,MAT00003,100,EA,EUR,103.17,102.9400000000000,1,1,0.00,10294.00,101.42,95.73,7.77,119.59,113.28,124.64,3,-13.73,1.208498429381287,0,LOW,No significant price anomaly,PO_PRICE_KMEANS,V1,1.7329910716518928,2026-09-10 12:33:29
4502002280,00060,2026-09-07,3000,US01,P300,V00040,MAT00060,8,EA,USD,606.27,608.7900000000000,1,1,0.00,4870.32,615.74,619.18,-2.09,571.56,560.97,581.09,3,6.07,1.2071157744743721,0,LOW,No significant price anomaly,PO_PRICE_KMEANS,V1,1.7329910716518928,2026-09-10 12:33:29
4502002295,00050,2026-10-06,1000,DE02,P100,V00007,MAT00029,15,EA,EUR,493.33,486.1700000000000,1,1,0.00,7292.55,479.72,462.45,6.68,603.25,544.61,752.21,3,-18.22,1.2064901334514255,0,LOW,No significant price anomaly,PO_PRICE_KMEANS,V1,1.7329910716518928,2026-09-10 12:33:29
4502002330,00040,2026-11-09,1000,DE01,P100,V00001,MAT00058,8,EA,EUR,329.92,251.9000000000000,1,0,624.16,2015.20,250.24,241.38,36.68,252.97,239.15,282.89,3,30.42,1.1991051069236052,0,LOW,Large deviation from alternative suppliers,PO_PRICE_KMEANS,V1,1.7329910716518928,2026-09-10 12:33:29
4502002381,00030,2026-12-08,2000,IN01,P200,V00036,MAT00003,40,EA,INR,10942.11,10746.5600000000000,1,1,0.00,429862.40,10666.25,9967.41,9.78,10138.60,9755.29,10447.82,3,7.93,1.1970417716019155,0,LOW,No significant price anomaly,PO_PRICE_KMEANS,V1,1.7329910716518928,2026-09-10 12:33:29
4502002179,00040,2026-07-03,1000,DE02,P100,V00028,MAT00052,10,EA,EUR,351.03,353.1400000000000,1,1,0.00,3531.40,344.80,327.65,7.14,313.82,299.89,331.59,3,11.86,1.1875221702275653,0,LOW,No significant price anomaly,PO_PRICE_KMEANS,V1,1.7329910716518928,2026-09-10 12:33:29
4502002371,00040,2026-12-08,1000,DE02,P100,V00035,MAT00004,8,EA,EUR,348.90,352.3100000000000,1,1,0.00,2818.48,352.45,330.54,5.55,430.91,352.77,618.31,3,-19.03,1.185891662643767,0,LOW,No significant price anomaly,PO_PRICE_KMEANS,V1,1.7329910716518928,2026-09-10 12:33:29
4502002253,00030,2026-09-07,1000,DE02,P100,V00020,MAT00015,10,EA,EUR,597.16,450.1700000000000,1,0,1469.90,4501.70,443.79,419.73,42.27,409.35,392.59,445.25,3,45.88,1.1841288537376218,0,LOW,Large deviation from alternative suppliers,PO_PRICE_KMEANS,V1,1.7329910716518928,2026-09-10 12:33:29
4502002196,00040,2026-07-03,3000,US01,P300,V00010,MAT00034,8,EA,USD,617.54,603.9300000000000,1,1,0.00,4831.44,613.90,558.95,10.48,551.24,519.15,613.91,3,12.03,1.1825405436540493,0,LOW,No significant price anomaly,PO_PRICE_KMEANS,V1,1.7329910716518928,2026-09-10 12:33:29
4502002356,00040,2026-11-09,3000,US01,P300,V00010,MAT00034,8,EA,USD,614.39,603.9300000000000,1,1,0.00,4831.44,617.54,563.14,9.1,547.75,522.18,596.61,3,12.17,1.181486656266192,0,LOW,No significant price anomaly,PO_PRICE_KMEANS,V1,1.7329910716518928,2026-09-10 12:33:29
4502002208,00030,2026-08-04,1000,DE01,P100,V00010,MAT00045,15,EA,EUR,467.51,460.0600000000000,1,1,0.00,6900.90,466.63,418.47,11.72,421.11,405.61,460.57,3,11.02,1.1802277631774594,0,LOW,No significant price anomaly,PO_PRICE_KMEANS,V1,1.7329910716518928,2026-09-10 12:33:29
4502002271,00050,2026-09-07,3000,US01,P300,V00046,MAT00005,8,EA,USD,399.52,399.0800000000000,1,1,0.00,3192.64,397.02,373.80,6.88,445.08,428.92,459.73,3,-10.24,1.17301292286871,0,LOW,No significant price anomaly,PO_PRICE_KMEANS,V1,1.7329910716518928,2026-09-10 12:33:29
4502002335,00030,2026-11-09,1000,DE02,P100,V00042,MAT00027,25,EA,EUR,330.21,335.5600000000000,1,1,0.00,8389.00,396.46,330.83,-0.19,368.68,343.64,418.16,3,-10.43,1.1699739594471106,0,LOW,No significant price anomaly,PO_PRICE_KMEANS,V1,1.7329910716518928,2026-09-10 12:33:29
4502002355,00010,2026-11-09,3000,US01,P300,V00024,MAT00025,20,EA,USD,451.53,341.5000000000000,1,0,2200.60,6830.00,346.57,323.26,39.68,310.90,230.37,364.54,3,45.23,1.169960802130684,0,LOW,Large deviation from alternative suppliers,PO_PRICE_KMEANS,V1,1.7329910716518928,2026-09-10 12:33:29
4502002340,00050,2026-11-09,1000,DE02,P100,V00042,MAT00059,5,EA,EUR,448.51,443.0600000000000,1,1,0.00,2215.30,432.54,411.73,8.93,541.88,335.22,774.90,3,-17.23,1.1686395852527096,0,LOW,No significant price anomaly,PO_PRICE_KMEANS,V1,1.7329910716518928,2026-09-10 12:33:29
4502002329,00030,2026-11-09,1000,DE01,P100,V00007,MAT00051,100,EA,EUR,267.61,268.5300000000000,1,1,0.00,26853.00,274.53,267.33,0.1,312.80,295.26,326.22,3,-14.45,1.1682974979015055,0,LOW,No significant price anomaly,PO_PRICE_KMEANS,V1,1.7329910716518928,2026-09-10 12:33:29
4502002188,00020,2026-07-03,2000,IN01,P200,V00015,MAT00044,5,EA,INR,48796.81,48857.1600000000000,1,1,0.00,244285.80,48482.19,47647.39,2.41,41958.67,31651.24,48433.92,3,16.3,1.167675034777893,0,LOW,No significant price anomaly,PO_PRICE_KMEANS,V1,1.7329910716518928,2026-09-10 12:33:29
4502002227,00050,2026-08-04,2000,IN01,P200,V00020,MAT00041,20,EA,INR,37590.51,38262.7700000000000,1,1,0.00,765255.40,37328.78,36446.04,3.14,33957.66,33152.43,35702.43,3,10.7,1.1673341670550403,0,LOW,No significant price anomaly,PO_PRICE_KMEANS,V1,1.7329910716518928,2026-09-10 12:33:29
4502002175,00040,2026-07-03,1000,DE02,P100,V00004,MAT00028,25,EA,EUR,360.96,353.3800000000000,1,1,0.00,8834.50,347.61,347.51,3.87,339.37,333.56,345.14,3,6.36,1.1654510860133325,0,LOW,No significant price anomaly,PO_PRICE_KMEANS,V1,1.7329910716518928,2026-09-10 12:33:29
4502002210,00050,2026-08-04,1000,DE01,P100,V00038,MAT00059,15,EA,EUR,511.64,504.4800000000000,1,1,0.00,7567.20,498.50,470.50,8.74,449.37,326.06,500.14,3,13.86,1.1644344785381047,0,LOW,No significant price anomaly,PO_PRICE_KMEANS,V1,1.7329910716518928,2026-09-10 12:33:29
4502002246,00030,2026-09-07,1000,DE01,P100,V00001,MAT00033,75,EA,EUR,153.71,157.1300000000000,1,1,0.00,11784.75,158.44,147.08,4.51,175.63,164.15,180.13,3,-12.48,1.1634921072213988,0,LOW,No significant price anomaly,PO_PRICE_KMEANS,V1,1.7329910716518928,2026-09-10 12:33:29
4502002268,00030,2026-09-07,2000,IN01,P200,V00011,MAT00045,10,EA,INR,67474.52,41887.5700000000000,1,0,255869.50,418875.70,41304.17,40112.07,68.22,42385.07,41001.52,43123.42,3,59.19,1.160016896724021,0,LOW,Large deviation from alternative suppliers,PO_PRICE_KMEANS,V1,1.7329910716518928,2026-09-10 12:33:29
4502002368,00040,2026-12-08,1000,DE01,P100,V00040,MAT00046,40,EA,EUR,395.29,393.2500000000000,1,1,0.00,15730.00,384.29,370.27,6.76,343.91,261.61,374.60,3,14.94,1.1574063397690593,0,LOW,No significant price anomaly,PO_PRICE_KMEANS,V1,1.7329910716518928,2026-09-10 12:33:29
4502002301,00020,2026-10-06,2000,IN01,P200,V00040,MAT00002,50,EA,INR,15162.24,15514.2200000000000,1,1,0.00,775711.00,15525.79,15081.56,0.53,14386.12,14133.61,14564.66,3,5.39,1.1572733414312286,0,LOW,No significant price anomaly,PO_PRICE_KMEANS,V1,1.7329910716518928,2026-09-10 12:33:29
4502002267,00060,2026-09-07,2000,IN01,P200,V00009,MAT00042,10,EA,INR,31141.35,30724.8400000000000,1,1,0.00,307248.40,30462.31,28650.09,8.7,27286.28,18762.95,30441.35,3,14.13,1.155789101256329,0,LOW,No significant price anomaly,PO_PRICE_KMEANS,V1,1.7329910716518928,2026-09-10 12:33:29
4502002163,00010,2026-07-03,1000,DE01,P100,V00003,MAT00013,5,EA,EUR,204.60,201.8000000000000,1,1,0.00,1009.00,203.29,187.26,9.26,244.07,194.39,296.45,3,-16.17,1.1543389777022308,0,LOW,No significant price anomaly,PO_PRICE_KMEANS,V1,1.7329910716518928,2026-09-10 12:33:29
4502002317,00040,2026-10-06,3000,US01,P300,V00007,MAT00040,10,EA,USD,274.99,271.6400000000000,1,1,0.00,2716.40,271.68,284.86,-3.46,314.30,298.11,326.17,3,-12.51,1.1514778578876395,0,LOW,No significant price anomaly,PO_PRICE_KMEANS,V1,1.7329910716518928,2026-09-10 12:33:29
4502002166,00050,2026-07-03,1000,DE01,P100,V00007,MAT00035,20,EA,EUR,128.96,128.3000000000000,1,1,0.00,2566.00,130.17,121.63,6.03,149.07,140.96,156.59,3,-13.49,1.1512966602827284,0,LOW,No significant price anomaly,PO_PRICE_KMEANS,V1,1.7329910716518928,2026-09-10 12:33:29
4502002196,00050,2026-07-03,3000,US01,P300,V00040,MAT00035,50,EA,USD,161.84,160.9200000000000,1,1,0.00,8046.00,163.46,156.70,3.28,139.86,109.79,151.12,3,15.72,1.1468761902527673,0,LOW,No significant price anomaly,PO_PRICE_KMEANS,V1,1.7329910716518928,2026-09-10 12:33:29
4502002343,00020,2026-11-09,2000,IN01,P200,V00035,MAT00014,5,EA,INR,6432.58,6546.6100000000000,1,1,0.00,32733.05,6658.30,6103.90,5.38,7417.44,6938.60,7706.66,3,-13.28,1.1466892022946316,0,LOW,No significant price anomaly,PO_PRICE_KMEANS,V1,1.7329910716518928,2026-09-10 12:33:29
4502002169,00030,2026-07-03,1000,DE01,P100,V00007,MAT00051,50,EA,EUR,274.53,268.5300000000000,1,1,0.00,13426.50,269.40,266.77,2.91,334.44,295.26,418.67,3,-17.91,1.144208630506821,0,LOW,No significant price anomaly,PO_PRICE_KMEANS,V1,1.7329910716518928,2026-09-10 12:33:29
4502002221,00040,2026-08-04,2000,IN01,P200,V00046,MAT00004,10,EA,INR,31670.71,32295.7300000000000,1,1,0.00,322957.30,32926.93,30091.77,5.25,35677.28,34070.82,36622.58,3,-11.23,1.1420442940226554,0,LOW,No significant price anomaly,PO_PRICE_KMEANS,V1,1.7329910716518928,2026-09-10 12:33:29
4502002238,00030,2026-08-04,3000,US01,P300,V00043,MAT00045,10,EA,USD,447.04,442.9500000000000,1,1,0.00,4429.50,442.37,408.89,9.33,495.08,481.74,521.45,3,-9.7,1.1404099174420612,0,LOW,No significant price anomaly,PO_PRICE_KMEANS,V1,1.7329910716518928,2026-09-10 12:33:29
4502002398,00030,2026-12-08,3000,US01,P300,V00043,MAT00045,100,EA,USD,447.33,442.9500000000000,1,1,0.00,44295.00,447.04,411.62,8.68,502.57,486.89,532.11,3,-10.99,1.1400368812801351,0,LOW,No significant price anomaly,PO_PRICE_KMEANS,V1,1.7329910716518928,2026-09-10 12:33:29
4502002370,00030,2026-12-08,1000,DE01,P100,V00046,MAT00057,8,EA,EUR,360.09,353.3500000000000,1,1,0.00,2826.80,356.03,337.79,6.6,437.66,379.73,628.59,3,-17.72,1.133809831962198,0,LOW,No significant price anomaly,PO_PRICE_KMEANS,V1,1.7329910716518928,2026-09-10 12:33:29
4502002317,00020,2026-10-06,3000,US01,P300,V00015,MAT00038,15,EA,USD,242.23,239.0600000000000,0,0,0.00,0.00,237.30,229.20,5.68,216.46,208.43,232.68,3,11.91,1.1322166551201898,0,LOW,No significant price anomaly,PO_PRICE_KMEANS,V1,1.7329910716518928,2026-09-10 12:33:29
4502002219,00020,2026-08-04,1000,DE02,P100,V00015,MAT00050,5,EA,EUR,458.45,460.4600000000000,1,1,0.00,2302.30,463.77,426.58,7.47,399.80,257.93,450.14,3,14.67,1.1269835886695845,0,LOW,No significant price anomaly,PO_PRICE_KMEANS,V1,1.7329910716518928,2026-09-10 12:33:29
4502002214,00010,2026-08-04,1000,DE02,P100,V00025,MAT00019,20,EA,EUR,152.91,149.9000000000000,1,1,0.00,2998.00,151.49,139.61,9.53,142.37,139.09,148.20,3,7.4,1.1260437873828424,0,LOW,No significant price anomaly,PO_PRICE_KMEANS,V1,1.7329910716518928,2026-09-10 12:33:29
4502002363,00020,2026-12-08,1000,DE01,P100,V00040,MAT00014,8,EA,EUR,79.88,79.8900000000000,1,1,0.00,639.12,79.15,74.35,7.44,73.91,72.40,76.90,3,8.08,1.1247634153386399,0,LOW,No significant price anomaly,PO_PRICE_KMEANS,V1,1.7329910716518928,2026-09-10 12:33:29
4502002226,00060,2026-08-04,2000,IN01,P200,V00046,MAT00036,100,EA,INR,22337.87,22723.0100000000000,0,0,0.00,0.00,22826.35,21238.85,5.17,27253.10,23976.47,38795.35,3,-18.04,1.1234673456545248,0,LOW,No significant price anomaly,PO_PRICE_KMEANS,V1,1.7329910716518928,2026-09-10 12:33:29
4502002338,00030,2026-11-09,1000,DE02,P100,V00014,MAT00045,50,EA,EUR,482.72,482.7500000000000,1,1,0.00,24137.50,546.59,513.95,-6.08,442.38,398.46,481.99,3,9.12,1.1196528296100865,0,LOW,No significant price anomaly,PO_PRICE_KMEANS,V1,1.7329910716518928,2026-09-10 12:33:29
4502002377,00040,2026-12-08,1000,DE02,P100,V00047,MAT00040,40,EA,EUR,364.17,264.2900000000000,1,0,3995.20,10571.60,261.97,246.58,47.69,258.51,186.31,292.61,3,40.87,1.1187921723613865,0,LOW,Large deviation from alternative suppliers,PO_PRICE_KMEANS,V1,1.7329910716518928,2026-09-10 12:33:29
4502002373,00060,2026-12-08,1000,DE02,P100,V00015,MAT00018,15,EA,EUR,181.71,186.3400000000000,1,1,0.00,2795.10,185.66,198.51,-8.46,163.18,118.15,185.92,3,11.36,1.1167632898230702,0,LOW,No significant price anomaly,PO_PRICE_KMEANS,V1,1.7329910716518928,2026-09-10 12:33:29
4502002257,00060,2026-09-07,1000,DE02,P100,V00046,MAT00042,40,EA,EUR,312.84,314.9300000000000,1,1,0.00,12597.20,310.73,293.76,6.5,351.82,337.92,363.19,3,-11.08,1.1152832654631541,0,LOW,No significant price anomaly,PO_PRICE_KMEANS,V1,1.7329910716518928,2026-09-10 12:33:29
4502002231,00060,2026-08-04,3000,US01,P300,V00001,MAT00006,15,EA,USD,338.56,338.5200000000000,1,1,0.00,5077.80,337.19,316.01,7.14,408.48,335.92,555.57,3,-17.12,1.1132443156485978,0,LOW,No significant price anomaly,PO_PRICE_KMEANS,V1,1.7329910716518928,2026-09-10 12:33:29
4502002201,00050,2026-08-04,1000,DE01,P100,V00034,MAT00005,20,EA,EUR,433.87,428.2400000000000,1,1,0.00,8564.80,434.84,377.23,15.01,403.75,373.00,438.42,3,7.46,1.1084057237630522,0,LOW,No significant price anomaly,PO_PRICE_KMEANS,V1,1.7329910716518928,2026-09-10 12:33:29
4502002286,00020,2026-10-06,1000,DE01,P100,V00046,MAT00032,100,EA,EUR,343.03,346.1300000000000,1,1,0.00,34613.00,346.77,324.00,5.87,389.61,371.99,408.67,3,-11.96,1.1043680895143149,0,LOW,No significant price anomaly,PO_PRICE_KMEANS,V1,1.7329910716518928,2026-09-10 12:33:29
4502002334,00010,2026-11-09,1000,DE02,P100,V00018,MAT00019,75,EA,EUR,142.42,143.8500000000000,1,1,0.00,10788.75,140.97,138.69,2.69,174.24,142.74,282.93,3,-18.26,1.1037162564142398,0,LOW,No significant price anomaly,PO_PRICE_KMEANS,V1,1.7329910716518928,2026-09-10 12:33:29
4502002332,00030,2026-11-09,1000,DE02,P100,V00002,MAT00009,15,EA,EUR,121.67,118.7500000000000,1,1,0.00,1781.25,116.33,107.12,13.58,137.07,115.76,199.95,3,-11.24,1.1031136626342697,0,LOW,No significant price anomaly,PO_PRICE_KMEANS,V1,1.7329910716518928,2026-09-10 12:33:29
4502002279,00050,2026-09-07,3000,US01,P300,V00046,MAT00053,15,EA,USD,149.10,148.0400000000000,1,1,0.00,2220.60,148.52,144.19,3.41,169.22,160.68,175.08,3,-11.89,1.0932670810608651,0,LOW,No significant price anomaly,PO_PRICE_KMEANS,V1,1.7329910716518928,2026-09-10 12:33:29
4502002278,00030,2026-09-07,3000,US01,P300,V00022,MAT00045,25,EA,USD,532.11,524.8600000000000,1,1,0.00,13121.50,521.45,523.65,1.62,472.32,442.37,494.03,3,12.66,1.0917170706368642,0,LOW,No significant price anomaly,PO_PRICE_KMEANS,V1,1.7329910716518928,2026-09-10 12:33:29
4502002395,00020,2026-12-08,3000,US01,P300,V00013,MAT00026,50,EA,USD,128.09,125.6400000000000,1,1,0.00,6282.00,127.83,120.58,6.23,153.86,136.45,180.84,3,-16.75,1.0894390764877615,0,LOW,No significant price anomaly,PO_PRICE_KMEANS,V1,1.7329910716518928,2026-09-10 12:33:29
4502002384,00020,2026-12-08,2000,IN01,P200,V00046,MAT00020,25,EA,INR,21141.61,21682.6800000000000,1,1,0.00,542067.00,21665.41,20585.55,2.7,25597.35,22715.37,33037.02,3,-17.41,1.0857918565953728,0,LOW,No significant price anomaly,PO_PRICE_KMEANS,V1,1.7329910716518928,2026-09-10 12:33:29
4502002287,00040,2026-10-06,1000,DE01,P100,V00022,MAT00040,75,EA,EUR,296.51,296.6400000000000,1,1,0.00,22248.00,291.71,271.28,9.3,266.45,248.84,281.58,3,11.28,1.0852398810015431,0,LOW,No significant price anomaly,PO_PRICE_KMEANS,V1,1.7329910716518928,2026-09-10 12:33:29
4502002329,00010,2026-11-09,1000,DE01,P100,V00015,MAT00049,10,EA,EUR,470.13,469.9900000000000,1,1,0.00,4699.90,462.08,440.37,6.76,421.44,406.81,457.81,3,11.55,1.0797179689468894,0,LOW,No significant price anomaly,PO_PRICE_KMEANS,V1,1.7329910716518928,2026-09-10 12:33:29
4502002367,00020,2026-12-08,1000,DE01,P100,V00016,MAT00038,50,EA,EUR,184.84,188.4400000000000,1,1,0.00,9422.00,191.16,181.37,1.91,224.57,153.01,333.86,3,-17.69,1.0789228616594781,0,LOW,No significant price anomaly,PO_PRICE_KMEANS,V1,1.7329910716518928,2026-09-10 12:33:29
4502002393,00010,2026-12-08,3000,US01,P300,V00043,MAT00013,25,EA,USD,214.02,215.0700000000000,1,1,0.00,5376.75,217.55,201.80,6.06,256.54,234.16,318.96,3,-16.57,1.0776458431191993,0,LOW,No significant price anomaly,PO_PRICE_KMEANS,V1,1.7329910716518928,2026-09-10 12:33:29
4502002264,00010,2026-09-07,2000,IN01,P200,V00043,MAT00019,150,EA,INR,11922.76,12078.5900000000000,1,1,0.00,1811788.50,11777.75,11213.74,6.32,13362.59,12564.56,13664.52,3,-10.78,1.077068542416285,0,LOW,No significant price anomaly,PO_PRICE_KMEANS,V1,1.7329910716518928,2026-09-10 12:33:29
4502002288,00060,2026-10-06,1000,DE01,P100,V00046,MAT00048,25,EA,EUR,410.61,418.0400000000000,1,1,0.00,10451.00,409.15,399.13,2.88,471.84,446.29,494.25,3,-12.98,1.0732318940481984,0,LOW,No significant price anomaly,PO_PRICE_KMEANS,V1,1.7329910716518928,2026-09-10 12:33:29
4502002231,00030,2026-08-04,3000,US01,P300,V00047,MAT00003,75,EA,USD,116.40,118.3300000000000,1,1,0.00,8874.75,115.44,120.16,-3.13,139.55,120.59,196.03,3,-16.59,1.0711140057430564,0,LOW,No significant price anomaly,PO_PRICE_KMEANS,V1,1.7329910716518928,2026-09-10 12:33:29
4502002236,00030,2026-08-04,3000,US01,P300,V00007,MAT00033,25,EA,USD,162.75,160.5600000000000,1,1,0.00,4014.00,157.08,148.65,9.49,183.12,170.47,192.40,3,-11.12,1.067623145122165,0,LOW,No significant price anomaly,PO_PRICE_KMEANS,V1,1.7329910716518928,2026-09-10 12:33:29
4502002272,00010,2026-09-07,3000,US01,P300,V00018,MAT00007,5,EA,USD,495.87,498.1600000000000,1,1,0.00,2490.80,495.61,479.75,3.36,510.24,506.15,515.54,3,-2.82,1.0674623647324013,0,LOW,No significant price anomaly,PO_PRICE_KMEANS,V1,1.7329910716518928,2026-09-10 12:33:29
4502002292,00030,2026-10-06,1000,DE02,P100,V00043,MAT00009,20,EA,EUR,115.76,114.2500000000000,1,1,0.00,2285.00,116.31,107.18,8.01,137.66,116.33,199.95,3,-15.91,1.0641359433910744,0,LOW,No significant price anomaly,PO_PRICE_KMEANS,V1,1.7329910716518928,2026-09-10 12:33:29
4502002352,00040,2026-11-09,3000,US01,P300,V00034,MAT00010,100,EA,USD,110.06,111.1400000000000,1,1,0.00,11114.00,109.19,103.91,5.92,96.32,60.71,113.15,3,14.26,1.0629355769944169,0,LOW,No significant price anomaly,PO_PRICE_KMEANS,V1,1.7329910716518928,2026-09-10 12:33:29
4502002260,00030,2026-09-07,1000,DE02,P100,V00036,MAT00057,8,EA,EUR,397.09,394.1000000000000,1,1,0.00,3152.80,402.83,373.35,6.36,348.29,254.12,372.87,3,14.01,1.061081774219731,0,LOW,No significant price anomaly,PO_PRICE_KMEANS,V1,1.7329910716518928,2026-09-10 12:33:29
4502002183,00020,2026-07-03,2000,IN01,P200,V00035,MAT00014,100,EA,INR,6658.30,6546.6100000000000,1,1,0.00,654661.00,6454.19,6061.26,9.85,7365.58,6938.60,7620.94,3,-9.6,1.0585694778111618,0,LOW,No significant price anomaly,PO_PRICE_KMEANS,V1,1.7329910716518928,2026-09-10 12:33:29
4502002383,00030,2026-12-08,2000,IN01,P200,V00024,MAT00015,100,EA,INR,38111.28,37306.3400000000000,1,1,0.00,3730634.00,38166.90,36443.63,4.58,46038.79,22979.60,94462.34,3,-17.22,1.057810116241826,0,LOW,No significant price anomaly,PO_PRICE_KMEANS,V1,1.7329910716518928,2026-09-10 12:33:29
4502002276,00020,2026-09-07,3000,US01,P300,V00004,MAT00032,8,EA,USD,439.00,429.6300000000000,1,1,0.00,3437.04,435.55,404.58,8.51,389.85,293.95,434.93,3,12.61,1.0566468816277315,0,LOW,No significant price anomaly,PO_PRICE_KMEANS,V1,1.7329910716518928,2026-09-10 12:33:29
4502002174,00060,2026-07-03,1000,DE02,P100,V00040,MAT00024,20,EA,EUR,354.51,362.6300000000000,1,1,0.00,7252.60,363.04,343.32,3.26,429.21,331.37,804.80,3,-17.4,1.0562467661723425,0,LOW,No significant price anomaly,PO_PRICE_KMEANS,V1,1.7329910716518928,2026-09-10 12:33:29
4502002205,00050,2026-08-04,1000,DE01,P100,V00010,MAT00029,10,EA,EUR,547.95,549.8100000000000,1,1,0.00,5498.10,627.25,517.70,5.84,504.59,478.73,554.32,3,8.59,1.0507890029371634,0,LOW,No significant price anomaly,PO_PRICE_KMEANS,V1,1.7329910716518928,2026-09-10 12:33:29
4502002163,00050,2026-07-03,1000,DE01,P100,V00015,MAT00017,50,EA,EUR,109.48,110.7900000000000,1,1,0.00,5539.50,111.37,105.64,3.63,95.56,66.40,111.45,3,14.57,1.050680386433017,0,LOW,No significant price anomaly,PO_PRICE_KMEANS,V1,1.7329910716518928,2026-09-10 12:33:29
4502002199,00050,2026-07-03,3000,US01,P300,V00012,MAT00053,5,EA,USD,175.08,171.6200000000000,1,1,0.00,858.10,174.88,156.42,11.93,159.83,144.71,170.42,3,9.54,1.0495434756171442,0,LOW,No significant price anomaly,PO_PRICE_KMEANS,V1,1.7329910716518928,2026-09-10 12:33:29
4502002236,00010,2026-08-04,3000,US01,P300,V00035,MAT00031,100,EA,USD,223.33,226.0900000000000,1,1,0.00,22609.00,231.61,210.08,6.31,264.79,228.25,306.84,3,-15.66,1.0486094221577686,0,LOW,No significant price anomaly,PO_PRICE_KMEANS,V1,1.7329910716518928,2026-09-10 12:33:29
4502002285,00050,2026-10-06,1000,DE01,P100,V00044,MAT00029,75,EA,EUR,474.17,483.2800000000000,0,0,0.00,0.00,478.73,442.47,7.16,556.42,494.22,627.25,3,-14.78,1.0476512850416866,0,LOW,No significant price anomaly,PO_PRICE_KMEANS,V1,1.7329910716518928,2026-09-10 12:33:29
4502002252,00020,2026-09-07,1000,DE02,P100,V00006,MAT00008,50,EA,EUR,72.13,72.8000000000000,1,1,0.00,3640.00,74.46,65.73,9.74,84.70,72.43,124.52,3,-14.84,1.0454802146705395,0,LOW,No significant price anomaly,PO_PRICE_KMEANS,V1,1.7329910716518928,2026-09-10 12:33:29
4502002312,00030,2026-10-06,3000,US01,P300,V00017,MAT00009,40,EA,USD,121.55,124.5300000000000,1,1,0.00,4981.20,126.84,127.24,-4.47,135.43,129.89,141.26,3,-10.25,1.0443644399160479,0,LOW,No significant price anomaly,PO_PRICE_KMEANS,V1,1.7329910716518928,2026-09-10 12:33:29
4502002283,00040,2026-10-06,1000,DE01,P100,V00046,MAT00016,15,EA,EUR,147.87,146.0500000000000,1,1,0.00,2190.75,145.60,136.83,8.07,165.88,158.74,172.93,3,-10.86,1.043834700534946,0,LOW,No significant price anomaly,PO_PRICE_KMEANS,V1,1.7329910716518928,2026-09-10 12:33:29
4502002345,00020,2026-11-09,2000,IN01,P200,V00023,MAT00026,50,EA,INR,9550.65,9768.5800000000000,1,1,0.00,488429.00,9580.07,9455.44,1.01,11529.20,9835.15,17175.72,3,-17.16,1.0423589057501317,0,LOW,No significant price anomaly,PO_PRICE_KMEANS,V1,1.7329910716518928,2026-09-10 12:33:29
4502002177,00020,2026-07-03,1000,DE02,P100,V00048,MAT00038,100,EA,EUR,214.40,214.4100000000000,1,1,0.00,21441.00,210.08,208.72,2.72,258.63,192.59,345.90,3,-17.1,1.0418857240217796,0,LOW,No significant price anomaly,PO_PRICE_KMEANS,V1,1.7329910716518928,2026-09-10 12:33:29
4502002353,00020,2026-11-09,3000,US01,P300,V00046,MAT00014,15,EA,USD,74.77,76.0900000000000,1,1,0.00,1141.35,77.29,73.20,2.14,90.24,56.80,140.38,3,-17.14,1.041599779264916,0,LOW,No significant price anomaly,PO_PRICE_KMEANS,V1,1.7329910716518928,2026-09-10 12:33:29
4502002211,00050,2026-08-04,1000,DE02,P100,V00045,MAT00005,5,EA,EUR,388.34,394.1000000000000,1,1,0.00,1970.50,395.09,375.34,3.46,467.36,376.03,597.81,3,-16.91,1.0388778676967507,0,LOW,No significant price anomaly,PO_PRICE_KMEANS,V1,1.7329910716518928,2026-09-10 12:33:29
4502002284,00060,2026-10-06,1000,DE01,P100,V00022,MAT00024,15,EA,EUR,379.32,373.0400000000000,1,1,0.00,5595.60,376.01,367.40,3.24,337.97,318.28,361.98,3,12.23,1.0378901920413715,0,LOW,No significant price anomaly,PO_PRICE_KMEANS,V1,1.7329910716518928,2026-09-10 12:33:29
4502002161,00020,2026-07-03,1000,DE01,P100,V00025,MAT00002,25,EA,EUR,169.47,167.1600000000000,1,1,0.00,4179.00,168.04,155.89,8.71,161.19,157.68,164.93,3,5.14,1.0370402180034937,0,LOW,No significant price anomaly,PO_PRICE_KMEANS,V1,1.7329910716518928,2026-09-10 12:33:29
4502002202,00030,2026-08-04,1000,DE01,P100,V00046,MAT00009,8,EA,EUR,114.95,115.3000000000000,1,1,0.00,922.40,112.69,111.40,3.19,138.14,121.22,184.90,3,-16.79,1.0357492491457407,0,LOW,No significant price anomaly,PO_PRICE_KMEANS,V1,1.7329910716518928,2026-09-10 12:33:29
4502002247,00040,2026-09-07,1000,DE01,P100,V00043,MAT00040,20,EA,EUR,248.84,250.3400000000000,1,1,0.00,5006.80,252.75,233.74,6.46,293.08,270.04,343.07,3,-15.09,1.0356334474783777,0,LOW,No significant price anomaly,PO_PRICE_KMEANS,V1,1.7329910716518928,2026-09-10 12:33:29
4502002168,00060,2026-07-03,1000,DE01,P100,V00005,MAT00048,40,EA,EUR,467.88,473.4600000000000,1,1,0.00,18938.40,483.64,451.71,3.58,409.70,272.39,494.25,3,14.2,1.0306625979860653,0,LOW,No significant price anomaly,PO_PRICE_KMEANS,V1,1.7329910716518928,2026-09-10 12:33:29
4502002228,00020,2026-08-04,2000,IN01,P200,V00022,MAT00044,8,EA,INR,49336.71,48363.2400000000000,1,1,0.00,386905.92,48433.92,44001.96,12.12,45397.43,41562.62,48796.81,3,8.68,1.0302587628201907,0,LOW,No significant price anomaly,PO_PRICE_KMEANS,V1,1.7329910716518928,2026-09-10 12:33:29
4502002163,00040,2026-07-03,1000,DE01,P100,V00005,MAT00016,25,EA,EUR,168.14,165.4200000000000,1,1,0.00,4135.50,169.40,160.99,4.44,147.75,112.91,172.93,3,13.8,1.025802107103985,0,LOW,No significant price anomaly,PO_PRICE_KMEANS,V1,1.7329910716518928,2026-09-10 12:33:29
4502002298,00030,2026-10-06,1000,DE02,P100,V00007,MAT00045,100,EA,EUR,408.89,406.8100000000000,1,1,0.00,40681.00,398.46,410.55,-0.4,480.25,446.62,546.59,3,-14.86,1.0241057576460768,0,LOW,No significant price anomaly,PO_PRICE_KMEANS,V1,1.7329910716518928,2026-09-10 12:33:29
4502002312,00050,2026-10-06,3000,US01,P300,V00037,MAT00011,15,EA,USD,443.82,436.0100000000000,1,1,0.00,6540.15,431.38,386.55,14.82,422.61,381.14,515.15,3,5.02,1.0234159578767417,0,LOW,No significant price anomaly,PO_PRICE_KMEANS,V1,1.7329910716518928,2026-09-10 12:33:29
4502002231,00010,2026-08-04,3000,US01,P300,V00007,MAT00001,75,EA,USD,481.76,479.4500000000000,1,1,0.00,35958.75,484.91,466.94,3.17,577.36,517.76,740.33,3,-16.56,1.0232322612389486,0,LOW,No significant price anomaly,PO_PRICE_KMEANS,V1,1.7329910716518928,2026-09-10 12:33:29
4502002366,00060,2026-12-08,1000,DE01,P100,V00024,MAT00036,75,EA,EUR,336.32,260.5300000000000,1,0,5684.25,19539.75,264.93,243.00,38.4,255.05,237.84,274.17,3,31.86,1.0222880114184514,0,LOW,Large deviation from alternative suppliers,PO_PRICE_KMEANS,V1,1.7329910716518928,2026-09-10 12:33:29
4502002178,00040,2026-07-03,1000,DE02,P100,V00024,MAT00046,50,EA,EUR,372.77,365.7700000000000,1,1,0.00,18288.50,437.15,343.86,8.41,399.14,341.51,544.80,3,-6.61,1.0219004491009385,0,LOW,No significant price anomaly,PO_PRICE_KMEANS,V1,1.7329910716518928,2026-09-10 12:33:29
4502002287,00010,2026-10-06,1000,DE01,P100,V00020,MAT00037,5,EA,EUR,321.85,314.8100000000000,1,1,0.00,1574.05,320.35,300.77,7.01,290.12,268.52,305.34,3,10.94,1.0215369406315884,0,LOW,No significant price anomaly,PO_PRICE_KMEANS,V1,1.7329910716518928,2026-09-10 12:33:29
4502002316,00040,2026-10-06,3000,US01,P300,V00003,MAT00034,20,EA,USD,534.42,545.6000000000000,1,1,0.00,10912.00,543.36,599.65,-10.88,578.48,522.18,617.54,3,-7.62,1.0214307444825734,0,LOW,No significant price anomaly,PO_PRICE_KMEANS,V1,1.7329910716518928,2026-09-10 12:33:29
4502002166,00030,2026-07-03,1000,DE01,P100,V00015,MAT00033,15,EA,EUR,180.13,177.1300000000000,1,1,0.00,2656.95,177.43,167.82,7.34,161.96,153.79,178.04,3,11.22,1.0195295808097988,0,LOW,No significant price anomaly,PO_PRICE_KMEANS,V1,1.7329910716518928,2026-09-10 12:33:29
4502002188,00040,2026-07-03,2000,IN01,P200,V00035,MAT00046,10,EA,INR,32400.04,32222.8900000000000,1,1,0.00,322228.90,32736.71,30539.84,6.09,36838.16,34549.23,38278.29,3,-12.05,1.0182227288385828,0,LOW,No significant price anomaly,PO_PRICE_KMEANS,V1,1.7329910716518928,2026-09-10 12:33:29
4502002222,00010,2026-08-04,2000,IN01,P200,V00048,MAT00007,10,EA,INR,45924.44,44905.8800000000000,1,1,0.00,449058.80,45772.71,40763.95,12.66,42686.09,39322.88,45847.62,3,7.59,1.0115440682972168,0,LOW,No significant price anomaly,PO_PRICE_KMEANS,V1,1.7329910716518928,2026-09-10 12:33:29
4502002373,00040,2026-12-08,1000,DE02,P100,V00023,MAT00016,40,EA,EUR,144.15,144.2100000000000,1,1,0.00,5768.40,165.01,140.80,2.38,164.17,146.64,219.90,3,-12.19,1.0104029966295816,0,LOW,No significant price anomaly,PO_PRICE_KMEANS,V1,1.7329910716518928,2026-09-10 12:33:29
4502002211,00040,2026-08-04,1000,DE02,P100,V00035,MAT00004,8,EA,EUR,352.45,352.3100000000000,1,1,0.00,2818.48,349.79,328.85,7.18,404.73,373.49,443.04,3,-12.92,1.009379213819622,0,LOW,No significant price anomaly,PO_PRICE_KMEANS,V1,1.7329910716518928,2026-09-10 12:33:29
4502002383,00050,2026-12-08,2000,IN01,P200,V00044,MAT00017,100,EA,INR,8598.44,8504.0500000000000,1,1,0.00,850405.00,8543.31,7703.75,11.61,9820.17,8634.08,13137.40,3,-12.44,1.0078160711519373,0,LOW,No significant price anomaly,PO_PRICE_KMEANS,V1,1.7329910716518928,2026-09-10 12:33:29
4502002294,00030,2026-10-06,1000,DE02,P100,V00031,MAT00021,25,EA,EUR,411.60,415.6400000000000,1,1,0.00,10391.00,407.93,406.43,1.27,493.73,422.94,709.68,3,-16.63,1.0071020105676982,0,LOW,No significant price anomaly,PO_PRICE_KMEANS,V1,1.7329910716518928,2026-09-10 12:33:29
4502002344,00020,2026-11-09,2000,IN01,P200,V00039,MAT00020,25,EA,INR,23500.98,23233.5900000000000,1,1,0.00,580839.75,22715.37,21461.96,9.5,27239.39,21665.41,33037.02,3,-13.72,1.0067527605974125,0,LOW,No significant price anomaly,PO_PRICE_KMEANS,V1,1.7329910716518928,2026-09-10 12:33:29
4502002197,00040,2026-07-03,3000,US01,P300,V00014,MAT00040,40,EA,USD,325.47,322.3500000000000,1,1,0.00,12894.00,321.24,298.19,9.15,295.43,271.51,318.07,3,10.17,1.0055244469522828,0,LOW,No significant price anomaly,PO_PRICE_KMEANS,V1,1.7329910716518928,2026-09-10 12:33:29
4502002302,00060,2026-10-06,2000,IN01,P200,V00008,MAT00012,100,EA,INR,37686.23,38626.8600000000000,1,1,0.00,3862686.00,39015.71,36240.66,3.99,42571.45,40595.25,44768.95,3,-11.48,1.0034149029317792,0,LOW,No significant price anomaly,PO_PRICE_KMEANS,V1,1.7329910716518928,2026-09-10 12:33:29
4502002367,00040,2026-12-08,1000,DE01,P100,V00036,MAT00040,75,EA,EUR,287.86,281.7700000000000,1,1,0.00,21132.75,281.58,263.64,9.19,260.05,193.16,296.51,3,10.69,1.0028408127873847,0,LOW,No significant price anomaly,PO_PRICE_KMEANS,V1,1.7329910716518928,2026-09-10 12:33:29
4502002199,00040,2026-07-03,3000,US01,P300,V00002,MAT00052,75,EA,USD,343.49,335.4900000000000,1,1,0.00,25161.75,332.56,312.47,9.93,329.42,323.80,336.77,3,4.27,0.9993035919826301,0,LOW,No significant price anomaly,PO_PRICE_KMEANS,V1,1.7329910716518928,2026-09-10 12:33:29
4502002250,00060,2026-09-07,1000,DE01,P100,V00007,MAT00060,50,EA,EUR,487.77,485.4000000000000,1,1,0.00,24270.00,493.86,457.38,6.64,553.08,520.95,581.84,3,-11.81,0.9991745865702409,0,LOW,No significant price anomaly,PO_PRICE_KMEANS,V1,1.7329910716518928,2026-09-10 12:33:29
4502002175,00060,2026-07-03,1000,DE02,P100,V00024,MAT00030,50,EA,EUR,32.59,31.8700000000000,1,1,0.00,1593.50,32.12,29.77,9.47,37.11,29.78,42.84,3,-12.18,0.9987938582948663,0,LOW,No significant price anomaly,PO_PRICE_KMEANS,V1,1.7329910716518928,2026-09-10 12:33:29
4502002253,00020,2026-09-07,1000,DE02,P100,V00010,MAT00014,40,EA,EUR,78.84,78.3000000000000,1,1,0.00,3132.00,78.25,76.14,3.55,72.11,68.96,75.20,3,9.33,0.9982175582747679,0,LOW,No significant price anomaly,PO_PRICE_KMEANS,V1,1.7329910716518928,2026-09-10 12:33:29
4502002219,00010,2026-08-04,1000,DE02,P100,V00033,MAT00049,5,EA,EUR,426.47,419.0900000000000,1,1,0.00,2095.45,425.17,470.34,-9.33,476.08,413.55,689.98,3,-10.42,0.9978843436315605,0,LOW,No significant price anomaly,PO_PRICE_KMEANS,V1,1.7329910716518928,2026-09-10 12:33:29
4502002365,00010,2026-12-08,1000,DE01,P100,V00046,MAT00025,25,EA,EUR,296.62,295.9400000000000,1,1,0.00,7398.50,297.42,279.95,5.95,320.82,311.15,331.01,3,-7.54,0.9971468640138544,0,LOW,No significant price anomaly,PO_PRICE_KMEANS,V1,1.7329910716518928,2026-09-10 12:33:29
4502002169,00020,2026-07-03,1000,DE01,P100,V00025,MAT00050,8,EA,EUR,440.62,442.0400000000000,1,1,0.00,3536.32,531.89,424.59,3.78,458.76,418.19,568.50,3,-3.95,0.9946095913109079,0,LOW,No significant price anomaly,PO_PRICE_KMEANS,V1,1.7329910716518928,2026-09-10 12:33:29
4502002293,00030,2026-10-06,1000,DE02,P100,V00027,MAT00015,15,EA,EUR,384.46,390.6700000000000,1,1,0.00,5860.05,394.44,382.01,0.64,457.87,392.59,597.16,3,-16.03,0.9942408796180743,0,LOW,No significant price anomaly,PO_PRICE_KMEANS,V1,1.7329910716518928,2026-09-10 12:33:29
4502002198,00050,2026-07-03,3000,US01,P300,V00028,MAT00047,100,EA,USD,53.27,52.0500000000000,1,1,0.00,5205.00,52.82,48.09,10.77,48.95,45.60,59.78,3,8.83,0.9903363270353613,0,LOW,No significant price anomaly,PO_PRICE_KMEANS,V1,1.7329910716518928,2026-09-10 12:33:29
4502002379,00020,2026-12-08,1000,DE02,P100,V00015,MAT00050,8,EA,EUR,468.67,460.4600000000000,1,1,0.00,3683.68,458.45,428.86,9.28,423.62,257.93,582.08,3,10.63,0.9895539424233947,0,LOW,No significant price anomaly,PO_PRICE_KMEANS,V1,1.7329910716518928,2026-09-10 12:33:29
4502002363,00010,2026-12-08,1000,DE01,P100,V00010,MAT00013,75,EA,EUR,225.07,223.3700000000000,1,1,0.00,16752.75,219.56,211.78,6.28,203.30,194.39,220.79,3,10.71,0.9885659955441785,0,LOW,No significant price anomaly,PO_PRICE_KMEANS,V1,1.7329910716518928,2026-09-10 12:33:29
4502002319,00020,2026-10-06,3000,US01,P300,V00003,MAT00050,75,EA,USD,436.74,426.4400000000000,1,1,0.00,31983.00,426.16,398.31,9.65,499.36,404.55,739.52,3,-12.54,0.9880410995735944,0,LOW,No significant price anomaly,PO_PRICE_KMEANS,V1,1.7329910716518928,2026-09-10 12:33:29
4502002283,00010,2026-10-06,1000,DE01,P100,V00044,MAT00013,180,EA,EUR,195.24,196.3400000000000,1,1,0.00,35341.20,194.39,197.57,-1.18,230.95,204.60,287.74,3,-15.46,0.9852212002808384,0,LOW,No significant price anomaly,PO_PRICE_KMEANS,V1,1.7329910716518928,2026-09-10 12:33:29
4502002161,00010,2026-07-03,1000,DE01,P100,V00015,MAT00001,25,EA,EUR,525.68,528.9200000000000,1,1,0.00,13223.00,525.48,492.60,6.72,479.04,461.63,513.28,3,9.74,0.9839497296276031,0,LOW,No significant price anomaly,PO_PRICE_KMEANS,V1,1.7329910716518928,2026-09-10 12:33:29
4502002234,00040,2026-08-04,3000,US01,P300,V00001,MAT00022,15,EA,USD,396.95,396.1900000000000,1,1,0.00,5942.85,387.52,373.25,6.35,465.42,431.06,565.12,3,-14.71,0.9838453503178232,0,LOW,No significant price anomaly,PO_PRICE_KMEANS,V1,1.7329910716518928,2026-09-10 12:33:29
4502002203,00020,2026-08-04,1000,DE01,P100,V00040,MAT00014,8,EA,EUR,79.15,79.8900000000000,1,1,0.00,639.12,79.66,73.98,6.99,74.61,73.18,76.90,3,6.08,0.982335714030183,0,LOW,No significant price anomaly,PO_PRICE_KMEANS,V1,1.7329910716518928,2026-09-10 12:33:29
4502002346,00020,2026-11-09,2000,IN01,P200,V00027,MAT00032,20,EA,INR,32272.02,32990.7000000000000,1,1,0.00,659814.00,33349.84,31044.98,3.95,38224.31,33311.81,48087.85,3,-15.57,0.9819075172130552,0,LOW,No significant price anomaly,PO_PRICE_KMEANS,V1,1.7329910716518928,2026-09-10 12:33:29
4502002185,00010,2026-07-03,2000,IN01,P200,V00013,MAT00025,49,EA,INR,31738.59,29641.7800000000000,1,0,102743.69,1452447.22,29929.16,29955.28,5.95,29502.40,27963.36,32688.02,3,7.58,0.981321827852967,0,LOW,No significant price anomaly,PO_PRICE_KMEANS,V1,1.7329910716518928,2026-09-10 12:33:29
4502002281,00040,2026-10-06,1000,DE01,P100,V00010,MAT00004,25,EA,EUR,390.13,390.1800000000000,1,1,0.00,9754.50,381.55,381.65,2.22,359.98,342.72,368.10,3,8.38,0.9809425955518385,0,LOW,No significant price anomaly,PO_PRICE_KMEANS,V1,1.7329910716518928,2026-09-10 12:33:29
4502002373,00010,2026-12-08,1000,DE02,P100,V00021,MAT00013,20,EA,EUR,223.76,218.8800000000000,1,1,0.00,4377.60,221.16,208.60,7.27,199.49,136.13,239.01,3,12.17,0.9800788262968222,0,LOW,No significant price anomaly,PO_PRICE_KMEANS,V1,1.7329910716518928,2026-09-10 12:33:29
4502002215,00030,2026-08-04,1000,DE02,P100,V00001,MAT00027,75,EA,EUR,350.47,345.8100000000000,1,1,0.00,25935.75,339.46,321.40,9.04,397.64,343.64,444.90,3,-11.86,0.9799886697600434,0,LOW,No significant price anomaly,PO_PRICE_KMEANS,V1,1.7329910716518928,2026-09-10 12:33:29
4502002281,00030,2026-10-06,1000,DE01,P100,V00028,MAT00003,100,EA,EUR,124.64,122.6200000000000,1,1,0.00,12262.00,124.27,114.14,9.2,113.98,101.42,121.65,3,9.35,0.9791781947925763,0,LOW,No significant price anomaly,PO_PRICE_KMEANS,V1,1.7329910716518928,2026-09-10 12:33:29
4502002254,00040,2026-09-07,1000,DE02,P100,V00034,MAT00022,50,EA,EUR,410.88,404.0500000000000,1,1,0.00,20202.50,394.79,370.15,11.0,379.59,351.52,407.37,3,8.24,0.9786945761927764,0,LOW,No significant price anomaly,PO_PRICE_KMEANS,V1,1.7329910716518928,2026-09-10 12:33:29
4502002379,00010,2026-12-08,1000,DE02,P100,V00033,MAT00049,10,EA,EUR,416.60,419.0900000000000,1,1,0.00,4190.90,426.47,467.21,-10.83,432.81,423.70,452.98,3,-3.75,0.978308902394998,0,LOW,No significant price anomaly,PO_PRICE_KMEANS,V1,1.7329910716518928,2026-09-10 12:33:29
4502002262,00010,2026-09-07,2000,IN01,P200,V00007,MAT00007,100,EA,INR,38603.70,38414.5700000000000,1,1,0.00,3841457.00,39322.88,38767.35,-0.42,43991.42,41134.25,45924.44,3,-12.25,0.9778401127940689,0,LOW,No significant price anomaly,PO_PRICE_KMEANS,V1,1.7329910716518928,2026-09-10 12:33:29
4502002335,00020,2026-11-09,1000,DE02,P100,V00012,MAT00026,8,EA,EUR,121.12,123.8600000000000,1,1,0.00,990.88,126.76,115.97,4.44,107.83,90.91,119.65,3,12.32,0.9763696192202529,0,LOW,No significant price anomaly,PO_PRICE_KMEANS,V1,1.7329910716518928,2026-09-10 12:33:29
4502002389,00010,2026-12-08,2000,IN01,P200,V00044,MAT00049,8,EA,INR,35630.68,36076.0500000000000,1,1,0.00,288608.40,36215.51,34799.53,2.39,42431.45,36569.27,56569.80,3,-16.03,0.9752705407263351,0,LOW,No significant price anomaly,PO_PRICE_KMEANS,V1,1.7329910716518928,2026-09-10 12:33:29
4502002167,00010,2026-07-03,1000,DE01,P100,V00027,MAT00037,40,EA,EUR,268.52,273.2100000000000,1,1,0.00,10928.40,268.11,260.44,3.1,304.63,290.66,320.35,3,-11.85,0.9750558982452565,0,LOW,No significant price anomaly,PO_PRICE_KMEANS,V1,1.7329910716518928,2026-09-10 12:33:29
4502002225,00030,2026-08-04,2000,IN01,P200,V00012,MAT00027,5,EA,INR,36123.91,35276.8800000000000,1,1,0.00,176384.40,35018.31,34043.33,6.11,33562.41,32251.10,34482.59,3,7.63,0.9713635616016285,0,LOW,No significant price anomaly,PO_PRICE_KMEANS,V1,1.7329910716518928,2026-09-10 12:33:29
4502002269,00040,2026-09-07,2000,IN01,P200,V00005,MAT00052,75,EA,INR,31495.31,31427.1700000000000,1,1,0.00,2357037.75,30809.94,34307.55,-8.2,29268.81,27283.09,31526.42,3,7.61,0.9711321397664942,0,LOW,No significant price anomaly,PO_PRICE_KMEANS,V1,1.7329910716518928,2026-09-10 12:33:29
4502002341,00050,2026-11-09,2000,IN01,P200,V00001,MAT00005,100,EA,INR,36629.56,35769.7300000000000,1,1,0.00,3576973.00,35315.12,39588.79,-7.47,41156.18,34104.72,52931.53,3,-11.0,0.9708658975404175,0,LOW,No significant price anomaly,PO_PRICE_KMEANS,V1,1.7329910716518928,2026-09-10 12:33:29
4502002348,00040,2026-11-09,2000,IN01,P200,V00035,MAT00046,8,EA,INR,32225.83,32222.8900000000000,1,1,0.00,257783.12,32400.04,30672.71,5.06,36508.06,34549.23,37896.80,3,-11.73,0.970806769715149,0,LOW,No significant price anomaly,PO_PRICE_KMEANS,V1,1.7329910716518928,2026-09-10 12:33:29
4502002245,00040,2026-09-07,1000,DE01,P100,V00007,MAT00028,8,EA,EUR,310.77,306.1000000000000,1,1,0.00,2448.80,301.34,288.64,7.67,348.67,329.34,367.07,3,-10.87,0.9700422183834981,0,LOW,No significant price anomaly,PO_PRICE_KMEANS,V1,1.7329910716518928,2026-09-10 12:33:29
4502002304,00050,2026-10-06,2000,IN01,P200,V00014,MAT00023,5,EA,INR,49861.08,50400.7100000000000,1,1,0.00,252003.55,50203.36,47063.22,5.94,59047.77,42663.09,106429.17,3,-15.56,0.9700367795707829,0,LOW,No significant price anomaly,PO_PRICE_KMEANS,V1,1.7329910716518928,2026-09-10 12:33:29
4502002191,00020,2026-07-03,3000,US01,P300,V00010,MAT00002,10,EA,USD,179.01,178.5000000000000,1,1,0.00,1785.00,174.90,166.60,7.45,162.17,153.63,183.32,3,10.38,0.9623242685922522,0,LOW,No significant price anomaly,PO_PRICE_KMEANS,V1,1.7329910716518928,2026-09-10 12:33:29
4502002168,00020,2026-07-03,1000,DE01,P100,V00041,MAT00044,25,EA,EUR,464.68,473.3800000000000,1,1,0.00,11834.50,481.33,441.96,5.14,547.79,432.35,729.63,3,-15.17,0.961571424123174,0,LOW,No significant price anomaly,PO_PRICE_KMEANS,V1,1.7329910716518928,2026-09-10 12:33:29
4502002261,00030,2026-09-07,2000,IN01,P200,V00043,MAT00003,15,EA,INR,9755.29,9547.8000000000000,1,1,0.00,143217.00,9779.09,8932.13,9.22,10463.56,10136.42,10679.67,3,-6.77,0.9595097606921236,0,LOW,No significant price anomaly,PO_PRICE_KMEANS,V1,1.7329910716518928,2026-09-10 12:33:29
4502002187,00030,2026-07-03,2000,IN01,P200,V00041,MAT00039,10,EA,INR,46601.63,46774.6700000000000,1,1,0.00,467746.70,46293.03,42750.65,9.01,54153.72,42625.39,82427.10,3,-13.95,0.9577738380290411,0,LOW,No significant price anomaly,PO_PRICE_KMEANS,V1,1.7329910716518928,2026-09-10 12:33:29
4502002193,00040,2026-07-03,3000,US01,P300,V00038,MAT00016,40,EA,USD,186.80,184.5500000000000,1,1,0.00,7382.00,186.02,172.16,8.5,170.95,160.42,185.67,3,9.27,0.9565501116560463,0,LOW,No significant price anomaly,PO_PRICE_KMEANS,V1,1.7329910716518928,2026-09-10 12:33:29
4502002161,00040,2026-07-03,1000,DE01,P100,V00017,MAT00004,10,EA,EUR,342.72,346.6000000000000,1,1,0.00,3466.00,350.92,335.02,2.3,372.77,363.69,383.93,3,-8.06,0.9564980581478496,0,LOW,No significant price anomaly,PO_PRICE_KMEANS,V1,1.7329910716518928,2026-09-10 12:33:29
4502002232,00060,2026-08-04,3000,US01,P300,V00033,MAT00012,20,EA,USD,474.12,463.4300000000000,1,1,0.00,9268.60,451.89,432.08,9.73,440.78,304.86,488.86,3,7.56,0.9549375756365157,0,LOW,No significant price anomaly,PO_PRICE_KMEANS,V1,1.7329910716518928,2026-09-10 12:33:29
4502002322,00050,2026-11-09,1000,DE01,P100,V00031,MAT00011,10,EA,EUR,365.56,368.6700000000000,1,1,0.00,3686.70,377.11,354.73,3.05,398.31,385.02,408.19,3,-8.22,0.9545870262774037,0,LOW,No significant price anomaly,PO_PRICE_KMEANS,V1,1.7329910716518928,2026-09-10 12:33:29
4502002225,00060,2026-08-04,2000,IN01,P200,V00014,MAT00030,75,EA,INR,3323.89,3262.9700000000000,0,0,0.00,0.00,3265.76,3037.51,9.43,3052.73,2839.56,3293.65,3,8.88,0.9526108680671022,0,LOW,No significant price anomaly,PO_PRICE_KMEANS,V1,1.7329910716518928,2026-09-10 12:33:29
4502002276,00040,2026-09-07,3000,US01,P300,V00044,MAT00034,10,EA,USD,542.18,530.8500000000000,1,1,0.00,5308.50,522.18,496.94,9.1,597.06,543.36,617.54,3,-9.19,0.9506457453660275,0,LOW,No significant price anomaly,PO_PRICE_KMEANS,V1,1.7329910716518928,2026-09-10 12:33:29
4502002269,00030,2026-09-07,2000,IN01,P200,V00043,MAT00051,75,EA,INR,25272.99,24907.0500000000000,1,1,0.00,1868028.75,25291.11,23279.64,8.56,27287.79,26448.78,28202.26,3,-7.38,0.9496546674283467,0,LOW,No significant price anomaly,PO_PRICE_KMEANS,V1,1.7329910716518928,2026-09-10 12:33:29
4502002391,00030,2026-12-08,3000,US01,P300,V00047,MAT00003,10,EA,USD,117.76,118.3300000000000,1,1,0.00,1183.30,116.40,119.89,-1.78,138.69,119.36,196.03,3,-15.09,0.9485939061339053,0,LOW,No significant price anomaly,PO_PRICE_KMEANS,V1,1.7329910716518928,2026-09-10 12:33:29
4502002347,00030,2026-11-09,2000,IN01,P200,V00041,MAT00039,20,EA,INR,45831.51,46774.6700000000000,1,1,0.00,935493.40,46601.63,43025.72,6.52,53879.09,42683.19,82427.10,3,-14.94,0.9484260413852453,0,LOW,No significant price anomaly,PO_PRICE_KMEANS,V1,1.7329910716518928,2026-09-10 12:33:29
4502002371,00060,2026-12-08,1000,DE02,P100,V00027,MAT00006,10,EA,EUR,298.79,304.6900000000000,1,1,0.00,3046.90,297.67,291.36,2.55,333.79,318.62,347.07,3,-10.49,0.948130396970357,0,LOW,No significant price anomaly,PO_PRICE_KMEANS,V1,1.7329910716518928,2026-09-10 12:33:29
4502002299,00060,2026-10-06,1000,DE02,P100,V00041,MAT00054,5,EA,EUR,452.67,445.2200000000000,1,1,0.00,2226.10,442.70,419.45,7.92,524.61,435.80,713.65,3,-13.71,0.9452691996684608,0,LOW,No significant price anomaly,PO_PRICE_KMEANS,V1,1.7329910716518928,2026-09-10 12:33:29
4502002253,00050,2026-09-07,1000,DE02,P100,V00012,MAT00017,25,EA,EUR,106.16,108.2800000000000,1,1,0.00,2707.00,110.13,101.22,4.88,99.71,96.55,102.08,3,6.47,0.9445327975410087,0,LOW,No significant price anomaly,PO_PRICE_KMEANS,V1,1.7329910716518928,2026-09-10 12:33:29
4502002360,00020,2026-11-09,3000,US01,P300,V00014,MAT00056,40,EA,USD,581.22,575.6600000000000,1,1,0.00,23026.40,563.01,535.88,8.46,530.69,477.21,573.36,3,9.52,0.9431423968185724,0,LOW,No significant price anomaly,PO_PRICE_KMEANS,V1,1.7329910716518928,2026-09-10 12:33:29
4502002214,00040,2026-08-04,1000,DE02,P100,V00027,MAT00022,40,EA,EUR,357.19,356.5900000000000,1,1,0.00,14263.60,351.52,322.41,10.79,390.83,370.12,407.37,3,-8.61,0.9427189825283557,0,LOW,No significant price anomaly,PO_PRICE_KMEANS,V1,1.7329910716518928,2026-09-10 12:33:29
4502002179,00010,2026-07-03,1000,DE02,P100,V00026,MAT00049,5,EA,EUR,430.16,420.5600000000000,1,1,0.00,2102.80,413.55,391.47,9.88,484.67,423.03,689.98,3,-11.25,0.9420774786004183,0,LOW,No significant price anomaly,PO_PRICE_KMEANS,V1,1.7329910716518928,2026-09-10 12:33:29
4502002181,00050,2026-07-03,2000,IN01,P200,V00001,MAT00005,75,EA,INR,35315.12,35769.7300000000000,1,1,0.00,2682729.75,35550.82,39917.53,-11.53,35539.65,34104.72,38555.57,3,-0.63,0.9401302179701354,0,LOW,No significant price anomaly,PO_PRICE_KMEANS,V1,1.7329910716518928,2026-09-10 12:33:29
4502002335,00040,2026-11-09,1000,DE02,P100,V00004,MAT00028,75,EA,EUR,355.61,353.3800000000000,1,1,0.00,26503.50,360.96,348.47,2.05,315.25,230.14,345.14,3,12.8,0.9401110918139535,0,LOW,No significant price anomaly,PO_PRICE_KMEANS,V1,1.7329910716518928,2026-09-10 12:33:29
4502002376,00060,2026-12-08,1000,DE02,P100,V00035,MAT00036,50,EA,EUR,244.76,247.8800000000000,1,1,0.00,12394.00,248.95,258.72,-5.4,274.86,253.11,293.41,3,-10.95,0.9365910009819993,0,LOW,No significant price anomaly,PO_PRICE_KMEANS,V1,1.7329910716518928,2026-09-10 12:33:29
4502002272,00050,2026-09-07,3000,US01,P300,V00030,MAT00011,15,EA,USD,515.15,389.2200000000000,1,0,1888.95,5838.30,381.34,370.39,39.08,406.68,381.14,438.02,3,26.67,0.9338346464828071,0,LOW,Large deviation from alternative suppliers,PO_PRICE_KMEANS,V1,1.7329910716518928,2026-09-10 12:33:29
4502002172,00060,2026-07-03,1000,DE02,P100,V00004,MAT00012,5,EA,EUR,462.39,460.3400000000000,0,0,0.00,0.00,458.13,416.68,10.97,436.92,424.00,450.76,3,5.83,0.9309546922350541,0,LOW,No significant price anomaly,PO_PRICE_KMEANS,V1,1.7329910716518928,2026-09-10 12:33:29
4502002318,00060,2026-10-06,3000,US01,P300,V00031,MAT00048,50,EA,USD,477.97,469.9400000000000,1,1,0.00,23497.00,463.49,431.68,10.72,513.46,493.03,537.99,3,-6.91,0.9292026360704345,0,LOW,No significant price anomaly,PO_PRICE_KMEANS,V1,1.7329910716518928,2026-09-10 12:33:29
4502002239,00010,2026-08-04,3000,US01,P300,V00007,MAT00049,10,EA,USD,427.30,426.0300000000000,1,1,0.00,4260.30,427.29,412.21,3.66,479.07,452.28,501.41,3,-10.81,0.9291438906037416,0,LOW,No significant price anomaly,PO_PRICE_KMEANS,V1,1.7329910716518928,2026-09-10 12:33:29
4502002369,00010,2026-12-08,1000,DE01,P100,V00022,MAT00049,5,EA,EUR,471.59,465.2400000000000,1,1,0.00,2326.20,457.81,432.96,8.92,434.96,409.82,470.13,3,8.42,0.9285095678580342,0,LOW,No significant price anomaly,PO_PRICE_KMEANS,V1,1.7329910716518928,2026-09-10 12:33:29
4502002196,00030,2026-07-03,3000,US01,P300,V00048,MAT00033,40,EA,USD,190.22,187.6900000000000,1,1,0.00,7507.60,188.73,173.40,9.7,175.76,157.08,192.40,3,8.23,0.9269778798754351,0,LOW,No significant price anomaly,PO_PRICE_KMEANS,V1,1.7329910716518928,2026-09-10 12:33:29
4502002391,00010,2026-12-08,3000,US01,P300,V00007,MAT00001,75,EA,USD,482.85,479.4500000000000,1,1,0.00,35958.75,481.76,468.00,3.17,543.65,512.89,571.77,3,-11.18,0.9269212502687955,0,LOW,No significant price anomaly,PO_PRICE_KMEANS,V1,1.7329910716518928,2026-09-10 12:33:29
4502002224,00020,2026-08-04,2000,IN01,P200,V00046,MAT00020,10,EA,INR,21665.41,21682.6800000000000,1,1,0.00,216826.80,22143.46,20502.49,5.67,25467.62,15070.99,32761.16,3,-14.93,0.9262796197599515,0,LOW,No significant price anomaly,PO_PRICE_KMEANS,V1,1.7329910716518928,2026-09-10 12:33:29
4502002166,00060,2026-07-03,1000,DE01,P100,V00017,MAT00036,50,EA,EUR,237.84,243.8600000000000,1,1,0.00,12193.00,238.81,220.94,7.65,263.74,250.61,275.83,3,-9.82,0.9241090937443298,0,LOW,No significant price anomaly,PO_PRICE_KMEANS,V1,1.7329910716518928,2026-09-10 12:33:29
4502002165,00030,2026-07-03,1000,DE01,P100,V00031,MAT00027,75,EA,EUR,336.31,339.9100000000000,1,1,0.00,25493.25,336.54,321.65,4.56,366.49,353.04,377.79,3,-8.23,0.9237957312455178,0,LOW,No significant price anomaly,PO_PRICE_KMEANS,V1,1.7329910716518928,2026-09-10 12:33:29
4502002387,00060,2026-12-08,2000,IN01,P200,V00002,MAT00042,10,EA,INR,30698.04,30032.4300000000000,1,1,0.00,300324.30,29281.82,29284.26,4.83,27600.74,18762.95,31141.35,3,11.22,0.923270455794966,0,LOW,No significant price anomaly,PO_PRICE_KMEANS,V1,1.7329910716518928,2026-09-10 12:33:29
4502002321,00010,2026-11-09,1000,DE01,P100,V00015,MAT00001,50,EA,EUR,523.68,528.9200000000000,1,1,0.00,26446.00,525.68,494.96,5.8,473.94,453.60,523.50,3,10.49,0.9214478796175821,0,LOW,No significant price anomaly,PO_PRICE_KMEANS,V1,1.7329910716518928,2026-09-10 12:33:29
4502002388,00040,2026-12-08,2000,IN01,P200,V00014,MAT00046,40,EA,INR,38051.17,37447.6300000000000,1,1,0.00,1497905.20,37717.31,34588.18,10.01,34979.93,32225.83,37896.80,3,8.78,0.9213779975687894,0,LOW,No significant price anomaly,PO_PRICE_KMEANS,V1,1.7329910716518928,2026-09-10 12:33:29
4502002234,00050,2026-08-04,3000,US01,P300,V00011,MAT00023,75,EA,USD,540.72,554.4400000000000,1,1,0.00,41583.00,550.96,525.33,2.93,568.52,556.52,576.45,3,-4.89,0.9206564966288594,0,LOW,No significant price anomaly,PO_PRICE_KMEANS,V1,1.7329910716518928,2026-09-10 12:33:29
4502002368,00050,2026-12-08,1000,DE01,P100,V00002,MAT00047,20,EA,EUR,42.83,41.8500000000000,1,1,0.00,837.00,41.38,39.12,9.48,40.93,39.72,42.01,3,4.64,0.9196397107670818,0,LOW,No significant price anomaly,PO_PRICE_KMEANS,V1,1.7329910716518928,2026-09-10 12:33:29
4502002188,00060,2026-07-03,2000,IN01,P200,V00027,MAT00048,5,EA,INR,39076.66,39844.4500000000000,1,1,0.00,199222.25,39312.04,37963.80,2.93,45879.77,40576.06,57278.21,3,-14.83,0.9195355922005896,0,LOW,No significant price anomaly,PO_PRICE_KMEANS,V1,1.7329910716518928,2026-09-10 12:33:29
4502002279,00030,2026-09-07,3000,US01,P300,V00006,MAT00051,50,EA,USD,301.68,307.6000000000000,1,1,0.00,15380.00,308.95,286.18,5.42,352.44,313.69,453.76,3,-14.4,0.9191675079637721,0,LOW,No significant price anomaly,PO_PRICE_KMEANS,V1,1.7329910716518928,2026-09-10 12:33:29
4502002381,00050,2026-12-08,2000,IN01,P200,V00008,MAT00005,15,EA,INR,35375.83,35180.7200000000000,1,1,0.00,527710.80,34981.63,34498.86,2.54,41661.15,34104.72,52931.53,3,-15.09,0.9163189336033104,0,LOW,No significant price anomaly,PO_PRICE_KMEANS,V1,1.7329910716518928,2026-09-10 12:33:29
4502002288,00030,2026-10-06,1000,DE01,P100,V00044,MAT00045,15,EA,EUR,413.72,404.3900000000000,1,1,0.00,6065.85,405.61,381.07,8.57,453.26,418.23,467.51,3,-8.72,0.9162475977613531,0,LOW,No significant price anomaly,PO_PRICE_KMEANS,V1,1.7329910716518928,2026-09-10 12:33:29
4502002370,00060,2026-12-08,1000,DE01,P100,V00048,MAT00060,25,EA,EUR,563.65,567.4200000000000,1,1,0.00,14185.50,561.14,529.05,6.54,506.69,416.83,581.84,3,11.24,0.9151651054011766,0,LOW,No significant price anomaly,PO_PRICE_KMEANS,V1,1.7329910716518928,2026-09-10 12:33:29
4502002396,00030,2026-12-08,3000,US01,P300,V00007,MAT00033,5,EA,USD,163.05,160.5600000000000,1,1,0.00,802.80,162.75,149.66,8.95,180.92,168.80,190.22,3,-9.88,0.9148285525093048,0,LOW,No significant price anomaly,PO_PRICE_KMEANS,V1,1.7329910716518928,2026-09-10 12:33:29
4502002364,00030,2026-12-08,1000,DE01,P100,V00034,MAT00021,20,EA,EUR,475.82,468.7500000000000,0,0,0.00,0.00,460.83,436.91,8.91,440.61,404.76,482.07,3,7.99,0.913781154249646,0,LOW,No significant price anomaly,PO_PRICE_KMEANS,V1,1.7329910716518928,2026-09-10 12:33:29
4502002194,00060,2026-07-03,3000,US01,P300,V00014,MAT00024,10,EA,USD,409.16,405.3700000000000,1,1,0.00,4053.70,411.09,395.63,3.42,482.03,342.30,672.55,3,-15.12,0.9130770586871751,0,LOW,No significant price anomaly,PO_PRICE_KMEANS,V1,1.7329910716518928,2026-09-10 12:33:29
4502002211,00060,2026-08-04,1000,DE02,P100,V00027,MAT00006,100,EA,EUR,297.67,304.6900000000000,1,1,0.00,30469.00,303.41,290.88,2.33,333.84,317.65,347.07,3,-10.83,0.9114243271028537,0,LOW,No significant price anomaly,PO_PRICE_KMEANS,V1,1.7329910716518928,2026-09-10 12:33:29
4502002194,00030,2026-07-03,3000,US01,P300,V00012,MAT00021,15,EA,USD,513.88,506.3900000000000,1,1,0.00,7595.85,509.96,469.91,9.36,474.41,436.00,505.91,3,8.32,0.9109601598405872,0,LOW,No significant price anomaly,PO_PRICE_KMEANS,V1,1.7329910716518928,2026-09-10 12:33:29
4502002224,00040,2026-08-04,2000,IN01,P200,V00038,MAT00022,100,EA,INR,37806.59,37288.1700000000000,1,1,0.00,3728817.00,36780.46,34775.19,8.72,35838.74,34685.70,37194.39,3,5.49,0.9106105893178045,0,LOW,No significant price anomaly,PO_PRICE_KMEANS,V1,1.7329910716518928,2026-09-10 12:33:29
4502002308,00060,2026-10-06,2000,IN01,P200,V00020,MAT00048,15,EA,INR,46717.25,45911.9800000000000,1,1,0.00,688679.70,44810.97,44434.07,5.14,42359.16,39076.66,45889.84,3,10.29,0.910148327027553,0,LOW,No significant price anomaly,PO_PRICE_KMEANS,V1,1.7329910716518928,2026-09-10 12:33:29
4502002171,00050,2026-07-03,1000,DE02,P100,V00038,MAT00005,100,EA,EUR,422.82,426.8200000000000,1,1,0.00,42682.00,426.45,470.40,-10.11,453.53,376.03,597.81,3,-6.77,0.9095650761200536,0,LOW,No significant price anomaly,PO_PRICE_KMEANS,V1,1.7329910716518928,2026-09-10 12:33:29
4502002164,00020,2026-07-03,1000,DE01,P100,V00017,MAT00020,15,EA,EUR,236.01,232.7000000000000,1,1,0.00,3490.50,236.63,220.64,6.97,274.66,173.70,396.04,3,-14.07,0.9094872004328504,0,LOW,No significant price anomaly,PO_PRICE_KMEANS,V1,1.7329910716518928,2026-09-10 12:33:29
4502002180,00010,2026-07-03,1000,DE02,P100,V00030,MAT00055,50,EA,EUR,140.54,140.2900000000000,1,1,0.00,7014.50,138.36,127.23,10.46,159.06,134.27,232.85,3,-11.64,0.9079216671992999,0,LOW,No significant price anomaly,PO_PRICE_KMEANS,V1,1.7329910716518928,2026-09-10 12:33:29
4502002180,00060,2026-07-03,1000,DE02,P100,V00004,MAT00060,15,EA,EUR,559.53,560.3600000000000,1,1,0.00,8405.40,550.39,520.08,7.59,534.57,525.66,546.72,3,4.67,0.9073608221276441,0,LOW,No significant price anomaly,PO_PRICE_KMEANS,V1,1.7329910716518928,2026-09-10 12:33:29
4502002308,00020,2026-10-06,2000,IN01,P200,V00008,MAT00044,20,EA,INR,43274.86,42626.0800000000000,1,1,0.00,852521.60,41562.62,39626.33,9.21,47338.12,44607.20,49336.71,3,-8.58,0.9072581421902544,0,LOW,No significant price anomaly,PO_PRICE_KMEANS,V1,1.7329910716518928,2026-09-10 12:33:29
4502002194,00040,2026-07-03,3000,US01,P300,V00022,MAT00022,75,EA,USD,431.06,442.1100000000000,1,1,0.00,33158.25,451.70,480.58,-10.3,444.33,387.52,565.12,3,-2.99,0.9069371156498715,0,LOW,No significant price anomaly,PO_PRICE_KMEANS,V1,1.7329910716518928,2026-09-10 12:33:29
4502002255,00030,2026-09-07,1000,DE02,P100,V00008,MAT00027,50,EA,EUR,347.20,340.1200000000000,1,1,0.00,17006.00,343.64,315.17,10.16,389.89,339.46,444.90,3,-10.95,0.9069193276051926,0,LOW,No significant price anomaly,PO_PRICE_KMEANS,V1,1.7329910716518928,2026-09-10 12:33:29
4502002277,00020,2026-09-07,3000,US01,P300,V00008,MAT00038,50,EA,USD,213.61,208.5700000000000,1,1,0.00,10428.50,208.43,190.48,12.14,230.80,211.63,256.46,3,-7.45,0.9068483513014612,0,LOW,No significant price anomaly,PO_PRICE_KMEANS,V1,1.7329910716518928,2026-09-10 12:33:29
4502002182,00030,2026-07-03,2000,IN01,P200,V00013,MAT00009,10,EA,INR,11729.40,11548.3200000000000,1,1,0.00,115483.20,11834.19,11737.22,-0.07,13738.43,11024.55,17062.66,3,-14.62,0.9060992313110624,0,LOW,No significant price anomaly,PO_PRICE_KMEANS,V1,1.7329910716518928,2026-09-10 12:33:29
4502002251,00010,2026-09-07,1000,DE02,P100,V00012,MAT00001,25,EA,EUR,511.36,516.9200000000000,1,1,0.00,12923.00,526.45,491.98,3.94,472.46,463.26,499.51,3,8.23,0.9041833876457285,0,LOW,No significant price anomaly,PO_PRICE_KMEANS,V1,1.7329910716518928,2026-09-10 12:33:29
4502002169,00010,2026-07-03,1000,DE01,P100,V00015,MAT00049,100,EA,EUR,462.08,469.9900000000000,1,1,0.00,46999.00,478.99,438.70,5.33,421.06,406.81,460.02,3,9.74,0.9038849000232873,0,LOW,No significant price anomaly,PO_PRICE_KMEANS,V1,1.7329910716518928,2026-09-10 12:33:29
4502002210,00020,2026-08-04,1000,DE01,P100,V00036,MAT00056,100,EA,EUR,510.06,503.2000000000000,1,1,0.00,50320.00,504.10,453.83,12.39,560.97,448.86,852.44,3,-9.08,0.9032729264300097,0,LOW,No significant price anomaly,PO_PRICE_KMEANS,V1,1.7329910716518928,2026-09-10 12:33:29
4502002212,00020,2026-08-04,1000,DE02,P100,V00047,MAT00008,50,EA,EUR,73.83,73.0500000000000,1,1,0.00,3652.50,72.43,68.48,7.81,84.96,73.13,124.52,3,-13.1,0.9028348429356943,0,LOW,No significant price anomaly,PO_PRICE_KMEANS,V1,1.7329910716518928,2026-09-10 12:33:29
4502002326,00010,2026-11-09,1000,DE01,P100,V00043,MAT00031,5,EA,EUR,200.53,204.0600000000000,1,1,0.00,1020.30,205.71,191.41,4.76,215.34,209.27,221.23,3,-6.88,0.9020095284141705,0,LOW,No significant price anomaly,PO_PRICE_KMEANS,V1,1.7329910716518928,2026-09-10 12:33:29
4502002374,00040,2026-12-08,1000,DE02,P100,V00027,MAT00022,50,EA,EUR,355.50,356.5900000000000,1,1,0.00,17829.50,357.19,324.89,9.42,393.70,368.01,410.88,3,-9.7,0.9019089345409987,0,LOW,No significant price anomaly,PO_PRICE_KMEANS,V1,1.7329910716518928,2026-09-10 12:33:29
4502002337,00060,2026-11-09,1000,DE02,P100,V00012,MAT00042,8,EA,EUR,369.11,365.0700000000000,1,1,0.00,2920.56,363.19,351.01,5.16,334.06,310.73,355.73,3,10.49,0.9012719439982282,0,LOW,No significant price anomaly,PO_PRICE_KMEANS,V1,1.7329910716518928,2026-09-10 12:33:29
4502002164,00030,2026-07-03,1000,DE01,P100,V00027,MAT00021,50,EA,EUR,411.31,413.7000000000000,1,1,0.00,20685.00,403.68,382.85,7.43,456.52,425.46,482.07,3,-9.9,0.9006332798930473,0,LOW,No significant price anomaly,PO_PRICE_KMEANS,V1,1.7329910716518928,2026-09-10 12:33:29
4502002177,00050,2026-07-03,1000,DE02,P100,V00002,MAT00041,25,EA,EUR,353.37,358.8100000000000,1,1,0.00,8970.25,355.50,333.41,5.99,410.64,353.24,565.86,3,-13.95,0.9003817609198269,0,LOW,No significant price anomaly,PO_PRICE_KMEANS,V1,1.7329910716518928,2026-09-10 12:33:29
4502002186,00060,2026-07-03,2000,IN01,P200,V00039,MAT00036,50,EA,INR,24032.39,24348.3400000000000,1,1,0.00,1217417.00,23976.47,21946.17,9.51,27426.39,22826.35,38795.35,3,-12.37,0.8997612700544234,0,LOW,No significant price anomaly,PO_PRICE_KMEANS,V1,1.7329910716518928,2026-09-10 12:33:29
4502002272,00030,2026-09-07,3000,US01,P300,V00010,MAT00009,50,EA,USD,141.26,140.1900000000000,1,1,0.00,7009.50,140.74,136.26,3.67,131.63,126.84,136.15,3,7.32,0.8935333850617703,0,LOW,No significant price anomaly,PO_PRICE_KMEANS,V1,1.7329910716518928,2026-09-10 12:33:29
4502002324,00030,2026-11-09,1000,DE01,P100,V00027,MAT00021,25,EA,EUR,404.76,413.7000000000000,1,1,0.00,10342.50,411.31,384.88,5.17,454.66,425.46,482.07,3,-10.98,0.8934996868187817,0,LOW,No significant price anomaly,PO_PRICE_KMEANS,V1,1.7329910716518928,2026-09-10 12:33:29
4502002370,00040,2026-12-08,1000,DE01,P100,V00028,MAT00058,5,EA,EUR,289.14,282.1100000000000,0,0,0.00,0.00,282.89,267.44,8.11,263.51,239.15,329.92,3,9.73,0.8920951341677736,0,LOW,No significant price anomaly,PO_PRICE_KMEANS,V1,1.7329910716518928,2026-09-10 12:33:29
4502002361,00010,2026-12-08,1000,DE01,P100,V00022,MAT00001,50,EA,EUR,525.59,523.5700000000000,1,1,0.00,26178.50,523.50,477.36,10.1,485.24,453.60,525.68,3,8.32,0.8915381226606106,0,LOW,No significant price anomaly,PO_PRICE_KMEANS,V1,1.7329910716518928,2026-09-10 12:33:29
4502002346,00060,2026-11-09,2000,IN01,P200,V00039,MAT00036,15,EA,INR,23938.87,24348.3400000000000,1,1,0.00,365225.10,24032.39,22095.18,8.34,27521.40,22337.87,38795.35,3,-13.02,0.8907345373781795,0,LOW,No significant price anomaly,PO_PRICE_KMEANS,V1,1.7329910716518928,2026-09-10 12:33:29
4502002235,00060,2026-08-04,3000,US01,P300,V00025,MAT00030,15,EA,USD,37.12,37.1600000000000,1,1,0.00,557.40,36.69,34.44,7.78,34.35,32.57,36.51,3,8.06,0.8874253943472972,0,LOW,No significant price anomaly,PO_PRICE_KMEANS,V1,1.7329910716518928,2026-09-10 12:33:29
4502002385,00060,2026-12-08,2000,IN01,P200,V00014,MAT00030,10,EA,INR,3313.70,3262.9700000000000,1,1,0.00,32629.70,3323.89,3057.96,8.36,3038.38,2749.97,3259.98,3,9.06,0.8865656150459629,0,LOW,No significant price anomaly,PO_PRICE_KMEANS,V1,1.7329910716518928,2026-09-10 12:33:29
4502002386,00060,2026-12-08,2000,IN01,P200,V00046,MAT00036,75,EA,INR,22593.27,22723.0100000000000,1,1,0.00,1704225.75,22337.87,21317.35,5.99,24889.01,23938.87,26021.19,3,-9.22,0.8847678076104641,0,LOW,No significant price anomaly,PO_PRICE_KMEANS,V1,1.7329910716518928,2026-09-10 12:33:29
4502002252,00010,2026-09-07,1000,DE02,P100,V00044,MAT00007,25,EA,EUR,422.29,412.4100000000000,1,1,0.00,10310.25,405.06,374.42,12.79,441.25,415.77,468.31,3,-4.3,0.8847055386200233,0,LOW,No significant price anomaly,PO_PRICE_KMEANS,V1,1.7329910716518928,2026-09-10 12:33:29
4502002399,00020,2026-12-08,3000,US01,P300,V00037,MAT00050,100,EA,USD,465.19,474.8200000000000,1,1,0.00,47482.00,465.16,451.80,2.96,545.84,406.93,739.52,3,-14.78,0.8845713540559415,0,LOW,No significant price anomaly,PO_PRICE_KMEANS,V1,1.7329910716518928,2026-09-10 12:33:29
4502002395,00050,2026-12-08,3000,US01,P300,V00043,MAT00029,25,EA,USD,535.56,529.3700000000000,1,1,0.00,13234.25,538.29,504.39,6.18,594.20,579.27,638.41,3,-9.87,0.8844736787209634,0,LOW,No significant price anomaly,PO_PRICE_KMEANS,V1,1.7329910716518928,2026-09-10 12:33:29
4502002201,00020,2026-08-04,1000,DE01,P100,V00004,MAT00002,15,EA,EUR,170.48,167.6400000000000,1,1,0.00,2514.60,164.93,154.56,10.3,164.17,160.43,169.47,3,3.84,0.8806525111358441,0,LOW,No significant price anomaly,PO_PRICE_KMEANS,V1,1.7329910716518928,2026-09-10 12:33:29
4502002232,00050,2026-08-04,3000,US01,P300,V00023,MAT00011,5,EA,USD,381.14,382.5700000000000,1,1,0.00,1912.85,438.02,359.55,6.0,406.03,381.34,434.57,3,-6.13,0.8795705430117197,0,LOW,No significant price anomaly,PO_PRICE_KMEANS,V1,1.7329910716518928,2026-09-10 12:33:29
4502002325,00030,2026-11-09,1000,DE01,P100,V00031,MAT00027,10,EA,EUR,343.06,339.9100000000000,1,1,0.00,3399.10,336.31,322.70,6.31,370.05,358.03,381.00,3,-7.29,0.8771695937317772,0,LOW,No significant price anomaly,PO_PRICE_KMEANS,V1,1.7329910716518928,2026-09-10 12:33:29
4502002368,00060,2026-12-08,1000,DE01,P100,V00012,MAT00048,5,EA,EUR,486.67,484.5900000000000,1,1,0.00,2422.95,492.19,476.20,2.2,439.86,409.15,467.88,3,10.64,0.8756241408701583,0,LOW,No significant price anomaly,PO_PRICE_KMEANS,V1,1.7329910716518928,2026-09-10 12:33:29
4502002248,00060,2026-09-07,1000,DE01,P100,V00019,MAT00048,15,EA,EUR,446.29,457.3200000000000,1,1,0.00,6859.80,458.59,393.43,13.44,469.42,409.15,494.25,3,-4.93,0.8754279243974442,0,LOW,No significant price anomaly,PO_PRICE_KMEANS,V1,1.7329910716518928,2026-09-10 12:33:29
4502002328,00010,2026-11-09,1000,DE01,P100,V00031,MAT00043,40,EA,EUR,471.73,461.9300000000000,1,1,0.00,18477.20,452.38,422.25,11.72,493.10,475.45,508.60,3,-4.33,0.8722648660660575,0,LOW,No significant price anomaly,PO_PRICE_KMEANS,V1,1.7329910716518928,2026-09-10 12:33:29
4502002337,00050,2026-11-09,1000,DE02,P100,V00002,MAT00041,50,EA,EUR,353.31,358.8100000000000,1,1,0.00,17940.50,353.37,334.83,5.52,409.72,346.70,565.86,3,-13.77,0.8719413119164031,0,LOW,No significant price anomaly,PO_PRICE_KMEANS,V1,1.7329910716518928,2026-09-10 12:33:29
4502002202,00040,2026-08-04,1000,DE01,P100,V00028,MAT00010,5,EA,EUR,103.65,103.3000000000000,1,1,0.00,516.50,104.44,96.31,7.62,94.54,88.18,110.73,3,9.64,0.8717850498761424,0,LOW,No significant price anomaly,PO_PRICE_KMEANS,V1,1.7329910716518928,2026-09-10 12:33:29
4502002372,00020,2026-12-08,1000,DE02,P100,V00047,MAT00008,8,EA,EUR,73.76,73.0500000000000,1,1,0.00,584.40,73.83,68.86,7.12,84.98,72.13,124.52,3,-13.2,0.8701773279014404,0,LOW,No significant price anomaly,PO_PRICE_KMEANS,V1,1.7329910716518928,2026-09-10 12:33:29
4502002333,00030,2026-11-09,1000,DE02,P100,V00006,MAT00015,50,EA,EUR,400.73,395.6300000000000,1,1,0.00,19781.50,392.59,366.94,9.21,453.02,384.46,597.16,3,-11.54,0.8685894455343094,0,LOW,No significant price anomaly,PO_PRICE_KMEANS,V1,1.7329910716518928,2026-09-10 12:33:29
4502002168,00010,2026-07-03,1000,DE01,P100,V00031,MAT00043,8,EA,EUR,452.38,461.9300000000000,1,1,0.00,3695.44,457.18,419.93,7.73,495.46,474.84,516.07,3,-8.69,0.8670338033120938,0,LOW,No significant price anomaly,PO_PRICE_KMEANS,V1,1.7329910716518928,2026-09-10 12:33:29
4502002327,00060,2026-11-09,1000,DE01,P100,V00001,MAT00042,15,EA,EUR,337.40,331.3600000000000,1,1,0.00,4970.40,336.27,309.82,8.9,310.67,210.16,380.36,3,8.6,0.8667587649170069,0,LOW,No significant price anomaly,PO_PRICE_KMEANS,V1,1.7329910716518928,2026-09-10 12:33:29
4502002209,00030,2026-08-04,1000,DE01,P100,V00014,MAT00051,75,EA,EUR,326.22,318.6600000000000,1,1,0.00,23899.50,314.23,312.55,4.37,296.64,269.40,323.10,3,9.97,0.8661631451848084,0,LOW,No significant price anomaly,PO_PRICE_KMEANS,V1,1.7329910716518928,2026-09-10 12:33:29
4502002320,00030,2026-10-06,3000,US01,P300,V00017,MAT00057,50,EA,USD,372.21,381.6600000000000,1,1,0.00,19083.00,384.00,358.30,3.88,406.29,391.75,420.15,3,-8.39,0.8620454300291625,0,LOW,No significant price anomaly,PO_PRICE_KMEANS,V1,1.7329910716518928,2026-09-10 12:33:29
4502002163,00020,2026-07-03,1000,DE01,P100,V00013,MAT00014,40,EA,EUR,76.90,75.7200000000000,1,1,0.00,3028.80,75.13,68.43,12.38,74.84,73.18,79.66,3,2.75,0.8581244818528094,0,LOW,No significant price anomaly,PO_PRICE_KMEANS,V1,1.7329910716518928,2026-09-10 12:33:29
4502002243,00050,2026-09-07,1000,DE01,P100,V00001,MAT00017,15,EA,EUR,96.53,98.2800000000000,1,1,0.00,1474.20,100.52,89.84,7.45,107.34,96.85,111.45,3,-10.07,0.8580256061761545,0,LOW,No significant price anomaly,PO_PRICE_KMEANS,V1,1.7329910716518928,2026-09-10 12:33:29
4502002326,00060,2026-11-09,1000,DE01,P100,V00017,MAT00036,8,EA,EUR,241.88,243.8600000000000,1,1,0.00,1950.88,237.84,222.15,8.88,263.29,249.59,274.17,3,-8.13,0.8573147957189067,0,LOW,No significant price anomaly,PO_PRICE_KMEANS,V1,1.7329910716518928,2026-09-10 12:33:29
4502002269,00050,2026-09-07,2000,IN01,P200,V00035,MAT00053,40,EA,INR,12777.60,12738.2500000000000,1,1,0.00,509530.00,12582.95,14153.23,-9.72,13051.45,12583.19,13456.53,3,-2.1,0.8571049430273654,0,LOW,No significant price anomaly,PO_PRICE_KMEANS,V1,1.7329910716518928,2026-09-10 12:33:29
4502002330,00030,2026-11-09,1000,DE01,P100,V00039,MAT00057,25,EA,EUR,379.73,378.6300000000000,1,1,0.00,9465.75,385.67,354.30,7.18,434.87,356.03,628.59,3,-12.68,0.8569405865429386,0,LOW,No significant price anomaly,PO_PRICE_KMEANS,V1,1.7329910716518928,2026-09-10 12:33:29
4502002399,00060,2026-12-08,3000,US01,P300,V00001,MAT00054,50,EA,USD,471.65,478.5000000000000,1,1,0.00,23925.00,490.25,436.27,8.11,521.07,473.10,542.32,3,-9.48,0.8560896776995791,0,LOW,No significant price anomaly,PO_PRICE_KMEANS,V1,1.7329910716518928,2026-09-10 12:33:29
4502002176,00060,2026-07-03,1000,DE02,P100,V00028,MAT00036,100,EA,EUR,289.04,289.1800000000000,1,1,0.00,28918.00,287.59,270.26,6.95,331.81,246.16,618.56,3,-12.89,0.8552120819690094,0,LOW,No significant price anomaly,PO_PRICE_KMEANS,V1,1.7329910716518928,2026-09-10 12:33:29
4502002188,00050,2026-07-03,2000,IN01,P200,V00017,MAT00047,5,EA,INR,3685.19,3738.7500000000000,1,1,0.00,18693.75,3822.41,3458.84,6.54,4107.01,3904.95,4387.46,3,-10.27,0.8551354065613819,0,LOW,No significant price anomaly,PO_PRICE_KMEANS,V1,1.7329910716518928,2026-09-10 12:33:29
4502002266,00050,2026-09-07,2000,IN01,P200,V00043,MAT00035,40,EA,INR,12029.94,11900.6100000000000,1,1,0.00,476024.40,11960.84,10959.58,9.77,13254.77,12504.01,14648.40,3,-9.24,0.8549837304686642,0,LOW,No significant price anomaly,PO_PRICE_KMEANS,V1,1.7329910716518928,2026-09-10 12:33:29
4502002195,00060,2026-07-03,3000,US01,P300,V00046,MAT00030,40,EA,USD,33.38,32.6300000000000,1,1,0.00,1305.20,32.57,30.89,8.06,35.81,34.31,36.69,3,-6.79,0.8542197883724086,0,LOW,No significant price anomaly,PO_PRICE_KMEANS,V1,1.7329910716518928,2026-09-10 12:33:29
4502002184,00050,2026-07-03,2000,IN01,P200,V00041,MAT00023,8,EA,INR,45921.32,45689.2300000000000,1,1,0.00,365513.84,45023.78,40363.83,13.77,47264.89,42663.09,50343.97,3,-2.84,0.8533700942075033,0,LOW,No significant price anomaly,PO_PRICE_KMEANS,V1,1.7329910716518928,2026-09-10 12:33:29
4502002171,00060,2026-07-03,1000,DE02,P100,V00048,MAT00006,15,EA,EUR,347.07,342.2600000000000,1,1,0.00,5133.90,343.81,318.60,8.94,324.69,303.41,342.06,3,6.89,0.8521042648760151,0,LOW,No significant price anomaly,PO_PRICE_KMEANS,V1,1.7329910716518928,2026-09-10 12:33:29
4502002244,00060,2026-09-07,1000,DE01,P100,V00043,MAT00024,25,EA,EUR,318.28,314.8200000000000,1,1,0.00,7870.50,319.89,302.00,5.39,353.69,337.06,376.01,3,-10.01,0.8509688907423334,0,LOW,No significant price anomaly,PO_PRICE_KMEANS,V1,1.7329910716518928,2026-09-10 12:33:29
4502002348,00050,2026-11-09,2000,IN01,P200,V00017,MAT00047,50,EA,INR,3821.03,3738.7500000000000,1,1,0.00,186937.50,3685.19,3475.01,9.96,4109.23,3910.61,4464.70,3,-7.01,0.8504460594288715,0,LOW,No significant price anomaly,PO_PRICE_KMEANS,V1,1.7329910716518928,2026-09-10 12:33:29
4502002194,00010,2026-07-03,3000,US01,P300,V00040,MAT00019,25,EA,USD,160.70,163.3200000000000,1,1,0.00,4083.00,163.36,147.91,8.65,153.82,150.93,157.01,3,4.47,0.8498599256761433,0,LOW,No significant price anomaly,PO_PRICE_KMEANS,V1,1.7329910716518928,2026-09-10 12:33:29
4502002339,00010,2026-11-09,1000,DE02,P100,V00026,MAT00049,8,EA,EUR,425.32,420.5600000000000,1,1,0.00,3364.48,430.16,394.24,7.88,485.00,423.70,689.98,3,-12.31,0.849592244421123,0,LOW,No significant price anomaly,PO_PRICE_KMEANS,V1,1.7329910716518928,2026-09-10 12:33:29
4502002162,00060,2026-07-03,1000,DE01,P100,V00041,MAT00012,8,EA,EUR,430.21,428.9600000000000,1,1,0.00,3431.68,437.11,399.38,7.72,488.78,408.55,622.24,3,-11.98,0.8478113589212679,0,LOW,No significant price anomaly,PO_PRICE_KMEANS,V1,1.7329910716518928,2026-09-10 12:33:29
4502002377,00030,2026-12-08,1000,DE02,P100,V00037,MAT00039,100,EA,EUR,539.02,534.2000000000000,1,1,0.00,53420.00,535.82,499.12,7.99,497.36,475.15,561.41,3,8.38,0.846601789287382,0,LOW,No significant price anomaly,PO_PRICE_KMEANS,V1,1.7329910716518928,2026-09-10 12:33:29
4502002290,00050,2026-10-06,1000,DE01,P100,V00004,MAT00059,40,EA,EUR,503.16,495.5500000000000,1,1,0.00,19822.00,493.58,451.53,11.43,478.79,450.64,511.64,3,5.09,0.8452887541323035,0,LOW,No significant price anomaly,PO_PRICE_KMEANS,V1,1.7329910716518928,2026-09-10 12:33:29
4502002330,00020,2026-11-09,1000,DE01,P100,V00029,MAT00056,15,EA,EUR,499.94,490.0800000000000,1,1,0.00,7351.20,480.21,463.13,7.95,560.82,448.86,852.44,3,-10.86,0.8447806879328098,0,LOW,No significant price anomaly,PO_PRICE_KMEANS,V1,1.7329910716518928,2026-09-10 12:33:29
4502002200,00060,2026-07-03,3000,US01,P300,V00026,MAT00060,50,EA,USD,570.18,566.1200000000000,1,1,0.00,28306.00,560.97,543.17,4.97,659.97,578.05,946.41,3,-13.61,0.8442674930095433,0,LOW,No significant price anomaly,PO_PRICE_KMEANS,V1,1.7329910716518928,2026-09-10 12:33:29
4502002201,00010,2026-08-04,1000,DE01,P100,V00022,MAT00001,75,EA,EUR,523.50,523.5700000000000,1,1,0.00,39267.75,513.28,473.82,10.48,490.56,461.63,525.68,3,6.71,0.8436995584637514,0,LOW,No significant price anomaly,PO_PRICE_KMEANS,V1,1.7329910716518928,2026-09-10 12:33:29
4502002170,00020,2026-07-03,1000,DE01,P100,V00029,MAT00056,5,EA,EUR,480.21,490.0800000000000,1,1,0.00,2450.40,480.93,461.82,3.98,558.58,445.10,852.44,3,-14.03,0.8436960619363036,0,LOW,No significant price anomaly,PO_PRICE_KMEANS,V1,1.7329910716518928,2026-09-10 12:33:29
4502002209,00050,2026-08-04,1000,DE01,P100,V00034,MAT00053,25,EA,EUR,160.84,158.8600000000000,1,1,0.00,3971.50,157.64,147.95,8.71,149.49,139.01,161.95,3,7.59,0.842660031902457,0,LOW,No significant price anomaly,PO_PRICE_KMEANS,V1,1.7329910716518928,2026-09-10 12:33:29
4502002219,00040,2026-08-04,1000,DE02,P100,V00035,MAT00052,100,EA,EUR,303.00,302.7000000000000,1,1,0.00,30270.00,303.42,277.72,9.1,332.32,309.42,351.03,3,-8.82,0.8395700839907907,0,LOW,No significant price anomaly,PO_PRICE_KMEANS,V1,1.7329910716518928,2026-09-10 12:33:29
4502002208,00060,2026-08-04,1000,DE01,P100,V00012,MAT00048,8,EA,EUR,492.19,484.5900000000000,1,1,0.00,3876.72,494.25,474.97,3.63,446.68,409.15,483.64,3,10.19,0.8384697165337489,0,LOW,No significant price anomaly,PO_PRICE_KMEANS,V1,1.7329910716518928,2026-09-10 12:33:29
4502002201,00030,2026-08-04,1000,DE01,P100,V00014,MAT00003,10,EA,EUR,121.65,122.1500000000000,1,1,0.00,1221.50,119.40,112.93,7.72,112.08,101.42,124.27,3,8.54,0.8357263052535626,0,LOW,No significant price anomaly,PO_PRICE_KMEANS,V1,1.7329910716518928,2026-09-10 12:33:29
4502002198,00060,2026-07-03,3000,US01,P300,V00038,MAT00048,10,EA,USD,537.99,528.2300000000000,1,1,0.00,5282.30,538.61,528.06,1.88,491.80,463.49,519.73,3,9.39,0.8354778474034745,0,LOW,No significant price anomaly,PO_PRICE_KMEANS,V1,1.7329910716518928,2026-09-10 12:33:29
4502002192,00060,2026-07-03,3000,US01,P300,V00026,MAT00012,40,EA,USD,470.13,465.0700000000000,1,1,0.00,18602.80,454.97,426.95,10.11,447.88,304.86,508.69,3,4.97,0.8327639268376053,0,LOW,No significant price anomaly,PO_PRICE_KMEANS,V1,1.7329910716518928,2026-09-10 12:33:29
4502002258,00040,2026-09-07,1000,DE02,P100,V00010,MAT00046,25,EA,EUR,390.41,385.4200000000000,1,1,0.00,9635.50,381.90,356.72,9.44,436.19,349.82,544.80,3,-10.5,0.8319303760559695,0,LOW,No significant price anomaly,PO_PRICE_KMEANS,V1,1.7329910716518928,2026-09-10 12:33:29
4502002263,00060,2026-09-07,2000,IN01,P200,V00033,MAT00018,600,EA,INR,15759.32,15384.6400000000000,1,1,0.00,9230784.00,15353.17,14687.67,7.3,14428.83,8822.61,16931.19,3,9.22,0.8316695183272311,0,LOW,No significant price anomaly,PO_PRICE_KMEANS,V1,1.7329910716518928,2026-09-10 12:33:29
4502002326,00020,2026-11-09,1000,DE01,P100,V00005,MAT00032,20,EA,EUR,395.60,392.0200000000000,1,1,0.00,7840.40,384.25,364.71,8.47,368.99,343.03,401.14,3,7.21,0.8309937766536875,0,LOW,No significant price anomaly,PO_PRICE_KMEANS,V1,1.7329910716518928,2026-09-10 12:33:29
4502002283,00060,2026-10-06,1000,DE01,P100,V00018,MAT00018,25,EA,EUR,167.77,171.6600000000000,0,0,0.00,0.00,173.66,163.69,2.49,193.51,177.03,255.01,3,-13.3,0.827563104574331,0,LOW,No significant price anomaly,PO_PRICE_KMEANS,V1,1.7329910716518928,2026-09-10 12:33:29
4502002317,00030,2026-10-06,3000,US01,P300,V00025,MAT00039,5,EA,USD,600.01,587.5700000000000,1,1,0.00,2937.85,601.48,548.98,9.3,571.62,557.36,600.82,3,4.97,0.8275063593823125,0,LOW,No significant price anomaly,PO_PRICE_KMEANS,V1,1.7329910716518928,2026-09-10 12:33:29
4502002166,00010,2026-07-03,1000,DE01,P100,V00043,MAT00031,100,EA,EUR,205.71,204.0600000000000,1,1,0.00,20406.00,201.84,190.31,8.09,230.39,209.27,301.96,3,-10.71,0.8273690540345844,0,LOW,No significant price anomaly,PO_PRICE_KMEANS,V1,1.7329910716518928,2026-09-10 12:33:29
4502002203,00040,2026-08-04,1000,DE01,P100,V00012,MAT00016,40,EA,EUR,170.63,169.3100000000000,1,1,0.00,6772.40,172.93,157.66,8.23,158.09,145.60,169.40,3,7.93,0.824984913219865,0,LOW,No significant price anomaly,PO_PRICE_KMEANS,V1,1.7329910716518928,2026-09-10 12:33:29
4502002361,00030,2026-12-08,1000,DE01,P100,V00014,MAT00003,8,EA,EUR,122.83,122.1500000000000,1,1,0.00,977.20,121.65,113.56,8.16,113.53,101.42,124.64,3,8.19,0.8234578980478119,0,LOW,No significant price anomaly,PO_PRICE_KMEANS,V1,1.7329910716518928,2026-09-10 12:33:29
4502002350,00010,2026-11-09,2000,IN01,P200,V00041,MAT00055,50,EA,INR,13990.31,13760.2000000000000,1,1,0.00,688010.00,13961.01,12891.72,8.52,15663.57,13031.86,20145.60,3,-10.68,0.8224543042358909,0,LOW,No significant price anomaly,PO_PRICE_KMEANS,V1,1.7329910716518928,2026-09-10 12:33:29
4502002374,00010,2026-12-08,1000,DE02,P100,V00025,MAT00019,20,EA,EUR,148.31,149.9000000000000,1,1,0.00,2998.00,152.91,140.56,5.51,170.70,140.97,282.93,3,-13.12,0.8203957204301137,0,LOW,No significant price anomaly,PO_PRICE_KMEANS,V1,1.7329910716518928,2026-09-10 12:33:29
4502002297,00060,2026-10-06,1000,DE02,P100,V00005,MAT00042,20,EA,EUR,353.06,356.6800000000000,1,1,0.00,7133.60,355.73,380.21,-7.14,333.07,310.73,363.19,3,6.0,0.820268834853988,0,LOW,No significant price anomaly,PO_PRICE_KMEANS,V1,1.7329910716518928,2026-09-10 12:33:29
4502002221,00010,2026-08-04,2000,IN01,P200,V00044,MAT00001,5,EA,INR,40422.72,40599.1200000000000,1,1,0.00,202995.60,39600.65,36361.45,11.17,43543.69,40972.18,46938.81,3,-7.17,0.8196853302032365,0,LOW,No significant price anomaly,PO_PRICE_KMEANS,V1,1.7329910716518928,2026-09-10 12:33:29
4502002354,00010,2026-11-09,3000,US01,P300,V00040,MAT00019,40,EA,USD,159.91,163.3200000000000,1,1,0.00,6532.80,160.70,148.83,7.44,153.78,151.22,156.84,3,3.99,0.8187474607942149,0,LOW,No significant price anomaly,PO_PRICE_KMEANS,V1,1.7329910716518928,2026-09-10 12:33:29
4502002336,00040,2026-11-09,1000,DE02,P100,V00036,MAT00034,600,EA,EUR,561.99,553.9600000000000,1,1,0.00,332376.00,546.43,539.84,4.1,645.45,549.43,870.93,3,-12.93,0.8185866064212697,0,LOW,No significant price anomaly,PO_PRICE_KMEANS,V1,1.7329910716518928,2026-09-10 12:33:29
4502002400,00010,2026-12-08,3000,US01,P300,V00011,MAT00055,50,EA,USD,164.37,166.9800000000000,1,1,0.00,8349.00,167.80,161.70,1.65,173.36,168.28,176.59,3,-5.19,0.8185269110898344,0,LOW,No significant price anomaly,PO_PRICE_KMEANS,V1,1.7329910716518928,2026-09-10 12:33:29
4502002190,00040,2026-07-03,2000,IN01,P200,V00023,MAT00058,100,EA,INR,22233.10,21886.9600000000000,1,1,0.00,2188696.00,21901.29,19739.21,12.63,22758.91,22157.22,23371.44,3,-2.31,0.8176794371137907,0,LOW,No significant price anomaly,PO_PRICE_KMEANS,V1,1.7329910716518928,2026-09-10 12:33:29
4502002299,00050,2026-10-06,1000,DE02,P100,V00031,MAT00053,100,EA,EUR,141.55,140.8600000000000,1,1,0.00,14086.00,143.81,134.48,5.26,162.96,142.69,222.94,3,-13.14,0.8162946999862295,0,LOW,No significant price anomaly,PO_PRICE_KMEANS,V1,1.7329910716518928,2026-09-10 12:33:29
4502002398,00020,2026-12-08,3000,US01,P300,V00033,MAT00044,100,EA,USD,515.10,511.4200000000000,1,1,0.00,51142.00,506.91,477.68,7.83,579.25,509.37,771.48,3,-11.07,0.8159056762915489,0,LOW,No significant price anomaly,PO_PRICE_KMEANS,V1,1.7329910716518928,2026-09-10 12:33:29
4502002228,00040,2026-08-04,2000,IN01,P200,V00014,MAT00046,75,EA,INR,37717.31,37447.6300000000000,1,1,0.00,2808572.25,37927.61,34347.47,9.81,35172.21,32400.04,38278.29,3,7.24,0.8157668997644105,0,LOW,No significant price anomaly,PO_PRICE_KMEANS,V1,1.7329910716518928,2026-09-10 12:33:29
4502002165,00020,2026-07-03,1000,DE01,P100,V00001,MAT00026,10,EA,EUR,114.10,112.4300000000000,1,1,0.00,1124.30,109.95,101.46,12.46,112.68,107.27,126.31,3,1.26,0.8145389324359601,0,LOW,No significant price anomaly,PO_PRICE_KMEANS,V1,1.7329910716518928,2026-09-10 12:33:29
4502002335,00010,2026-11-09,1000,DE02,P100,V00002,MAT00025,15,EA,EUR,309.13,304.8000000000000,1,1,0.00,4572.00,298.10,283.22,9.15,290.92,225.75,328.41,3,6.26,0.8139060197036287,0,LOW,No significant price anomaly,PO_PRICE_KMEANS,V1,1.7329910716518928,2026-09-10 12:33:29
4502002295,00030,2026-10-06,1000,DE02,P100,V00015,MAT00027,25,EA,EUR,383.93,389.8400000000000,1,1,0.00,9746.00,418.16,377.39,1.73,355.45,339.46,396.46,3,8.01,0.8132194315919543,0,LOW,No significant price anomaly,PO_PRICE_KMEANS,V1,1.7329910716518928,2026-09-10 12:33:29
4502002224,00010,2026-08-04,2000,IN01,P200,V00036,MAT00019,15,EA,INR,13664.52,13595.0800000000000,1,1,0.00,203926.20,13647.46,12591.33,8.52,12732.64,11777.75,13546.90,3,7.32,0.8129078352875078,0,LOW,No significant price anomaly,PO_PRICE_KMEANS,V1,1.7329910716518928,2026-09-10 12:33:29
4502002382,00050,2026-12-08,2000,IN01,P200,V00012,MAT00011,50,EA,INR,38645.72,38261.8100000000000,1,1,0.00,1913090.50,37773.51,34655.51,11.51,36962.10,34457.58,40396.16,3,4.55,0.8120461896869579,0,LOW,No significant price anomaly,PO_PRICE_KMEANS,V1,1.7329910716518928,2026-09-10 12:33:29
4502002329,00050,2026-11-09,1000,DE01,P100,V00027,MAT00053,10,EA,EUR,139.21,140.2000000000000,1,1,0.00,1402.00,139.01,138.67,0.39,155.82,144.03,162.43,3,-10.66,0.8104214950863038,0,LOW,No significant price anomaly,PO_PRICE_KMEANS,V1,1.7329910716518928,2026-09-10 12:33:29
4502002357,00040,2026-11-09,3000,US01,P300,V00014,MAT00040,15,EA,USD,323.67,322.3500000000000,1,1,0.00,4835.25,325.47,300.13,7.84,298.92,271.68,326.17,3,8.28,0.8099155334474364,0,LOW,No significant price anomaly,PO_PRICE_KMEANS,V1,1.7329910716518928,2026-09-10 12:33:29
4502002229,00030,2026-08-04,2000,IN01,P200,V00036,MAT00051,10,EA,INR,28046.59,28034.2000000000000,1,1,0.00,280342.00,28202.26,27040.53,3.72,26395.11,25291.11,26876.26,3,6.26,0.8096783788740131,0,LOW,No significant price anomaly,PO_PRICE_KMEANS,V1,1.7329910716518928,2026-09-10 12:33:29
4502002367,00050,2026-12-08,1000,DE01,P100,V00046,MAT00041,20,EA,EUR,356.51,348.3900000000000,1,1,0.00,6967.80,356.39,334.07,6.72,388.49,367.14,406.35,3,-8.23,0.8082421293592705,0,LOW,No significant price anomaly,PO_PRICE_KMEANS,V1,1.7329910716518928,2026-09-10 12:33:29
4502002278,00050,2026-09-07,3000,US01,P300,V00042,MAT00047,50,EA,USD,45.16,45.0900000000000,1,1,0.00,2254.50,45.60,43.50,3.82,51.72,45.17,59.78,3,-12.68,0.8077036312492517,0,LOW,No significant price anomaly,PO_PRICE_KMEANS,V1,1.7329910716518928,2026-09-10 12:33:29
4502002317,00050,2026-10-06,3000,US01,P300,V00017,MAT00041,10,EA,USD,383.27,376.3000000000000,1,1,0.00,3763.00,367.13,365.89,4.75,412.42,396.92,425.35,3,-7.07,0.8075118433450056,0,LOW,No significant price anomaly,PO_PRICE_KMEANS,V1,1.7329910716518928,2026-09-10 12:33:29
4502002230,00040,2026-08-04,2000,IN01,P200,V00002,MAT00058,40,EA,INR,23101.10,22830.5300000000000,1,1,0.00,913221.20,22320.25,21163.39,9.16,22447.45,21901.29,23349.12,3,2.91,0.8064340214408884,0,LOW,No significant price anomaly,PO_PRICE_KMEANS,V1,1.7329910716518928,2026-09-10 12:33:29
4502002184,00010,2026-07-03,2000,IN01,P200,V00029,MAT00019,20,EA,INR,13546.90,13240.7300000000000,1,1,0.00,264814.60,13389.51,12715.48,6.54,12533.80,11777.75,13647.46,3,8.08,0.806137424743802,0,LOW,No significant price anomaly,PO_PRICE_KMEANS,V1,1.7329910716518928,2026-09-10 12:33:29
4502002186,00030,2026-07-03,2000,IN01,P200,V00037,MAT00033,100,EA,INR,15676.26,15559.3900000000000,1,1,0.00,1555939.00,15467.40,14191.96,10.46,14703.96,13553.45,18282.32,3,6.61,0.8048281406310646,0,LOW,No significant price anomaly,PO_PRICE_KMEANS,V1,1.7329910716518928,2026-09-10 12:33:29
4502002169,00040,2026-07-03,1000,DE01,P100,V00017,MAT00052,25,EA,EUR,301.16,297.7900000000000,1,1,0.00,7444.75,294.52,275.57,9.29,321.88,306.76,339.20,3,-6.44,0.8039525546585027,0,LOW,No significant price anomaly,PO_PRICE_KMEANS,V1,1.7329910716518928,2026-09-10 12:33:29
4502002299,00010,2026-10-06,1000,DE02,P100,V00019,MAT00049,10,EA,EUR,431.89,433.4800000000000,1,1,0.00,4334.80,423.70,397.07,8.77,484.95,425.17,689.98,3,-10.94,0.8032899585482258,0,LOW,No significant price anomaly,PO_PRICE_KMEANS,V1,1.7329910716518928,2026-09-10 12:33:29
4502002275,00050,2026-09-07,3000,US01,P300,V00022,MAT00029,25,EA,USD,638.41,627.2600000000000,1,1,0.00,15681.50,636.16,582.74,9.55,596.66,538.29,670.54,3,7.0,0.8023497319400719,0,LOW,No significant price anomaly,PO_PRICE_KMEANS,V1,1.7329910716518928,2026-09-10 12:33:29
4502002367,00010,2026-12-08,1000,DE01,P100,V00034,MAT00037,10,EA,EUR,307.36,309.5700000000000,1,1,0.00,3095.70,304.42,275.10,11.73,293.45,268.52,321.85,3,4.74,0.8015126962685323,0,LOW,No significant price anomaly,PO_PRICE_KMEANS,V1,1.7329910716518928,2026-09-10 12:33:29
4502002320,00010,2026-10-06,3000,US01,P300,V00025,MAT00055,8,EA,USD,176.59,172.8500000000000,1,1,0.00,1382.80,174.38,167.76,5.26,167.80,164.13,173.49,3,5.24,0.8012068436818236,0,LOW,No significant price anomaly,PO_PRICE_KMEANS,V1,1.7329910716518928,2026-09-10 12:33:29
4502002247,00060,2026-09-07,1000,DE01,P100,V00035,MAT00042,75,EA,EUR,325.44,318.1000000000000,1,1,0.00,23857.50,316.79,309.02,5.31,296.87,210.16,380.36,3,9.62,0.8008462175275888,0,LOW,No significant price anomaly,PO_PRICE_KMEANS,V1,1.7329910716518928,2026-09-10 12:33:29
4502002330,00050,2026-11-09,1000,DE01,P100,V00031,MAT00059,75,EA,EUR,441.30,448.8100000000000,1,1,0.00,33660.75,450.64,425.09,3.81,488.31,456.73,511.64,3,-9.63,0.8001652090267922,0,LOW,No significant price anomaly,PO_PRICE_KMEANS,V1,1.7329910716518928,2026-09-10 12:33:29
4502002297,00010,2026-10-06,1000,DE02,P100,V00031,MAT00037,15,EA,EUR,275.59,274.4900000000000,1,1,0.00,4117.35,274.76,256.48,7.45,311.30,281.00,396.66,3,-11.47,0.7999836479062653,0,LOW,No significant price anomaly,PO_PRICE_KMEANS,V1,1.7329910716518928,2026-09-10 12:33:29
4502002310,00060,2026-10-06,2000,IN01,P200,V00008,MAT00060,10,EA,INR,47081.43,47019.6900000000000,1,1,0.00,470196.90,47622.16,43999.47,7.0,51431.82,48146.53,53655.53,3,-8.46,0.7999065992462514,0,LOW,No significant price anomaly,PO_PRICE_KMEANS,V1,1.7329910716518928,2026-09-10 12:33:29
4502002304,00060,2026-10-06,2000,IN01,P200,V00044,MAT00024,40,EA,INR,29379.32,28926.2600000000000,1,1,0.00,1157050.40,28338.06,32143.95,-8.6,29156.91,20988.49,33155.30,3,0.76,0.7998230058966371,0,LOW,No significant price anomaly,PO_PRICE_KMEANS,V1,1.7329910716518928,2026-09-10 12:33:29
4502002180,00050,2026-07-03,1000,DE02,P100,V00042,MAT00059,8,EA,EUR,432.54,443.0600000000000,1,1,0.00,3544.48,448.04,410.12,5.47,493.97,335.22,701.61,3,-12.44,0.7997176466098908,0,LOW,No significant price anomaly,PO_PRICE_KMEANS,V1,1.7329910716518928,2026-09-10 12:33:29
4502002245,00010,2026-09-07,1000,DE01,P100,V00025,MAT00025,8,EA,EUR,331.01,336.9800000000000,1,1,0.00,2695.84,342.37,321.32,3.02,308.56,297.42,320.80,3,7.28,0.7992954947415407,0,LOW,No significant price anomaly,PO_PRICE_KMEANS,V1,1.7329910716518928,2026-09-10 12:33:29
4502002392,00050,2026-12-08,3000,US01,P300,V00023,MAT00011,25,EA,USD,385.66,382.5700000000000,1,1,0.00,9564.25,381.14,361.09,6.8,435.80,391.27,515.15,3,-11.51,0.7983912558474487,0,LOW,No significant price anomaly,PO_PRICE_KMEANS,V1,1.7329910716518928,2026-09-10 12:33:29
4502002234,00010,2026-08-04,3000,US01,P300,V00047,MAT00019,50,EA,USD,152.60,149.6900000000000,1,1,0.00,7484.50,150.93,138.77,9.97,158.06,152.39,163.36,3,-3.45,0.7951624648940498,0,LOW,No significant price anomaly,PO_PRICE_KMEANS,V1,1.7329910716518928,2026-09-10 12:33:29
4502002396,00010,2026-12-08,3000,US01,P300,V00035,MAT00031,10,EA,USD,227.07,226.0900000000000,1,1,0.00,2260.90,223.33,211.03,7.6,254.49,230.94,306.84,3,-10.77,0.7946411360953701,0,LOW,No significant price anomaly,PO_PRICE_KMEANS,V1,1.7329910716518928,2026-09-10 12:33:29
4502002196,00020,2026-07-03,3000,US01,P300,V00038,MAT00032,50,EA,USD,428.87,437.3700000000000,1,1,0.00,21868.50,434.93,427.94,0.22,388.77,293.95,435.55,3,10.31,0.7945534537139728,0,LOW,No significant price anomaly,PO_PRICE_KMEANS,V1,1.7329910716518928,2026-09-10 12:33:29
4502002226,00050,2026-08-04,2000,IN01,P200,V00036,MAT00035,75,EA,INR,13212.41,13394.7600000000000,1,1,0.00,1004607.00,14648.40,12543.14,5.34,12603.34,11960.84,13116.55,3,4.83,0.7938203909330184,0,LOW,No significant price anomaly,PO_PRICE_KMEANS,V1,1.7329910716518928,2026-09-10 12:33:29
4502002279,00010,2026-09-07,3000,US01,P300,V00034,MAT00049,8,EA,USD,500.14,502.3500000000000,1,1,0.00,4018.80,501.41,483.03,3.54,456.50,427.29,489.90,3,9.56,0.7912799162148284,0,LOW,No significant price anomaly,PO_PRICE_KMEANS,V1,1.7329910716518928,2026-09-10 12:33:29
4502002308,00030,2026-10-06,2000,IN01,P200,V00018,MAT00045,15,EA,INR,41022.25,41609.8300000000000,1,1,0.00,624147.45,41001.52,39954.13,2.67,47324.99,41304.17,67474.52,3,-13.32,0.7906618866122346,0,LOW,No significant price anomaly,PO_PRICE_KMEANS,V1,1.7329910716518928,2026-09-10 12:33:29
4502002321,00050,2026-11-09,1000,DE01,P100,V00027,MAT00005,40,EA,EUR,377.51,377.9400000000000,1,1,0.00,15117.60,384.18,365.58,3.26,419.52,396.42,438.42,3,-10.01,0.7887133732228835,0,LOW,No significant price anomaly,PO_PRICE_KMEANS,V1,1.7329910716518928,2026-09-10 12:33:29
4502002352,00050,2026-11-09,3000,US01,P300,V00016,MAT00011,40,EA,USD,391.27,393.7700000000000,1,1,0.00,15750.80,397.40,416.30,-6.01,430.57,381.14,515.15,3,-9.13,0.7875149625061285,0,LOW,No significant price anomaly,PO_PRICE_KMEANS,V1,1.7329910716518928,2026-09-10 12:33:29
4502002361,00050,2026-12-08,1000,DE01,P100,V00034,MAT00005,20,EA,EUR,424.54,428.2400000000000,1,1,0.00,8564.80,433.87,381.27,11.35,405.46,377.51,438.42,3,4.71,0.7861002009986965,0,LOW,No significant price anomaly,PO_PRICE_KMEANS,V1,1.7329910716518928,2026-09-10 12:33:29
4502002289,00010,2026-10-06,1000,DE01,P100,V00008,MAT00049,40,EA,EUR,412.00,410.0500000000000,1,1,0.00,16402.00,409.82,371.54,10.89,441.50,406.81,462.08,3,-6.68,0.7847310632108018,0,LOW,No significant price anomaly,PO_PRICE_KMEANS,V1,1.7329910716518928,2026-09-10 12:33:29
4502002322,00020,2026-11-09,1000,DE01,P100,V00029,MAT00008,20,EA,EUR,77.52,75.8500000000000,1,1,0.00,1517.00,75.42,70.88,9.37,84.20,69.16,116.78,3,-7.93,0.7841490625414801,0,LOW,No significant price anomaly,PO_PRICE_KMEANS,V1,1.7329910716518928,2026-09-10 12:33:29
4502002171,00020,2026-07-03,1000,DE02,P100,V00036,MAT00002,15,EA,EUR,164.99,163.7300000000000,1,1,0.00,2455.95,161.37,151.92,8.6,184.02,158.62,237.02,3,-10.34,0.7840097611517971,0,LOW,No significant price anomaly,PO_PRICE_KMEANS,V1,1.7329910716518928,2026-09-10 12:33:29
4502002374,00020,2026-12-08,1000,DE02,P100,V00035,MAT00020,10,EA,EUR,234.53,236.5300000000000,1,1,0.00,2365.30,237.87,231.36,1.37,264.86,235.76,282.32,3,-11.45,0.7838166507270748,0,LOW,No significant price anomaly,PO_PRICE_KMEANS,V1,1.7329910716518928,2026-09-10 12:33:29
4502002323,00050,2026-11-09,1000,DE01,P100,V00015,MAT00017,50,EA,EUR,108.27,110.7900000000000,1,1,0.00,5539.50,109.48,105.92,2.22,99.96,96.53,107.54,3,8.31,0.7826796313292914,0,LOW,No significant price anomaly,PO_PRICE_KMEANS,V1,1.7329910716518928,2026-09-10 12:33:29
4502002265,00030,2026-09-07,2000,IN01,P200,V00019,MAT00027,8,EA,INR,33327.25,33291.5600000000000,1,1,0.00,266332.48,33857.88,29735.83,12.08,34569.06,32895.94,36123.91,3,-3.59,0.7821183996963552,0,LOW,No significant price anomaly,PO_PRICE_KMEANS,V1,1.7329910716518928,2026-09-10 12:33:29
4502002326,00030,2026-11-09,1000,DE01,P100,V00015,MAT00033,5,EA,EUR,176.65,177.1300000000000,1,1,0.00,885.65,180.13,168.70,4.71,162.27,153.71,178.39,3,8.86,0.7804414442256886,0,LOW,No significant price anomaly,PO_PRICE_KMEANS,V1,1.7329910716518928,2026-09-10 12:33:29
4502002237,00020,2026-08-04,3000,US01,P300,V00001,MAT00038,15,EA,USD,215.93,212.0600000000000,1,1,0.00,3180.90,211.63,199.63,8.17,235.30,208.43,256.46,3,-8.23,0.7796053900256982,0,LOW,No significant price anomaly,PO_PRICE_KMEANS,V1,1.7329910716518928,2026-09-10 12:33:29
4502002205,00010,2026-08-04,1000,DE01,P100,V00046,MAT00025,100,EA,EUR,297.42,295.9400000000000,1,1,0.00,29594.00,298.34,278.60,6.76,322.83,311.15,342.37,3,-7.87,0.77902911331315,0,LOW,No significant price anomaly,PO_PRICE_KMEANS,V1,1.7329910716518928,2026-09-10 12:33:29
4502002206,00020,2026-08-04,1000,DE01,P100,V00012,MAT00032,75,EA,EUR,401.14,401.2400000000000,1,1,0.00,30093.00,408.67,380.40,5.45,368.90,345.25,396.24,3,8.74,0.7787811545192268,0,LOW,No significant price anomaly,PO_PRICE_KMEANS,V1,1.7329910716518928,2026-09-10 12:33:29
4502002390,00040,2026-12-08,2000,IN01,P200,V00002,MAT00058,25,EA,INR,23230.18,22830.5300000000000,1,1,0.00,570763.25,23101.10,21301.80,9.05,22450.65,21630.85,22937.38,3,3.47,0.7786975513222599,0,LOW,No significant price anomaly,PO_PRICE_KMEANS,V1,1.7329910716518928,2026-09-10 12:33:29
4502002368,00030,2026-12-08,1000,DE01,P100,V00010,MAT00045,20,EA,EUR,451.60,460.0600000000000,1,1,0.00,9201.20,467.51,421.97,7.02,422.10,405.61,453.36,3,6.99,0.7782886520351602,0,LOW,No significant price anomaly,PO_PRICE_KMEANS,V1,1.7329910716518928,2026-09-10 12:33:29
4502002217,00050,2026-08-04,1000,DE02,P100,V00009,MAT00041,5,EA,EUR,375.55,367.0900000000000,0,0,0.00,0.00,360.50,342.74,9.57,401.74,353.24,565.86,3,-6.52,0.7773541975960198,0,LOW,No significant price anomaly,PO_PRICE_KMEANS,V1,1.7329910716518928,2026-09-10 12:33:29
4502002267,00010,2026-09-07,2000,IN01,P200,V00035,MAT00037,40,EA,INR,24359.91,24822.5100000000000,1,1,0.00,992900.40,27140.73,23989.45,1.54,26676.38,24945.06,32439.92,3,-8.68,0.7766734003830779,0,LOW,No significant price anomaly,PO_PRICE_KMEANS,V1,1.7329910716518928,2026-09-10 12:33:29
4502002329,00040,2026-11-09,1000,DE01,P100,V00017,MAT00052,25,EA,EUR,295.64,297.7900000000000,1,1,0.00,7444.75,301.16,277.39,6.58,322.59,311.04,339.20,3,-8.35,0.7755467360369832,0,LOW,No significant price anomaly,PO_PRICE_KMEANS,V1,1.7329910716518928,2026-09-10 12:33:29
4502002292,00020,2026-10-06,1000,DE02,P100,V00033,MAT00008,15,EA,EUR,72.94,73.8600000000000,1,1,0.00,1107.90,74.93,69.67,4.69,83.47,72.13,124.52,3,-12.62,0.7753350171777486,0,LOW,No significant price anomaly,PO_PRICE_KMEANS,V1,1.7329910716518928,2026-09-10 12:33:29
4502002319,00040,2026-10-06,3000,US01,P300,V00043,MAT00052,20,EA,USD,329.07,322.7800000000000,1,1,0.00,6455.60,325.98,313.10,5.1,338.07,335.04,343.49,3,-2.66,0.7750318849658896,0,LOW,No significant price anomaly,PO_PRICE_KMEANS,V1,1.7329910716518928,2026-09-10 12:33:29
4502002268,00010,2026-09-07,2000,IN01,P200,V00019,MAT00043,15,EA,INR,44148.02,45242.3900000000000,1,1,0.00,678635.85,44995.78,42212.83,4.58,50474.35,28127.91,69463.98,3,-12.53,0.7725772298744766,0,LOW,No significant price anomaly,PO_PRICE_KMEANS,V1,1.7329910716518928,2026-09-10 12:33:29
4502002271,00030,2026-09-07,3000,US01,P300,V00006,MAT00003,240,EA,USD,119.36,117.9100000000000,1,1,0.00,28298.40,120.59,116.67,2.31,136.99,115.44,196.03,3,-12.87,0.7725700664804187,0,LOW,No significant price anomaly,PO_PRICE_KMEANS,V1,1.7329910716518928,2026-09-10 12:33:29
4502002237,00010,2026-08-04,3000,US01,P300,V00019,MAT00037,15,EA,USD,311.91,315.6000000000000,1,1,0.00,4734.00,312.62,304.37,2.48,328.92,320.98,337.34,3,-5.17,0.7713791988660958,0,LOW,No significant price anomaly,PO_PRICE_KMEANS,V1,1.7329910716518928,2026-09-10 12:33:29
4502002223,00020,2026-08-04,2000,IN01,P200,V00014,MAT00014,20,EA,INR,7706.66,7608.1000000000000,1,1,0.00,152162.00,7611.70,7537.85,2.24,7050.16,6454.19,7620.94,3,9.31,0.7709852366556063,0,LOW,No significant price anomaly,PO_PRICE_KMEANS,V1,1.7329910716518928,2026-09-10 12:33:29
4502002286,00060,2026-10-06,1000,DE01,P100,V00010,MAT00036,20,EA,EUR,271.79,274.5300000000000,1,1,0.00,5490.60,274.17,253.03,7.41,254.09,237.84,264.93,3,6.97,0.7703824149499671,0,LOW,No significant price anomaly,PO_PRICE_KMEANS,V1,1.7329910716518928,2026-09-10 12:33:29
4502002316,00060,2026-10-06,3000,US01,P300,V00043,MAT00036,200,EA,USD,258.80,264.3200000000000,1,1,0.00,52864.00,266.52,267.61,-3.29,273.59,265.34,282.57,3,-5.41,0.7701650018160351,0,LOW,No significant price anomaly,PO_PRICE_KMEANS,V1,1.7329910716518928,2026-09-10 12:33:29
4502002207,00010,2026-08-04,1000,DE01,P100,V00034,MAT00037,20,EA,EUR,304.42,309.5700000000000,1,1,0.00,6191.40,305.34,272.84,11.57,292.70,268.11,320.35,3,4.0,0.7682972235439319,0,LOW,No significant price anomaly,PO_PRICE_KMEANS,V1,1.7329910716518928,2026-09-10 12:33:29
4502002379,00050,2026-12-08,1000,DE02,P100,V00045,MAT00053,25,EA,EUR,146.28,146.2000000000000,1,1,0.00,3655.00,146.08,136.72,6.99,165.48,141.55,222.94,3,-11.6,0.767978794057508,0,LOW,No significant price anomaly,PO_PRICE_KMEANS,V1,1.7329910716518928,2026-09-10 12:33:29
4502002267,00020,2026-09-07,2000,IN01,P200,V00045,MAT00038,15,EA,INR,18519.94,18428.7300000000000,1,1,0.00,276430.95,18836.74,17551.90,5.52,21066.60,18463.03,27336.11,3,-12.09,0.7664878911938935,0,LOW,No significant price anomaly,PO_PRICE_KMEANS,V1,1.7329910716518928,2026-09-10 12:33:29
4502002355,00060,2026-11-09,3000,US01,P300,V00046,MAT00030,20,EA,USD,33.23,32.6300000000000,0,0,0.00,0.00,33.38,31.07,6.95,35.71,34.12,37.12,3,-6.94,0.7660136125218429,0,LOW,No significant price anomaly,PO_PRICE_KMEANS,V1,1.7329910716518928,2026-09-10 12:33:29
4502002381,00060,2026-12-08,2000,IN01,P200,V00038,MAT00006,20,EA,INR,32648.09,31860.6800000000000,1,1,0.00,637213.60,32417.69,30291.50,7.78,30269.61,18697.44,42851.38,3,7.86,0.760737507025978,0,LOW,No significant price anomaly,PO_PRICE_KMEANS,V1,1.7329910716518928,2026-09-10 12:33:29
4502002180,00030,2026-07-03,1000,DE02,P100,V00002,MAT00057,10,EA,EUR,369.62,363.9200000000000,1,1,0.00,3639.20,372.58,335.95,10.02,353.98,254.12,402.83,3,4.42,0.7600529649649173,0,LOW,No significant price anomaly,PO_PRICE_KMEANS,V1,1.7329910716518928,2026-09-10 12:33:29
4502002314,00050,2026-10-06,3000,US01,P300,V00025,MAT00023,75,EA,USD,569.11,573.9400000000000,1,1,0.00,43045.50,569.23,517.90,9.89,550.06,537.49,564.61,3,3.46,0.7598684235024592,0,LOW,No significant price anomaly,PO_PRICE_KMEANS,V1,1.7329910716518928,2026-09-10 12:33:29
4502002208,00040,2026-08-04,1000,DE01,P100,V00040,MAT00046,50,EA,EUR,384.29,393.2500000000000,1,1,0.00,19662.50,395.06,369.19,4.09,364.93,352.90,375.41,3,5.31,0.7596283977186101,0,LOW,No significant price anomaly,PO_PRICE_KMEANS,V1,1.7329910716518928,2026-09-10 12:33:29
4502002182,00050,2026-07-03,2000,IN01,P200,V00005,MAT00011,25,EA,INR,37618.18,37382.8400000000000,1,1,0.00,934571.00,38045.81,34053.56,10.47,36102.75,34457.58,37550.14,3,4.2,0.7593618592585861,0,LOW,No significant price anomaly,PO_PRICE_KMEANS,V1,1.7329910716518928,2026-09-10 12:33:29
4502002392,00060,2026-12-08,3000,US01,P300,V00033,MAT00012,75,EA,USD,453.02,463.4300000000000,1,1,0.00,34757.25,474.12,435.09,4.12,512.75,466.57,652.15,3,-11.65,0.7592817324188276,0,LOW,No significant price anomaly,PO_PRICE_KMEANS,V1,1.7329910716518928,2026-09-10 12:33:29
4502002296,00050,2026-10-06,1000,DE02,P100,V00039,MAT00035,75,EA,EUR,141.36,138.9800000000000,1,1,0.00,10423.50,137.17,129.64,9.04,153.72,141.86,191.65,3,-8.04,0.7586201994875716,0,LOW,No significant price anomaly,PO_PRICE_KMEANS,V1,1.7329910716518928,2026-09-10 12:33:29
4502002302,00050,2026-10-06,2000,IN01,P200,V00026,MAT00011,5,EA,INR,34911.79,35032.5900000000000,0,0,0.00,0.00,34457.58,34608.68,0.88,38018.01,36752.08,40396.16,3,-8.17,0.7538603431758605,0,LOW,No significant price anomaly,PO_PRICE_KMEANS,V1,1.7329910716518928,2026-09-10 12:33:29
4502002169,00050,2026-07-03,1000,DE01,P100,V00027,MAT00053,100,EA,EUR,139.01,140.2000000000000,1,1,0.00,14020.00,143.44,138.64,0.27,153.75,144.03,161.95,3,-9.59,0.7510485480489809,0,LOW,No significant price anomaly,PO_PRICE_KMEANS,V1,1.7329910716518928,2026-09-10 12:33:29
4502002311,00010,2026-10-06,3000,US01,P300,V00041,MAT00001,40,EA,USD,512.89,515.7700000000000,1,1,0.00,20630.80,525.25,469.99,9.13,566.99,481.76,740.33,3,-9.54,0.7507767822051314,0,LOW,No significant price anomaly,PO_PRICE_KMEANS,V1,1.7329910716518928,2026-09-10 12:33:29
4502002241,00010,2026-09-07,1000,DE01,P100,V00001,MAT00001,5,EA,EUR,461.61,469.1900000000000,1,1,0.00,2345.95,469.34,438.43,5.29,509.91,461.63,525.68,3,-9.47,0.7501177548202093,0,LOW,No significant price anomaly,PO_PRICE_KMEANS,V1,1.7329910716518928,2026-09-10 12:33:29
4502002321,00020,2026-11-09,1000,DE01,P100,V00025,MAT00002,50,EA,EUR,170.33,167.1600000000000,1,1,0.00,8358.00,169.47,156.86,8.59,163.94,160.43,170.48,3,3.9,0.7493465281842785,0,LOW,No significant price anomaly,PO_PRICE_KMEANS,V1,1.7329910716518928,2026-09-10 12:33:29
4502002280,00030,2026-09-07,3000,US01,P300,V00010,MAT00057,25,EA,USD,419.76,429.6500000000000,1,1,0.00,10741.25,420.15,424.33,-1.08,397.46,384.00,411.77,3,5.61,0.7479844116499549,0,LOW,No significant price anomaly,PO_PRICE_KMEANS,V1,1.7329910716518928,2026-09-10 12:33:29
4502002335,00060,2026-11-09,1000,DE02,P100,V00024,MAT00030,20,EA,EUR,32.00,31.8700000000000,1,1,0.00,637.40,32.59,29.97,6.77,35.86,30.65,42.84,3,-10.76,0.7477947309798305,0,LOW,No significant price anomaly,PO_PRICE_KMEANS,V1,1.7329910716518928,2026-09-10 12:33:29
4502002266,00020,2026-09-07,2000,IN01,P200,V00041,MAT00032,75,EA,INR,33739.40,34103.9100000000000,1,1,0.00,2557793.25,33311.81,31787.26,6.14,38034.14,33349.84,48087.85,3,-11.29,0.7475368580025938,0,LOW,No significant price anomaly,PO_PRICE_KMEANS,V1,1.7329910716518928,2026-09-10 12:33:29
4502002327,00010,2026-11-09,1000,DE01,P100,V00027,MAT00037,15,EA,EUR,274.88,273.2100000000000,1,1,0.00,4098.15,268.52,261.02,5.31,303.79,281.67,321.85,3,-9.52,0.7469942333198895,0,LOW,No significant price anomaly,PO_PRICE_KMEANS,V1,1.7329910716518928,2026-09-10 12:33:29
4502002276,00030,2026-09-07,3000,US01,P300,V00034,MAT00033,25,EA,USD,189.78,189.3200000000000,1,1,0.00,4733.00,192.40,181.77,4.41,173.85,157.08,190.22,3,9.16,0.7460040022657046,0,LOW,No significant price anomaly,PO_PRICE_KMEANS,V1,1.7329910716518928,2026-09-10 12:33:29
4502002242,00040,2026-09-07,1000,DE01,P100,V00035,MAT00010,40,EA,EUR,89.27,88.5400000000000,1,1,0.00,3541.60,88.18,85.27,4.69,100.26,90.88,110.73,3,-10.96,0.7459145892376711,0,LOW,No significant price anomaly,PO_PRICE_KMEANS,V1,1.7329910716518928,2026-09-10 12:33:29
4502002226,00030,2026-08-04,2000,IN01,P200,V00044,MAT00033,10,EA,INR,13909.19,13596.1700000000000,1,1,0.00,135961.70,13553.45,13061.79,6.49,15479.09,13736.43,18282.32,3,-10.14,0.7459017954392534,0,LOW,No significant price anomaly,PO_PRICE_KMEANS,V1,1.7329910716518928,2026-09-10 12:33:29
4502002397,00020,2026-12-08,3000,US01,P300,V00001,MAT00038,10,EA,USD,216.48,212.0600000000000,1,1,0.00,2120.60,215.93,200.80,7.81,233.34,213.61,242.23,3,-7.23,0.7455940428144481,0,LOW,No significant price anomaly,PO_PRICE_KMEANS,V1,1.7329910716518928,2026-09-10 12:33:29
4502002372,00040,2026-12-08,1000,DE02,P100,V00039,MAT00010,75,EA,EUR,95.83,93.9300000000000,1,1,0.00,7044.75,94.71,87.93,8.98,102.41,97.78,111.83,3,-6.43,0.7450735575141206,0,LOW,No significant price anomaly,PO_PRICE_KMEANS,V1,1.7329910716518928,2026-09-10 12:33:29
4502002368,00020,2026-12-08,1000,DE01,P100,V00048,MAT00044,20,EA,EUR,523.84,514.4000000000000,1,1,0.00,10288.00,514.74,469.24,11.64,549.19,448.48,841.23,3,-4.62,0.7447751905972315,0,LOW,No significant price anomaly,PO_PRICE_KMEANS,V1,1.7329910716518928,2026-09-10 12:33:29
4502002390,00050,2026-12-08,2000,IN01,P200,V00012,MAT00059,75,EA,INR,46759.18,46578.2700000000000,0,0,0.00,0.00,46789.63,47538.81,-1.64,43985.50,42366.78,45866.90,3,6.31,0.7430148345726106,0,LOW,No significant price anomaly,PO_PRICE_KMEANS,V1,1.7329910716518928,2026-09-10 12:33:29
4502002179,00060,2026-07-03,1000,DE02,P100,V00048,MAT00054,10,EA,EUR,494.00,483.8000000000000,1,1,0.00,4838.00,483.87,448.77,10.08,517.72,442.70,713.65,3,-4.58,0.7430024918068064,0,LOW,No significant price anomaly,PO_PRICE_KMEANS,V1,1.7329910716518928,2026-09-10 12:33:29
4502002388,00020,2026-12-08,2000,IN01,P200,V00022,MAT00044,5,EA,INR,48431.21,48363.2400000000000,1,1,0.00,241816.20,49336.71,44383.01,9.12,45535.24,41562.62,48796.81,3,6.36,0.742867799972342,0,LOW,No significant price anomaly,PO_PRICE_KMEANS,V1,1.7329910716518928,2026-09-10 12:33:29
4502002276,00010,2026-09-07,3000,US01,P300,V00042,MAT00031,20,EA,USD,232.28,228.5300000000000,1,1,0.00,4570.60,228.25,211.83,9.65,252.48,223.33,306.84,3,-8.0,0.740464878688133,0,LOW,No significant price anomaly,PO_PRICE_KMEANS,V1,1.7329910716518928,2026-09-10 12:33:29
4502002363,00040,2026-12-08,1000,DE01,P100,V00012,MAT00016,40,EA,EUR,168.79,169.3100000000000,1,1,0.00,6772.40,170.63,158.59,6.43,156.66,145.60,168.14,3,7.74,0.7395695677321543,0,LOW,No significant price anomaly,PO_PRICE_KMEANS,V1,1.7329910716518928,2026-09-10 12:33:29
4502002365,00030,2026-12-08,1000,DE01,P100,V00038,MAT00027,5,EA,EUR,384.45,382.0800000000000,1,1,0.00,1910.40,381.00,363.31,5.82,357.56,336.31,375.99,3,7.52,0.7390515238350762,0,LOW,No significant price anomaly,PO_PRICE_KMEANS,V1,1.7329910716518928,2026-09-10 12:33:29
4502002235,00020,2026-08-04,3000,US01,P300,V00013,MAT00026,10,EA,USD,127.83,125.6400000000000,1,1,0.00,1256.40,124.39,120.02,6.51,142.82,121.54,180.84,3,-10.5,0.7388243839564791,0,LOW,No significant price anomaly,PO_PRICE_KMEANS,V1,1.7329910716518928,2026-09-10 12:33:29
4502002379,00060,2026-12-08,1000,DE02,P100,V00027,MAT00054,8,EA,EUR,430.57,430.6800000000000,1,1,0.00,3445.44,435.80,436.63,-1.39,473.71,442.70,494.00,3,-9.11,0.7384693455443222,0,LOW,No significant price anomaly,PO_PRICE_KMEANS,V1,1.7329910716518928,2026-09-10 12:33:29
4502002380,00060,2026-12-08,1000,DE02,P100,V00011,MAT00060,20,EA,EUR,538.82,539.7800000000000,1,1,0.00,10795.60,529.58,505.20,6.65,604.83,525.66,845.45,3,-10.91,0.7382408462849077,0,LOW,No significant price anomaly,PO_PRICE_KMEANS,V1,1.7329910716518928,2026-09-10 12:33:29
4502002300,00060,2026-10-06,1000,DE02,P100,V00045,MAT00060,50,EA,EUR,535.57,526.7300000000000,1,1,0.00,26336.50,525.66,507.77,5.47,604.48,529.58,845.45,3,-11.4,0.7377861413711904,0,LOW,No significant price anomaly,PO_PRICE_KMEANS,V1,1.7329910716518928,2026-09-10 12:33:29
4502002231,00020,2026-08-04,3000,US01,P300,V00037,MAT00002,10,EA,USD,178.05,179.5500000000000,1,1,0.00,1795.50,183.32,167.11,6.55,165.56,155.35,179.01,3,7.54,0.7377267592326616,0,LOW,No significant price anomaly,PO_PRICE_KMEANS,V1,1.7329910716518928,2026-09-10 12:33:29
4502002354,00020,2026-11-09,3000,US01,P300,V00002,MAT00020,25,EA,USD,265.25,262.1500000000000,1,1,0.00,6553.75,302.40,257.23,3.12,260.82,248.20,283.50,3,1.7,0.7376970032899496,0,LOW,No significant price anomaly,PO_PRICE_KMEANS,V1,1.7329910716518928,2026-09-10 12:33:29
4502002187,00020,2026-07-03,2000,IN01,P200,V00011,MAT00038,40,EA,INR,18463.03,18885.5100000000000,1,1,0.00,755420.40,18851.81,17657.36,4.56,20924.78,18351.64,27336.11,3,-11.76,0.7368967990521188,0,LOW,No significant price anomaly,PO_PRICE_KMEANS,V1,1.7329910716518928,2026-09-10 12:33:29
4502002365,00050,2026-12-08,1000,DE01,P100,V00010,MAT00029,96,EA,EUR,545.81,549.8100000000000,1,1,0.00,52781.76,547.95,519.86,4.99,502.81,474.17,558.36,3,8.55,0.7366808856769123,0,LOW,No significant price anomaly,PO_PRICE_KMEANS,V1,1.7329910716518928,2026-09-10 12:33:29
4502002284,00030,2026-10-06,1000,DE01,P100,V00020,MAT00021,40,EA,EUR,466.70,476.7000000000000,1,1,0.00,19068.00,482.07,433.59,7.64,438.88,411.31,460.83,3,6.34,0.7365126397049555,0,LOW,No significant price anomaly,PO_PRICE_KMEANS,V1,1.7329910716518928,2026-09-10 12:33:29
4502002186,00020,2026-07-03,2000,IN01,P200,V00027,MAT00032,75,EA,INR,33349.84,32990.7000000000000,1,1,0.00,2474302.50,33396.92,30867.68,8.04,36246.53,33311.81,38244.38,3,-7.99,0.7345048066499239,0,LOW,No significant price anomaly,PO_PRICE_KMEANS,V1,1.7329910716518928,2026-09-10 12:33:29
4502002206,00060,2026-08-04,1000,DE01,P100,V00024,MAT00036,20,EA,EUR,264.93,260.5300000000000,1,1,0.00,5210.60,262.13,241.31,9.79,256.52,237.84,275.83,3,3.28,0.7338372710169689,0,LOW,No significant price anomaly,PO_PRICE_KMEANS,V1,1.7329910716518928,2026-09-10 12:33:29
4502002172,00040,2026-07-03,1000,DE02,P100,V00012,MAT00010,50,EA,EUR,101.52,101.6200000000000,1,1,0.00,5081.00,103.27,94.75,7.15,94.74,87.33,101.72,3,7.16,0.7323857595091147,0,LOW,No significant price anomaly,PO_PRICE_KMEANS,V1,1.7329910716518928,2026-09-10 12:33:29
4502002380,00010,2026-12-08,1000,DE02,P100,V00037,MAT00055,15,EA,EUR,157.48,157.1500000000000,1,1,0.00,2357.25,156.75,142.57,10.46,149.97,92.36,232.85,3,5.01,0.7320945246328084,0,LOW,No significant price anomaly,PO_PRICE_KMEANS,V1,1.7329910716518928,2026-09-10 12:33:29
4502002186,00010,2026-07-03,2000,IN01,P200,V00017,MAT00031,5,EA,INR,18556.15,18947.6100000000000,1,1,0.00,94738.05,19292.54,18221.17,1.84,20562.82,19403.59,21987.29,3,-9.76,0.7317036769966148,0,LOW,No significant price anomaly,PO_PRICE_KMEANS,V1,1.7329910716518928,2026-09-10 12:33:29
4502002230,00050,2026-08-04,2000,IN01,P200,V00012,MAT00059,20,EA,INR,46789.63,46578.2700000000000,1,1,0.00,931565.40,45817.41,47596.44,-1.7,44264.65,42366.78,45587.34,3,5.7,0.7312761628291204,0,LOW,No significant price anomaly,PO_PRICE_KMEANS,V1,1.7329910716518928,2026-09-10 12:33:29
4502002339,00060,2026-11-09,1000,DE02,P100,V00048,MAT00054,100,EA,EUR,489.34,483.8000000000000,1,1,0.00,48380.00,494.00,452.00,8.26,462.15,435.80,489.84,3,5.88,0.7307030672566851,0,LOW,No significant price anomaly,PO_PRICE_KMEANS,V1,1.7329910716518928,2026-09-10 12:33:29
4502002204,00050,2026-08-04,1000,DE01,P100,V00026,MAT00023,25,EA,EUR,504.00,492.1700000000000,1,1,0.00,12304.25,483.16,455.55,10.64,513.37,501.76,535.37,3,-1.83,0.7292555794010658,0,LOW,No significant price anomaly,PO_PRICE_KMEANS,V1,1.7329910716518928,2026-09-10 12:33:29
4502002167,00050,2026-07-03,1000,DE01,P100,V00039,MAT00041,40,EA,EUR,367.14,373.3100000000000,1,1,0.00,14932.40,365.77,348.98,5.2,403.58,385.98,439.87,3,-9.03,0.7292401585926404,0,LOW,No significant price anomaly,PO_PRICE_KMEANS,V1,1.7329910716518928,2026-09-10 12:33:29
4502002314,00020,2026-10-06,3000,US01,P300,V00043,MAT00020,40,EA,USD,248.20,252.2200000000000,1,1,0.00,10088.80,253.54,254.07,-2.31,274.08,256.02,302.40,3,-9.44,0.7292089502275085,0,LOW,No significant price anomaly,PO_PRICE_KMEANS,V1,1.7329910716518928,2026-09-10 12:33:29
4502002282,00060,2026-10-06,1000,DE01,P100,V00034,MAT00012,8,EA,EUR,463.16,470.1900000000000,1,1,0.00,3761.52,478.02,427.71,8.29,434.32,395.88,468.51,3,6.64,0.7289278373948285,0,LOW,No significant price anomaly,PO_PRICE_KMEANS,V1,1.7329910716518928,2026-09-10 12:33:29
4502002280,00010,2026-09-07,3000,US01,P300,V00018,MAT00055,50,EA,USD,168.28,165.8700000000000,1,1,0.00,8293.50,164.13,151.08,11.38,170.47,165.32,174.38,3,-1.28,0.7274852263329846,0,LOW,No significant price anomaly,PO_PRICE_KMEANS,V1,1.7329910716518928,2026-09-10 12:33:29
4502002238,00040,2026-08-04,3000,US01,P300,V00025,MAT00046,75,EA,USD,434.10,426.4300000000000,1,1,0.00,31982.25,422.12,397.82,9.12,422.11,367.12,529.52,3,2.84,0.7274287955641859,0,LOW,No significant price anomaly,PO_PRICE_KMEANS,V1,1.7329910716518928,2026-09-10 12:33:29
4502002240,00030,2026-08-04,3000,US01,P300,V00031,MAT00057,100,EA,USD,399.24,397.2200000000000,1,1,0.00,39722.00,391.75,356.57,11.97,398.12,374.12,420.15,3,0.28,0.7273716970843619,0,LOW,No significant price anomaly,PO_PRICE_KMEANS,V1,1.7329910716518928,2026-09-10 12:33:29
4502002313,00060,2026-10-06,3000,US01,P300,V00003,MAT00018,40,EA,USD,171.77,172.5700000000000,1,1,0.00,6902.80,172.01,182.35,-5.8,184.57,165.22,190.31,3,-6.94,0.7267952034374756,0,LOW,No significant price anomaly,PO_PRICE_KMEANS,V1,1.7329910716518928,2026-09-10 12:33:29
4502002368,00010,2026-12-08,1000,DE01,P100,V00038,MAT00043,8,EA,EUR,517.32,519.2300000000000,1,1,0.00,4153.84,508.60,501.95,3.06,480.78,452.38,506.86,3,7.6,0.7260709071378327,0,LOW,No significant price anomaly,PO_PRICE_KMEANS,V1,1.7329910716518928,2026-09-10 12:33:29
4502002284,00010,2026-10-06,1000,DE01,P100,V00028,MAT00019,75,EA,EUR,158.17,155.1300000000000,1,1,0.00,11634.75,157.38,153.01,3.37,145.81,130.28,156.40,3,8.48,0.725906611309734,0,LOW,No significant price anomaly,PO_PRICE_KMEANS,V1,1.7329910716518928,2026-09-10 12:33:29
4502002364,00040,2026-12-08,1000,DE01,P100,V00016,MAT00022,100,EA,EUR,344.67,352.0500000000000,1,1,0.00,35205.00,353.53,350.60,-1.69,386.25,341.96,466.99,3,-10.77,0.724802520475157,0,LOW,No significant price anomaly,PO_PRICE_KMEANS,V1,1.7329910716518928,2026-09-10 12:33:29
4502002400,00040,2026-12-08,3000,US01,P300,V00013,MAT00058,15,EA,USD,288.20,281.4900000000000,0,0,0.00,0.00,279.86,262.36,9.85,292.08,269.75,310.45,3,-1.33,0.7229727384112432,0,LOW,No significant price anomaly,PO_PRICE_KMEANS,V1,1.7329910716518928,2026-09-10 12:33:29
4502002355,00020,2026-11-09,3000,US01,P300,V00034,MAT00026,75,EA,USD,136.61,135.4700000000000,1,1,0.00,10160.25,137.70,127.26,7.35,152.38,127.83,180.84,3,-10.35,0.7226081705772391,0,LOW,No significant price anomaly,PO_PRICE_KMEANS,V1,1.7329910716518928,2026-09-10 12:33:29
4502002240,00020,2026-08-04,3000,US01,P300,V00021,MAT00056,25,EA,USD,543.93,537.5700000000000,1,1,0.00,13439.25,525.16,489.45,11.13,537.03,484.53,578.68,3,1.28,0.7221820572192216,0,LOW,No significant price anomaly,PO_PRICE_KMEANS,V1,1.7329910716518928,2026-09-10 12:33:29
4502002199,00030,2026-07-03,3000,US01,P300,V00040,MAT00051,8,EA,USD,333.11,336.7900000000000,1,1,0.00,2694.32,340.01,329.40,1.13,315.39,307.04,325.61,3,5.62,0.7219385693218588,0,LOW,No significant price anomaly,PO_PRICE_KMEANS,V1,1.7329910716518928,2026-09-10 12:33:29
4502002360,00040,2026-11-09,3000,US01,P300,V00034,MAT00058,8,EA,USD,310.45,303.5200000000000,1,1,0.00,2428.16,302.77,300.95,3.16,287.77,269.75,311.81,3,7.88,0.7213343080043186,0,LOW,No significant price anomaly,PO_PRICE_KMEANS,V1,1.7329910716518928,2026-09-10 12:33:29
4502002197,00020,2026-07-03,3000,US01,P300,V00022,MAT00038,40,EA,USD,232.68,236.6400000000000,1,1,0.00,9465.60,256.46,234.17,-0.64,221.19,206.97,241.63,3,5.19,0.7200349661367954,0,LOW,No significant price anomaly,PO_PRICE_KMEANS,V1,1.7329910716518928,2026-09-10 12:33:29
4502002399,00040,2026-12-08,3000,US01,P300,V00009,MAT00052,10,EA,USD,347.23,343.2200000000000,1,1,0.00,3432.20,336.20,360.82,-3.77,334.85,325.98,343.49,3,3.7,0.7200295180774802,0,LOW,No significant price anomaly,PO_PRICE_KMEANS,V1,1.7329910716518928,2026-09-10 12:33:29
4502002257,00010,2026-09-07,1000,DE02,P100,V00024,MAT00037,100,EA,EUR,396.66,281.7600000000000,1,0,11490.00,28176.00,281.00,269.69,47.08,293.68,274.76,314.79,3,35.07,0.719661780854161,0,LOW,Large deviation from alternative suppliers,PO_PRICE_KMEANS,V1,1.7329910716518928,2026-09-10 12:33:29
4502002296,00010,2026-10-06,1000,DE02,P100,V00027,MAT00031,20,EA,EUR,214.73,211.9800000000000,1,1,0.00,4239.60,210.39,196.67,9.18,227.13,210.11,241.67,3,-5.46,0.7196249894693815,0,LOW,No significant price anomaly,PO_PRICE_KMEANS,V1,1.7329910716518928,2026-09-10 12:33:29
4502002264,00040,2026-09-07,2000,IN01,P200,V00045,MAT00022,25,EA,INR,34090.42,34429.8500000000000,1,1,0.00,860746.25,34685.70,33619.67,1.4,36573.08,35054.10,37806.59,3,-6.79,0.7193278656741545,0,LOW,No significant price anomaly,PO_PRICE_KMEANS,V1,1.7329910716518928,2026-09-10 12:33:29
4502002303,00040,2026-10-06,2000,IN01,P200,V00020,MAT00016,40,EA,INR,16042.46,16040.6500000000000,1,1,0.00,641626.00,16082.78,14773.89,8.59,17729.61,14097.41,20614.27,3,-9.52,0.7192608204009835,0,LOW,No significant price anomaly,PO_PRICE_KMEANS,V1,1.7329910716518928,2026-09-10 12:33:29
4502002303,00060,2026-10-06,2000,IN01,P200,V00040,MAT00018,5,EA,INR,16701.60,16602.5100000000000,1,1,0.00,83012.55,16367.49,15723.84,6.22,15613.30,14930.78,16931.19,3,6.97,0.7185890604957492,0,LOW,No significant price anomaly,PO_PRICE_KMEANS,V1,1.7329910716518928,2026-09-10 12:33:29
4502002206,00040,2026-08-04,1000,DE01,P100,V00004,MAT00034,40,EA,EUR,572.23,567.1800000000000,1,1,0.00,22687.20,569.75,530.83,7.8,547.80,533.48,560.99,3,4.46,0.7173448100676197,0,LOW,No significant price anomaly,PO_PRICE_KMEANS,V1,1.7329910716518928,2026-09-10 12:33:29
4502002271,00040,2026-09-07,3000,US01,P300,V00016,MAT00004,75,EA,USD,393.86,385.2900000000000,1,1,0.00,28896.75,383.98,358.76,9.78,387.87,366.78,398.57,3,1.54,0.715927704473162,0,LOW,No significant price anomaly,PO_PRICE_KMEANS,V1,1.7329910716518928,2026-09-10 12:33:29
4502002167,00030,2026-07-03,1000,DE01,P100,V00019,MAT00039,5,EA,EUR,528.98,519.3400000000000,1,1,0.00,2596.70,511.76,477.38,10.81,520.29,491.94,555.12,3,1.67,0.7156782331532867,0,LOW,No significant price anomaly,PO_PRICE_KMEANS,V1,1.7329910716518928,2026-09-10 12:33:29
4502002203,00060,2026-08-04,1000,DE01,P100,V00004,MAT00018,20,EA,EUR,177.78,179.4000000000000,1,1,0.00,3588.00,177.89,171.44,3.7,201.61,173.66,255.01,3,-11.82,0.7153781496693496,0,LOW,No significant price anomaly,PO_PRICE_KMEANS,V1,1.7329910716518928,2026-09-10 12:33:29
4502002357,00020,2026-11-09,3000,US01,P300,V00022,MAT00038,100,EA,USD,240.86,236.6400000000000,1,1,0.00,23664.00,232.68,234.07,2.9,223.50,208.43,242.23,3,7.77,0.7152874991330164,0,LOW,No significant price anomaly,PO_PRICE_KMEANS,V1,1.7329910716518928,2026-09-10 12:33:29
4502002318,00020,2026-10-06,3000,US01,P300,V00019,MAT00044,8,EA,USD,540.80,528.9800000000000,1,1,0.00,4231.84,535.29,495.24,9.2,523.12,500.22,559.75,3,3.38,0.714308667474116,0,LOW,No significant price anomaly,PO_PRICE_KMEANS,V1,1.7329910716518928,2026-09-10 12:33:29
4502002275,00040,2026-09-07,3000,US01,P300,V00040,MAT00028,15,EA,USD,379.26,383.9100000000000,1,1,0.00,5758.65,389.22,360.81,5.11,359.25,349.62,374.33,3,5.57,0.7137451957624621,0,LOW,No significant price anomaly,PO_PRICE_KMEANS,V1,1.7329910716518928,2026-09-10 12:33:29
4502002371,00030,2026-12-08,1000,DE02,P100,V00025,MAT00003,20,EA,EUR,118.70,118.4900000000000,1,1,0.00,2369.80,118.35,114.36,3.8,113.77,111.09,116.75,3,4.33,0.7135167974389361,0,LOW,No significant price anomaly,PO_PRICE_KMEANS,V1,1.7329910716518928,2026-09-10 12:33:29
4502002262,00020,2026-09-07,2000,IN01,P200,V00017,MAT00008,50,EA,INR,6408.44,6425.2100000000000,1,1,0.00,321260.50,6571.26,6612.29,-3.08,7118.65,6237.67,8570.44,3,-9.98,0.7133759728084107,0,LOW,No significant price anomaly,PO_PRICE_KMEANS,V1,1.7329910716518928,2026-09-10 12:33:29
4502002250,00040,2026-09-07,1000,DE01,P100,V00035,MAT00058,75,EA,EUR,239.15,241.8200000000000,1,1,0.00,18136.50,244.59,226.32,5.67,263.25,248.21,282.89,3,-9.15,0.7130042719899764,0,LOW,No significant price anomaly,PO_PRICE_KMEANS,V1,1.7329910716518928,2026-09-10 12:33:29
4502002305,00010,2026-10-06,2000,IN01,P200,V00006,MAT00025,20,EA,INR,27915.34,28565.3200000000000,1,1,0.00,571306.40,29043.68,27242.09,2.47,31002.97,28602.70,33255.99,3,-9.96,0.7126225397217761,0,LOW,No significant price anomaly,PO_PRICE_KMEANS,V1,1.7329910716518928,2026-09-10 12:33:29
4502002347,00060,2026-11-09,2000,IN01,P200,V00023,MAT00042,5,EA,INR,29310.24,28791.2200000000000,1,1,0.00,143956.10,29047.66,26921.08,8.87,27877.98,18762.95,31141.35,3,5.14,0.7117737812953229,0,LOW,No significant price anomaly,PO_PRICE_KMEANS,V1,1.7329910716518928,2026-09-10 12:33:29
4502002395,00060,2026-12-08,3000,US01,P300,V00025,MAT00030,10,EA,USD,36.35,37.1600000000000,1,1,0.00,371.60,37.12,34.64,4.94,34.30,33.23,35.79,3,5.98,0.7114077741377539,0,LOW,No significant price anomaly,PO_PRICE_KMEANS,V1,1.7329910716518928,2026-09-10 12:33:29
4502002254,00020,2026-09-07,1000,DE02,P100,V00042,MAT00020,75,EA,EUR,235.76,239.0900000000000,1,1,0.00,17931.75,235.47,221.77,6.31,260.68,237.87,282.32,3,-9.56,0.7107992283941955,0,LOW,No significant price anomaly,PO_PRICE_KMEANS,V1,1.7329910716518928,2026-09-10 12:33:29
4502002216,00020,2026-08-04,1000,DE02,P100,V00023,MAT00032,10,EA,EUR,336.58,341.7500000000000,1,1,0.00,3417.50,340.07,339.37,-0.82,353.54,345.98,361.42,3,-4.8,0.7104248298806316,0,LOW,No significant price anomaly,PO_PRICE_KMEANS,V1,1.7329910716518928,2026-09-10 12:33:29
4502002369,00030,2026-12-08,1000,DE01,P100,V00014,MAT00051,5,EA,EUR,322.70,318.6600000000000,1,1,0.00,1593.30,326.22,313.53,2.92,296.93,267.61,323.10,3,8.68,0.7094886025939022,0,LOW,No significant price anomaly,PO_PRICE_KMEANS,V1,1.7329910716518928,2026-09-10 12:33:29
4502002205,00030,2026-08-04,1000,DE01,P100,V00038,MAT00027,5,EA,EUR,381.00,382.0800000000000,1,1,0.00,1910.40,377.79,361.95,5.26,354.90,336.31,374.41,3,7.35,0.709275926123127,0,LOW,No significant price anomaly,PO_PRICE_KMEANS,V1,1.7329910716518928,2026-09-10 12:33:29
4502002174,00040,2026-07-03,1000,DE02,P100,V00048,MAT00022,10,EA,EUR,405.95,400.5700000000000,1,1,0.00,4005.70,407.37,400.31,1.41,377.51,351.52,395.19,3,7.53,0.7062183621470616,0,LOW,No significant price anomaly,PO_PRICE_KMEANS,V1,1.7329910716518928,2026-09-10 12:33:29
4502002221,00030,2026-08-04,2000,IN01,P200,V00036,MAT00003,75,EA,INR,10666.25,10746.5600000000000,1,1,0.00,805992.00,10611.26,9913.66,7.59,10170.63,9779.09,10679.67,3,4.87,0.7056390375544027,0,LOW,No significant price anomaly,PO_PRICE_KMEANS,V1,1.7329910716518928,2026-09-10 12:33:29
4502002398,00050,2026-12-08,3000,US01,P300,V00035,MAT00047,75,EA,USD,44.52,44.6100000000000,1,1,0.00,3345.75,45.17,46.64,-4.55,48.44,45.16,53.27,3,-8.09,0.7051377690236303,0,LOW,No significant price anomaly,PO_PRICE_KMEANS,V1,1.7329910716518928,2026-09-10 12:33:29
4502002351,00040,2026-11-09,3000,US01,P300,V00002,MAT00004,15,EA,USD,398.74,390.4700000000000,1,1,0.00,5857.05,388.16,365.57,9.07,426.91,366.78,594.91,3,-6.6,0.7047248299769381,0,LOW,No significant price anomaly,PO_PRICE_KMEANS,V1,1.7329910716518928,2026-09-10 12:33:29
4502002400,00060,2026-12-08,3000,US01,P300,V00033,MAT00060,8,EA,USD,550.59,564.1300000000000,1,1,0.00,4513.04,567.53,552.16,-0.28,582.12,570.18,606.27,3,-5.42,0.7041041988455722,0,LOW,No significant price anomaly,PO_PRICE_KMEANS,V1,1.7329910716518928,2026-09-10 12:33:29
4502002286,00030,2026-10-06,1000,DE01,P100,V00008,MAT00033,40,EA,EUR,156.64,154.5400000000000,1,1,0.00,6181.60,164.15,145.24,7.85,169.74,153.71,180.13,3,-7.72,0.7040715413027773,0,LOW,No significant price anomaly,PO_PRICE_KMEANS,V1,1.7329910716518928,2026-09-10 12:33:29
4502002331,00050,2026-11-09,1000,DE02,P100,V00038,MAT00005,50,EA,EUR,433.23,426.8200000000000,0,0,0.00,0.00,422.82,467.00,-7.23,451.11,371.45,597.81,3,-3.96,0.702543544867045,0,LOW,No significant price anomaly,PO_PRICE_KMEANS,V1,1.7329910716518928,2026-09-10 12:33:29
4502002161,00050,2026-07-03,1000,DE01,P100,V00027,MAT00005,15,EA,EUR,384.18,377.9400000000000,1,1,0.00,5669.10,373.00,364.15,5.5,417.77,392.45,438.42,3,-8.04,0.7025243127939503,0,LOW,No significant price anomaly,PO_PRICE_KMEANS,V1,1.7329910716518928,2026-09-10 12:33:29
4502002354,00030,2026-11-09,3000,US01,P300,V00012,MAT00021,8,EA,USD,506.25,506.3900000000000,1,1,0.00,4051.12,513.88,473.05,7.02,472.75,431.51,505.64,3,7.09,0.7025086883658094,0,LOW,No significant price anomaly,PO_PRICE_KMEANS,V1,1.7329910716518928,2026-09-10 12:33:29
4502002193,00060,2026-07-03,3000,US01,P300,V00010,MAT00018,15,EA,USD,190.31,191.0200000000000,1,1,0.00,2865.30,190.63,195.10,-2.46,177.42,165.57,189.88,3,7.27,0.7024588032547582,0,LOW,No significant price anomaly,PO_PRICE_KMEANS,V1,1.7329910716518928,2026-09-10 12:33:29
4502002345,00040,2026-11-09,2000,IN01,P200,V00015,MAT00028,8,EA,INR,33562.76,33986.2100000000000,1,1,0.00,271889.68,33508.73,31141.90,7.77,31243.38,17039.47,46281.67,3,7.42,0.7024300245935279,0,LOW,No significant price anomaly,PO_PRICE_KMEANS,V1,1.7329910716518928,2026-09-10 12:33:29
4502002289,00050,2026-10-06,1000,DE01,P100,V00020,MAT00053,15,EA,EUR,162.43,161.5500000000000,1,1,0.00,2423.25,161.95,157.70,3.0,150.27,139.01,160.84,3,8.09,0.7012455735353673,0,LOW,No significant price anomaly,PO_PRICE_KMEANS,V1,1.7329910716518928,2026-09-10 12:33:29
4502002223,00010,2026-08-04,2000,IN01,P200,V00032,MAT00013,8,EA,INR,20942.04,20519.4900000000000,1,1,0.00,164155.92,20033.62,19190.67,9.13,20537.96,19979.43,21298.17,3,1.97,0.701186593101839,0,LOW,No significant price anomaly,PO_PRICE_KMEANS,V1,1.7329910716518928,2026-09-10 12:33:29
4502002221,00060,2026-08-04,2000,IN01,P200,V00038,MAT00006,8,EA,INR,32417.69,31860.6800000000000,1,1,0.00,254885.44,32621.03,30127.94,7.6,35870.47,29605.35,44659.68,3,-9.63,0.7010817409247239,0,LOW,No significant price anomaly,PO_PRICE_KMEANS,V1,1.7329910716518928,2026-09-10 12:33:29
4502002239,00040,2026-08-04,3000,US01,P300,V00009,MAT00052,5,EA,USD,336.20,343.2200000000000,1,1,0.00,1716.10,336.77,362.72,-7.31,332.17,323.80,343.49,3,1.21,0.700808421583773,0,LOW,No significant price anomaly,PO_PRICE_KMEANS,V1,1.7329910716518928,2026-09-10 12:33:29
4502002331,00020,2026-11-09,1000,DE02,P100,V00036,MAT00002,5,EA,EUR,164.87,163.7300000000000,1,1,0.00,818.65,164.99,152.86,7.86,182.45,158.53,237.02,3,-9.64,0.7004630400925523,0,LOW,No significant price anomaly,PO_PRICE_KMEANS,V1,1.7329910716518928,2026-09-10 12:33:29
4502002310,00050,2026-10-06,2000,IN01,P200,V00026,MAT00059,25,EA,INR,43012.32,42647.1500000000000,1,1,0.00,1066178.75,42366.78,40198.35,7.0,45244.15,43734.41,46789.63,3,-4.93,0.7000495031963542,0,LOW,No significant price anomaly,PO_PRICE_KMEANS,V1,1.7329910716518928,2026-09-10 12:33:29
4502002324,00020,2026-11-09,1000,DE01,P100,V00017,MAT00020,20,EA,EUR,228.73,232.7000000000000,1,1,0.00,4654.00,236.01,221.74,3.15,251.13,237.55,268.36,3,-8.92,0.6998821055993761,0,LOW,No significant price anomaly,PO_PRICE_KMEANS,V1,1.7329910716518928,2026-09-10 12:33:29
4502002262,00040,2026-09-07,2000,IN01,P200,V00009,MAT00010,40,EA,INR,8518.85,8552.3200000000000,1,1,0.00,342092.80,8631.26,8423.58,1.13,8186.55,7979.43,8327.55,3,4.06,0.6994175389063405,0,LOW,No significant price anomaly,PO_PRICE_KMEANS,V1,1.7329910716518928,2026-09-10 12:33:29
4502002318,00040,2026-10-06,3000,US01,P300,V00039,MAT00046,20,EA,USD,394.03,401.2800000000000,1,1,0.00,8025.60,394.22,390.93,0.79,442.88,412.94,529.52,3,-11.03,0.6982703757616914,0,LOW,No significant price anomaly,PO_PRICE_KMEANS,V1,1.7329910716518928,2026-09-10 12:33:29
4502002270,00020,2026-09-07,2000,IN01,P200,V00017,MAT00056,100,EA,INR,42170.23,41512.1000000000000,1,1,0.00,4151210.00,41255.16,38601.79,9.24,43846.71,41267.72,47340.06,3,-3.82,0.6975433600129801,0,LOW,No significant price anomaly,PO_PRICE_KMEANS,V1,1.7329910716518928,2026-09-10 12:33:29
4502002388,00030,2026-12-08,2000,IN01,P200,V00032,MAT00045,100,EA,INR,42182.25,42261.9000000000000,1,1,0.00,4226190.00,41887.39,39546.28,6.67,47044.35,41001.52,67474.52,3,-10.34,0.6950158477192059,0,LOW,No significant price anomaly,PO_PRICE_KMEANS,V1,1.7329910716518928,2026-09-10 12:33:29
4502002354,00040,2026-11-09,3000,US01,P300,V00022,MAT00022,100,EA,USD,440.50,442.1100000000000,1,1,0.00,44211.00,431.06,477.05,-7.66,447.18,391.46,565.12,3,-1.49,0.6941305481404011,0,LOW,No significant price anomaly,PO_PRICE_KMEANS,V1,1.7329910716518928,2026-09-10 12:33:29
4502002394,00040,2026-12-08,3000,US01,P300,V00001,MAT00022,75,EA,USD,391.37,396.1900000000000,1,1,0.00,29714.25,396.95,374.95,4.38,429.08,391.46,442.23,3,-8.79,0.6938235624570073,0,LOW,No significant price anomaly,PO_PRICE_KMEANS,V1,1.7329910716518928,2026-09-10 12:33:29
4502002359,00050,2026-11-09,3000,US01,P300,V00012,MAT00053,40,EA,USD,168.69,171.6200000000000,1,1,0.00,6864.80,175.08,157.75,6.94,158.51,148.52,169.91,3,6.42,0.6937070380676693,0,LOW,No significant price anomaly,PO_PRICE_KMEANS,V1,1.7329910716518928,2026-09-10 12:33:29
4502002294,00020,2026-10-06,1000,DE02,P100,V00021,MAT00020,20,EA,EUR,262.03,256.7000000000000,1,1,0.00,5134.00,262.04,243.30,7.7,246.69,235.47,282.32,3,6.22,0.6936822211605775,0,LOW,No significant price anomaly,PO_PRICE_KMEANS,V1,1.7329910716518928,2026-09-10 12:33:29
4502002382,00010,2026-12-08,2000,IN01,P200,V00048,MAT00007,25,EA,INR,44669.52,44905.8800000000000,1,1,0.00,1122647.00,45924.44,41132.56,8.6,42266.92,38603.70,45219.94,3,5.68,0.6929677628969338,0,LOW,No significant price anomaly,PO_PRICE_KMEANS,V1,1.7329910716518928,2026-09-10 12:33:29
4502002214,00020,2026-08-04,1000,DE02,P100,V00035,MAT00020,5,EA,EUR,237.87,236.5300000000000,1,1,0.00,1182.65,242.01,230.85,3.04,264.24,235.47,282.32,3,-9.98,0.6924889857732306,0,LOW,No significant price anomaly,PO_PRICE_KMEANS,V1,1.7329910716518928,2026-09-10 12:33:29
4502002348,00020,2026-11-09,2000,IN01,P200,V00015,MAT00044,50,EA,INR,48525.96,48857.1600000000000,1,1,0.00,2442858.00,48796.81,47729.49,1.67,44859.47,41562.62,49336.71,3,8.17,0.6913252926370196,0,LOW,No significant price anomaly,PO_PRICE_KMEANS,V1,1.7329910716518928,2026-09-10 12:33:29
4502002182,00060,2026-07-03,2000,IN01,P200,V00015,MAT00012,50,EA,INR,43750.15,44273.3500000000000,1,1,0.00,2213667.50,44830.63,41966.71,4.25,40625.66,38388.93,44768.95,3,7.69,0.6899099622443926,0,LOW,No significant price anomaly,PO_PRICE_KMEANS,V1,1.7329910716518928,2026-09-10 12:33:29
4502002323,00010,2026-11-09,1000,DE01,P100,V00003,MAT00013,75,EA,EUR,201.46,201.8000000000000,1,1,0.00,15135.00,204.60,188.49,6.88,223.54,194.39,287.74,3,-9.88,0.6899043491086128,0,LOW,No significant price anomaly,PO_PRICE_KMEANS,V1,1.7329910716518928,2026-09-10 12:33:29
4502002288,00040,2026-10-06,1000,DE01,P100,V00006,MAT00046,40,EA,EUR,361.98,359.1600000000000,1,1,0.00,14366.40,352.90,388.99,-6.94,354.82,261.61,395.06,3,2.02,0.6898546409719674,0,LOW,No significant price anomaly,PO_PRICE_KMEANS,V1,1.7329910716518928,2026-09-10 12:33:29
4502002378,00030,2026-12-08,1000,DE02,P100,V00021,MAT00045,40,EA,EUR,457.59,450.8100000000000,1,1,0.00,18032.40,446.62,412.12,11.03,463.73,398.46,546.59,3,-1.32,0.6892057207776983,0,LOW,No significant price anomaly,PO_PRICE_KMEANS,V1,1.7329910716518928,2026-09-10 12:33:29
4502002302,00010,2026-10-06,2000,IN01,P200,V00014,MAT00007,75,EA,INR,45219.94,45586.3100000000000,1,1,0.00,3418973.25,44923.44,42527.80,6.33,42151.60,38603.70,45924.44,3,7.28,0.6877206169690845,0,LOW,No significant price anomaly,PO_PRICE_KMEANS,V1,1.7329910716518928,2026-09-10 12:33:29
4502002328,00040,2026-11-09,1000,DE01,P100,V00013,MAT00046,50,EA,EUR,374.60,372.7000000000000,1,1,0.00,18635.00,368.47,360.09,4.03,345.09,261.61,384.29,3,8.55,0.6874311105845142,0,LOW,No significant price anomaly,PO_PRICE_KMEANS,V1,1.7329910716518928,2026-09-10 12:33:29
4502002173,00020,2026-07-03,1000,DE02,P100,V00024,MAT00014,75,EA,EUR,75.20,74.3100000000000,1,1,0.00,5573.25,73.22,69.18,8.7,73.32,68.96,78.25,3,2.56,0.6871241731033304,0,LOW,No significant price anomaly,PO_PRICE_KMEANS,V1,1.7329910716518928,2026-09-10 12:33:29
4502002190,00030,2026-07-03,2000,IN01,P200,V00013,MAT00057,50,EA,INR,35442.51,35392.0200000000000,1,1,0.00,1769601.00,35804.89,33172.14,6.84,33026.39,24622.80,38311.25,3,7.32,0.686739362848023,0,LOW,No significant price anomaly,PO_PRICE_KMEANS,V1,1.7329910716518928,2026-09-10 12:33:29
4502002353,00040,2026-11-09,3000,US01,P300,V00038,MAT00016,8,EA,USD,184.26,184.5500000000000,1,1,0.00,1476.40,186.80,173.21,6.38,172.50,162.87,185.67,3,6.82,0.6865723252201358,0,LOW,No significant price anomaly,PO_PRICE_KMEANS,V1,1.7329910716518928,2026-09-10 12:33:29
4502002185,00020,2026-07-03,2000,IN01,P200,V00023,MAT00026,20,EA,INR,9580.07,9768.5800000000000,1,1,0.00,195371.60,9865.64,9445.85,1.42,10818.65,6780.58,17175.72,3,-11.45,0.68655927619612,0,LOW,No significant price anomaly,PO_PRICE_KMEANS,V1,1.7329910716518928,2026-09-10 12:33:29
4502002331,00010,2026-11-09,1000,DE02,P100,V00026,MAT00001,25,EA,EUR,479.34,473.2900000000000,1,1,0.00,11832.25,469.34,438.25,9.38,497.70,463.26,526.45,3,-3.69,0.6853931740281117,0,LOW,No significant price anomaly,PO_PRICE_KMEANS,V1,1.7329910716518928,2026-09-10 12:33:29
4502002177,00060,2026-07-03,1000,DE02,P100,V00012,MAT00042,100,EA,EUR,363.19,365.0700000000000,1,1,0.00,36507.00,361.57,350.07,3.75,335.64,309.55,361.51,3,8.21,0.6845843200895735,0,LOW,No significant price anomaly,PO_PRICE_KMEANS,V1,1.7329910716518928,2026-09-10 12:33:29
4502002362,00040,2026-12-08,1000,DE01,P100,V00028,MAT00010,5,EA,EUR,102.20,103.3000000000000,1,1,0.00,516.50,103.65,96.84,5.53,94.71,88.24,110.73,3,7.91,0.6842927494936314,0,LOW,No significant price anomaly,PO_PRICE_KMEANS,V1,1.7329910716518928,2026-09-10 12:33:29
4502002163,00060,2026-07-03,1000,DE01,P100,V00025,MAT00018,25,EA,EUR,179.85,178.8800000000000,1,1,0.00,4472.00,181.61,167.83,7.16,199.37,172.35,255.01,3,-9.79,0.6841628151627139,0,LOW,No significant price anomaly,PO_PRICE_KMEANS,V1,1.7329910716518928,2026-09-10 12:33:29
4502002197,00010,2026-07-03,3000,US01,P300,V00012,MAT00037,25,EA,USD,337.34,334.4200000000000,1,1,0.00,8360.50,329.71,320.28,5.33,315.81,288.87,331.14,3,6.82,0.6841227037270846,0,LOW,No significant price anomaly,PO_PRICE_KMEANS,V1,1.7329910716518928,2026-09-10 12:33:29
4502002197,00050,2026-07-03,3000,US01,P300,V00024,MAT00041,50,EA,USD,419.39,402.0200000000000,1,1,0.00,20101.00,406.47,402.32,4.24,396.47,367.13,425.35,3,5.78,0.6832387805467891,0,LOW,No significant price anomaly,PO_PRICE_KMEANS,V1,1.7329910716518928,2026-09-10 12:33:29
4502002320,00040,2026-10-06,3000,US01,P300,V00027,MAT00058,100,EA,USD,269.75,267.8700000000000,1,1,0.00,26787.00,272.92,267.03,1.02,295.67,279.43,311.81,3,-8.77,0.6823643430464957,0,LOW,No significant price anomaly,PO_PRICE_KMEANS,V1,1.7329910716518928,2026-09-10 12:33:29
4502002191,00010,2026-07-03,3000,US01,P300,V00048,MAT00001,100,EA,USD,556.19,560.4700000000000,1,1,0.00,56047.00,547.26,499.02,11.46,569.32,484.91,740.33,3,-2.31,0.6822812144351534,0,LOW,No significant price anomaly,PO_PRICE_KMEANS,V1,1.7329910716518928,2026-09-10 12:33:29
4502002216,00040,2026-08-04,1000,DE02,P100,V00015,MAT00034,8,EA,EUR,596.30,589.1300000000000,1,1,0.00,4713.04,594.99,552.92,7.85,565.23,535.24,639.54,3,5.5,0.6821965886458111,0,LOW,No significant price anomaly,PO_PRICE_KMEANS,V1,1.7329910716518928,2026-09-10 12:33:29
4502002222,00050,2026-08-04,2000,IN01,P200,V00012,MAT00011,20,EA,INR,37773.51,38261.8100000000000,1,1,0.00,765236.20,37550.14,34415.67,9.76,36355.51,34457.58,38045.81,3,3.9,0.681763065033961,0,LOW,No significant price anomaly,PO_PRICE_KMEANS,V1,1.7329910716518928,2026-09-10 12:33:29
4502002285,00040,2026-10-06,1000,DE01,P100,V00034,MAT00028,50,EA,EUR,358.03,360.9400000000000,1,1,0.00,18047.00,367.07,352.79,1.49,330.95,301.34,363.58,3,8.18,0.680566711361837,0,LOW,No significant price anomaly,PO_PRICE_KMEANS,V1,1.7329910716518928,2026-09-10 12:33:29
4502002171,00030,2026-07-03,1000,DE02,P100,V00018,MAT00003,100,EA,EUR,113.66,113.7100000000000,1,1,0.00,11371.00,111.43,104.88,8.37,122.58,113.10,152.07,3,-7.28,0.6795016359270757,0,LOW,No significant price anomaly,PO_PRICE_KMEANS,V1,1.7329910716518928,2026-09-10 12:33:29
4502002350,00060,2026-11-09,2000,IN01,P200,V00015,MAT00060,10,EA,INR,52553.98,53893.0300000000000,1,1,0.00,538930.30,53655.53,50412.76,4.25,49180.90,47081.43,52755.42,3,6.86,0.6776607221853823,0,LOW,No significant price anomaly,PO_PRICE_KMEANS,V1,1.7329910716518928,2026-09-10 12:33:29
4502002340,00010,2026-11-09,1000,DE02,P100,V00030,MAT00055,40,EA,EUR,140.39,140.2900000000000,1,1,0.00,5611.60,140.54,128.18,9.53,152.06,92.36,232.85,3,-7.67,0.6756072606952009,0,LOW,No significant price anomaly,PO_PRICE_KMEANS,V1,1.7329910716518928,2026-09-10 12:33:29
4502002312,00010,2026-10-06,3000,US01,P300,V00025,MAT00007,80,EA,USD,524.37,519.1100000000000,1,1,0.00,41528.80,509.96,510.84,2.65,504.88,495.61,515.54,3,3.86,0.6749302394990435,0,LOW,No significant price anomaly,PO_PRICE_KMEANS,V1,1.7329910716518928,2026-09-10 12:33:29
4502002244,00030,2026-09-07,1000,DE01,P100,V00013,MAT00021,8,EA,EUR,438.23,434.7400000000000,1,1,0.00,3477.92,425.46,394.93,10.96,443.29,403.68,482.07,3,-1.14,0.674329688912145,0,LOW,No significant price anomaly,PO_PRICE_KMEANS,V1,1.7329910716518928,2026-09-10 12:33:29
4502002387,00010,2026-12-08,2000,IN01,P200,V00008,MAT00037,100,EA,INR,25647.91,25431.6300000000000,1,1,0.00,2543163.00,24945.06,23547.77,8.92,25193.14,24359.91,25535.83,3,1.81,0.6742575224232511,0,LOW,No significant price anomaly,PO_PRICE_KMEANS,V1,1.7329910716518928,2026-09-10 12:33:29
4502002208,00020,2026-08-04,1000,DE01,P100,V00048,MAT00044,20,EA,EUR,514.74,514.4000000000000,1,1,0.00,10288.00,524.48,465.74,10.52,545.63,464.68,729.63,3,-5.66,0.6735560525094089,0,LOW,No significant price anomaly,PO_PRICE_KMEANS,V1,1.7329910716518928,2026-09-10 12:33:29
4502002283,00050,2026-10-06,1000,DE01,P100,V00008,MAT00017,15,EA,EUR,98.36,96.6600000000000,1,1,0.00,1449.90,96.85,90.84,8.28,105.10,96.53,111.45,3,-6.41,0.6735131534499588,0,LOW,No significant price anomaly,PO_PRICE_KMEANS,V1,1.7329910716518928,2026-09-10 12:33:29
4502002193,00010,2026-07-03,3000,US01,P300,V00036,MAT00013,15,EA,USD,245.79,242.0700000000000,1,1,0.00,3631.05,242.61,224.64,9.42,240.16,218.91,254.29,3,2.34,0.6725722785781889,0,LOW,No significant price anomaly,PO_PRICE_KMEANS,V1,1.7329910716518928,2026-09-10 12:33:29
4502002178,00010,2026-07-03,1000,DE02,P100,V00042,MAT00043,5,EA,EUR,462.99,456.0100000000000,1,1,0.00,2280.05,446.39,423.98,9.2,488.87,460.79,534.93,3,-5.29,0.6717922012913378,0,LOW,No significant price anomaly,PO_PRICE_KMEANS,V1,1.7329910716518928,2026-09-10 12:33:29
4502002263,00050,2026-09-07,2000,IN01,P200,V00023,MAT00017,8,EA,INR,8750.09,8539.1700000000000,1,1,0.00,68313.36,9367.76,8038.57,8.85,9011.76,5018.03,13137.40,3,-2.9,0.6711942144302581,0,LOW,No significant price anomaly,PO_PRICE_KMEANS,V1,1.7329910716518928,2026-09-10 12:33:29
4502002278,00020,2026-09-07,3000,US01,P300,V00040,MAT00044,10,EA,USD,539.33,551.9000000000000,1,1,0.00,5519.00,559.75,534.78,0.85,513.77,500.22,535.29,3,4.97,0.6705063988590998,0,LOW,No significant price anomaly,PO_PRICE_KMEANS,V1,1.7329910716518928,2026-09-10 12:33:29
4502002197,00060,2026-07-03,3000,US01,P300,V00034,MAT00042,25,EA,USD,406.50,399.2600000000000,1,1,0.00,9981.50,401.78,372.08,9.25,422.32,350.07,575.56,3,-3.75,0.6700779957793984,0,LOW,No significant price anomaly,PO_PRICE_KMEANS,V1,1.7329910716518928,2026-09-10 12:33:29
4502002394,00010,2026-12-08,3000,US01,P300,V00047,MAT00019,25,EA,USD,151.25,149.6900000000000,1,1,0.00,3742.25,152.60,139.76,8.22,156.90,151.22,160.70,3,-3.6,0.6640787000208553,0,LOW,No significant price anomaly,PO_PRICE_KMEANS,V1,1.7329910716518928,2026-09-10 12:33:29
4502002311,00050,2026-10-06,3000,US01,P300,V00005,MAT00005,8,EA,USD,453.37,451.9900000000000,1,1,0.00,3615.92,449.53,451.37,0.44,422.54,397.02,451.50,3,7.3,0.6636077715842165,0,LOW,No significant price anomaly,PO_PRICE_KMEANS,V1,1.7329910716518928,2026-09-10 12:33:29
4502002281,00020,2026-10-06,1000,DE01,P100,V00018,MAT00002,15,EA,EUR,164.23,160.4100000000000,1,1,0.00,2406.15,160.43,149.99,9.49,165.89,162.01,170.48,3,-1.0,0.6635198180008118,0,LOW,No significant price anomaly,PO_PRICE_KMEANS,V1,1.7329910716518928,2026-09-10 12:33:29
4502002343,00060,2026-11-09,2000,IN01,P200,V00047,MAT00018,5,EA,INR,15164.69,15216.4900000000000,1,1,0.00,76082.45,14930.78,14168.25,7.03,16222.55,15353.17,16931.19,3,-6.52,0.663013213365458,0,LOW,No significant price anomaly,PO_PRICE_KMEANS,V1,1.7329910716518928,2026-09-10 12:33:29
4502002299,00030,2026-10-06,1000,DE02,P100,V00039,MAT00051,50,EA,EUR,287.58,290.8800000000000,1,1,0.00,14544.00,292.23,286.13,0.51,321.28,297.14,387.04,3,-10.49,0.6604838031525021,0,LOW,No significant price anomaly,PO_PRICE_KMEANS,V1,1.7329910716518928,2026-09-10 12:33:29
4502002203,00030,2026-08-04,1000,DE01,P100,V00002,MAT00015,100,EA,EUR,395.83,390.8800000000000,1,1,0.00,39088.00,399.68,369.46,7.14,382.26,373.77,394.50,3,3.55,0.6597660142923998,0,LOW,No significant price anomaly,PO_PRICE_KMEANS,V1,1.7329910716518928,2026-09-10 12:33:29
4502002348,00060,2026-11-09,2000,IN01,P200,V00027,MAT00048,40,EA,INR,40477.70,39844.4500000000000,1,1,0.00,1593778.00,39076.66,38043.29,6.4,43780.78,40576.06,46717.25,3,-7.54,0.6597559010205739,0,LOW,No significant price anomaly,PO_PRICE_KMEANS,V1,1.7329910716518928,2026-09-10 12:33:29
4502002396,00040,2026-12-08,3000,US01,P300,V00037,MAT00034,5,EA,USD,610.68,607.5100000000000,1,1,0.00,3037.55,596.61,579.60,5.36,570.38,534.42,617.54,3,7.07,0.6595645067804967,0,LOW,No significant price anomaly,PO_PRICE_KMEANS,V1,1.7329910716518928,2026-09-10 12:33:29
4502002227,00060,2026-08-04,2000,IN01,P200,V00002,MAT00042,75,EA,INR,29281.82,30032.4300000000000,1,1,0.00,2252432.25,30441.35,29284.44,-0.01,27228.72,18762.95,30462.31,3,7.54,0.6559488442766357,0,LOW,No significant price anomaly,PO_PRICE_KMEANS,V1,1.7329910716518928,2026-09-10 12:33:29
4502002248,00010,2026-09-07,1000,DE01,P100,V00045,MAT00043,40,EA,EUR,475.45,479.4300000000000,1,1,0.00,19177.20,477.07,512.41,-7.21,486.35,452.38,516.07,3,-2.24,0.6557064249501376,0,LOW,No significant price anomaly,PO_PRICE_KMEANS,V1,1.7329910716518928,2026-09-10 12:33:29
4502002243,00030,2026-09-07,1000,DE01,P100,V00009,MAT00015,75,EA,EUR,401.48,399.8900000000000,1,1,0.00,29991.75,394.50,373.62,7.46,385.70,373.77,399.68,3,4.09,0.6551607491922435,0,LOW,No significant price anomaly,PO_PRICE_KMEANS,V1,1.7329910716518928,2026-09-10 12:33:29
4502002346,00010,2026-11-09,2000,IN01,P200,V00017,MAT00031,40,EA,INR,19156.06,18947.6100000000000,0,0,0.00,0.00,18556.15,18245.10,4.99,20829.49,19403.59,22266.58,3,-8.03,0.6550036780394339,0,LOW,No significant price anomaly,PO_PRICE_KMEANS,V1,1.7329910716518928,2026-09-10 12:33:29
4502002174,00050,2026-07-03,1000,DE02,P100,V00030,MAT00023,10,EA,EUR,468.93,465.8100000000000,1,1,0.00,4658.10,454.34,431.80,8.6,472.95,445.31,521.42,3,-0.85,0.6549986142018177,0,LOW,No significant price anomaly,PO_PRICE_KMEANS,V1,1.7329910716518928,2026-09-10 12:33:29
4502002251,00030,2026-09-07,1000,DE02,P100,V00032,MAT00003,20,EA,EUR,116.75,115.4900000000000,1,1,0.00,2309.80,114.36,107.04,9.07,114.51,111.43,118.35,3,1.96,0.6539049285008268,0,LOW,No significant price anomaly,PO_PRICE_KMEANS,V1,1.7329910716518928,2026-09-10 12:33:29
4502002273,00050,2026-09-07,3000,US01,P300,V00034,MAT00017,75,EA,USD,119.84,118.4200000000000,1,1,0.00,8881.50,120.02,107.89,11.08,121.31,98.89,175.20,3,-1.21,0.6537682464577428,0,LOW,No significant price anomaly,PO_PRICE_KMEANS,V1,1.7329910716518928,2026-09-10 12:33:29
4502002388,00060,2026-12-08,2000,IN01,P200,V00034,MAT00048,15,EA,INR,45458.95,45146.9800000000000,1,1,0.00,677204.70,45889.84,43064.38,5.56,42398.47,39076.66,46717.25,3,7.22,0.6535030879427032,0,LOW,No significant price anomaly,PO_PRICE_KMEANS,V1,1.7329910716518928,2026-09-10 12:33:29
4502002204,00010,2026-08-04,1000,DE01,P100,V00014,MAT00019,10,EA,EUR,155.20,154.5300000000000,1,1,0.00,1545.30,156.40,153.83,0.89,143.66,129.20,157.38,3,8.03,0.652776565627088,0,LOW,No significant price anomaly,PO_PRICE_KMEANS,V1,1.7329910716518928,2026-09-10 12:33:29
4502002227,00040,2026-08-04,2000,IN01,P200,V00010,MAT00040,40,EA,INR,25962.00,26168.3000000000000,1,1,0.00,1046732.00,25935.77,23885.72,8.69,24691.99,23057.64,28389.00,3,5.14,0.6514838179377562,0,LOW,No significant price anomaly,PO_PRICE_KMEANS,V1,1.7329910716518928,2026-09-10 12:33:29
4502002315,00040,2026-10-06,3000,US01,P300,V00019,MAT00028,75,EA,USD,376.58,367.9700000000000,1,1,0.00,27597.75,374.33,342.90,9.82,368.15,350.80,389.22,3,2.29,0.6507207241560079,0,LOW,No significant price anomaly,PO_PRICE_KMEANS,V1,1.7329910716518928,2026-09-10 12:33:29
4502002343,00010,2026-11-09,2000,IN01,P200,V00025,MAT00013,15,EA,INR,21085.23,21052.8400000000000,1,1,0.00,315792.60,21298.17,19791.71,6.54,20329.32,19955.69,20942.04,3,3.72,0.6495340731658626,0,LOW,No significant price anomaly,PO_PRICE_KMEANS,V1,1.7329910716518928,2026-09-10 12:33:29
4502002277,00040,2026-09-07,3000,US01,P300,V00028,MAT00040,15,EA,USD,326.17,323.5900000000000,0,0,0.00,0.00,318.07,322.12,1.26,304.04,271.68,325.47,3,7.28,0.6494889805766916,0,LOW,No significant price anomaly,PO_PRICE_KMEANS,V1,1.7329910716518928,2026-09-10 12:33:29
4502002375,00030,2026-12-08,1000,DE02,P100,V00001,MAT00027,50,EA,EUR,350.46,345.8100000000000,1,1,0.00,17290.50,350.47,323.47,8.34,375.19,330.21,418.16,3,-6.59,0.6487117320209504,0,LOW,No significant price anomaly,PO_PRICE_KMEANS,V1,1.7329910716518928,2026-09-10 12:33:29
4502002307,00040,2026-10-06,2000,IN01,P200,V00044,MAT00040,40,EA,INR,23118.65,23001.7800000000000,1,1,0.00,920071.20,23311.87,21576.19,7.15,24838.95,23262.78,25962.00,3,-6.93,0.6483265604534403,0,LOW,No significant price anomaly,PO_PRICE_KMEANS,V1,1.7329910716518928,2026-09-10 12:33:29
4502002281,00010,2026-10-06,1000,DE01,P100,V00008,MAT00001,100,EA,EUR,453.60,461.4600000000000,1,1,0.00,46146.00,461.63,439.91,3.11,498.68,461.61,525.68,3,-9.04,0.6482511153923117,0,LOW,No significant price anomaly,PO_PRICE_KMEANS,V1,1.7329910716518928,2026-09-10 12:33:29
4502002305,00030,2026-10-06,2000,IN01,P200,V00026,MAT00027,15,EA,INR,32497.05,32299.5800000000000,1,1,0.00,484493.70,32895.94,30784.56,5.56,34561.99,33327.25,36123.91,3,-5.97,0.6462422259558644,0,LOW,No significant price anomaly,PO_PRICE_KMEANS,V1,1.7329910716518928,2026-09-10 12:33:29
4502002309,00040,2026-10-06,2000,IN01,P200,V00032,MAT00052,8,EA,INR,31452.90,30796.0400000000000,1,1,0.00,246368.32,31526.42,30241.76,4.0,29413.58,27283.09,31495.31,3,6.93,0.6453991042245343,0,LOW,No significant price anomaly,PO_PRICE_KMEANS,V1,1.7329910716518928,2026-09-10 12:33:29
4502002162,00050,2026-07-03,1000,DE01,P100,V00031,MAT00011,40,EA,EUR,377.11,368.6700000000000,1,1,0.00,14746.80,365.25,353.01,6.83,398.41,380.30,417.16,3,-5.35,0.6449584643624623,0,LOW,No significant price anomaly,PO_PRICE_KMEANS,V1,1.7329910716518928,2026-09-10 12:33:29
4502002333,00040,2026-11-09,1000,DE02,P100,V00016,MAT00016,8,EA,EUR,149.86,148.4300000000000,1,1,0.00,1187.44,146.64,143.26,4.61,166.70,144.13,219.90,3,-10.1,0.6440930168669488,0,LOW,No significant price anomaly,PO_PRICE_KMEANS,V1,1.7329910716518928,2026-09-10 12:33:29
4502002358,00030,2026-11-09,3000,US01,P300,V00036,MAT00045,20,EA,USD,506.73,498.5700000000000,1,1,0.00,9971.40,486.89,466.93,8.52,497.54,447.04,532.11,3,1.85,0.6437277135892572,0,LOW,No significant price anomaly,PO_PRICE_KMEANS,V1,1.7329910716518928,2026-09-10 12:33:29
4502002234,00030,2026-08-04,3000,US01,P300,V00019,MAT00021,5,EA,USD,488.25,477.8900000000000,1,1,0.00,2389.45,484.25,446.12,9.44,494.28,436.00,513.88,3,-1.22,0.6434087515670119,0,LOW,No significant price anomaly,PO_PRICE_KMEANS,V1,1.7329910716518928,2026-09-10 12:33:29
4502002384,00040,2026-12-08,2000,IN01,P200,V00038,MAT00022,40,EA,INR,37454.13,37288.1700000000000,0,0,0.00,0.00,37806.59,34991.72,7.04,35814.56,34090.42,37194.39,3,4.58,0.6429597771574206,0,LOW,No significant price anomaly,PO_PRICE_KMEANS,V1,1.7329910716518928,2026-09-10 12:33:29
4502002220,00010,2026-08-04,1000,DE02,P100,V00037,MAT00055,40,EA,EUR,156.75,157.1500000000000,1,1,0.00,6286.00,154.32,141.47,10.8,157.13,134.63,232.85,3,-0.24,0.6425328898175598,0,LOW,No significant price anomaly,PO_PRICE_KMEANS,V1,1.7329910716518928,2026-09-10 12:33:29
4502002334,00040,2026-11-09,1000,DE02,P100,V00048,MAT00022,25,EA,EUR,407.70,400.5700000000000,1,1,0.00,10014.25,405.95,400.71,1.74,381.36,357.19,410.88,3,6.91,0.6423862778476538,0,LOW,No significant price anomaly,PO_PRICE_KMEANS,V1,1.7329910716518928,2026-09-10 12:33:29
4502002324,00060,2026-11-09,1000,DE01,P100,V00029,MAT00024,15,EA,EUR,345.61,345.1100000000000,1,1,0.00,5176.65,337.06,312.28,10.67,351.10,318.28,379.32,3,-1.56,0.6422662681430896,0,LOW,No significant price anomaly,PO_PRICE_KMEANS,V1,1.7329910716518928,2026-09-10 12:33:29
4502002187,00060,2026-07-03,2000,IN01,P200,V00023,MAT00042,50,EA,INR,29047.66,28791.2200000000000,1,1,0.00,1439561.00,28897.64,26757.49,8.56,27944.22,18762.95,31081.47,3,3.95,0.6420143881752346,0,LOW,No significant price anomaly,PO_PRICE_KMEANS,V1,1.7329910716518928,2026-09-10 12:33:29
4502002173,00050,2026-07-03,1000,DE02,P100,V00026,MAT00017,25,EA,EUR,98.72,99.1400000000000,1,1,0.00,2478.50,101.01,92.35,6.9,105.23,100.18,110.13,3,-6.19,0.6394800350015413,0,LOW,No significant price anomaly,PO_PRICE_KMEANS,V1,1.7329910716518928,2026-09-10 12:33:29
4502002185,00040,2026-07-03,2000,IN01,P200,V00015,MAT00028,20,EA,INR,33508.73,33986.2100000000000,1,1,0.00,679724.20,34168.30,30959.84,8.23,31739.91,17039.47,46281.67,3,5.57,0.6392069512748114,0,LOW,No significant price anomaly,PO_PRICE_KMEANS,V1,1.7329910716518928,2026-09-10 12:33:29
4502002246,00050,2026-09-07,1000,DE01,P100,V00021,MAT00035,25,EA,EUR,144.03,142.1800000000000,1,1,0.00,3554.50,143.53,133.56,7.84,155.35,128.96,209.66,3,-7.29,0.6383931030647282,0,LOW,No significant price anomaly,PO_PRICE_KMEANS,V1,1.7329910716518928,2026-09-10 12:33:29
4502002267,00040,2026-09-07,2000,IN01,P200,V00017,MAT00040,20,EA,INR,23595.54,23245.1600000000000,1,1,0.00,464903.20,23262.78,22481.26,4.96,25807.46,23311.87,28389.00,3,-8.57,0.6362012684785047,0,LOW,No significant price anomaly,PO_PRICE_KMEANS,V1,1.7329910716518928,2026-09-10 12:33:29
4502002385,00010,2026-12-08,2000,IN01,P200,V00020,MAT00025,75,EA,INR,32892.60,32502.5600000000000,1,1,0.00,2437692.00,33255.99,30642.54,7.34,31013.52,27915.34,37767.31,3,6.06,0.6360820717753192,0,LOW,No significant price anomaly,PO_PRICE_KMEANS,V1,1.7329910716518928,2026-09-10 12:33:29
4502002163,00030,2026-07-03,1000,DE01,P100,V00043,MAT00015,15,EA,EUR,381.24,376.0700000000000,1,1,0.00,5641.05,373.77,349.97,8.94,392.12,377.97,404.62,3,-2.77,0.6349464562334023,0,LOW,No significant price anomaly,PO_PRICE_KMEANS,V1,1.7329910716518928,2026-09-10 12:33:29
4502002232,00010,2026-08-04,3000,US01,P300,V00011,MAT00007,50,EA,USD,511.25,501.4800000000000,1,1,0.00,25074.00,506.15,464.24,10.13,507.45,495.61,515.54,3,0.75,0.6329541736469586,0,LOW,No significant price anomaly,PO_PRICE_KMEANS,V1,1.7329910716518928,2026-09-10 12:33:29
4502002178,00060,2026-07-03,1000,DE02,P100,V00016,MAT00048,15,EA,EUR,427.10,424.8400000000000,1,1,0.00,6372.60,416.36,393.07,8.66,428.50,411.51,447.78,3,-0.33,0.6321371258466637,0,LOW,No significant price anomaly,PO_PRICE_KMEANS,V1,1.7329910716518928,2026-09-10 12:33:29
4502002246,00040,2026-09-07,1000,DE01,P100,V00011,MAT00034,8,EA,EUR,554.63,546.3600000000000,1,1,0.00,4370.88,533.48,510.44,8.66,559.46,533.72,572.23,3,-0.86,0.6313475515579057,0,LOW,No significant price anomaly,PO_PRICE_KMEANS,V1,1.7329910716518928,2026-09-10 12:33:29
4502002324,00050,2026-11-09,1000,DE01,P100,V00019,MAT00023,50,EA,EUR,516.82,507.2900000000000,1,1,0.00,25364.50,503.90,474.61,8.89,511.82,490.64,542.06,3,0.98,0.6313206455530377,0,LOW,No significant price anomaly,PO_PRICE_KMEANS,V1,1.7329910716518928,2026-09-10 12:33:29
4502002265,00010,2026-09-07,2000,IN01,P200,V00047,MAT00025,8,EA,INR,28602.70,28665.1100000000000,1,1,0.00,229320.88,28729.53,27800.16,2.89,31331.09,29043.68,33255.99,3,-8.71,0.6311170690204906,0,LOW,No significant price anomaly,PO_PRICE_KMEANS,V1,1.7329910716518928,2026-09-10 12:33:29
4502002356,00020,2026-11-09,3000,US01,P300,V00038,MAT00032,10,EA,USD,440.21,437.3700000000000,1,1,0.00,4373.70,428.87,428.01,2.85,412.83,389.37,439.00,3,6.63,0.630940494000175,0,LOW,No significant price anomaly,PO_PRICE_KMEANS,V1,1.7329910716518928,2026-09-10 12:33:29
4502002373,00030,2026-12-08,1000,DE02,P100,V00013,MAT00015,75,EA,EUR,404.61,410.5400000000000,1,1,0.00,30790.50,445.25,395.26,2.37,433.88,384.46,597.16,3,-6.75,0.6307747704576776,0,LOW,No significant price anomaly,PO_PRICE_KMEANS,V1,1.7329910716518928,2026-09-10 12:33:29
4502002331,00030,2026-11-09,1000,DE02,P100,V00018,MAT00003,20,EA,EUR,111.09,113.7100000000000,1,1,0.00,2274.20,113.66,105.51,5.29,115.36,113.10,118.35,3,-3.7,0.6300372848230432,0,LOW,No significant price anomaly,PO_PRICE_KMEANS,V1,1.7329910716518928,2026-09-10 12:33:29
4502002256,00040,2026-09-07,1000,DE02,P100,V00022,MAT00034,5,EA,EUR,571.03,583.1800000000000,1,1,0.00,2915.90,639.54,554.54,2.97,568.54,546.43,596.30,3,0.44,0.6300164350447875,0,LOW,No significant price anomaly,PO_PRICE_KMEANS,V1,1.7329910716518928,2026-09-10 12:33:29
4502002171,00010,2026-07-03,1000,DE02,P100,V00026,MAT00001,8,EA,EUR,469.34,473.2900000000000,1,1,0.00,3786.32,464.67,435.85,7.68,497.03,465.51,526.45,3,-5.57,0.6297869232350776,0,LOW,No significant price anomaly,PO_PRICE_KMEANS,V1,1.7329910716518928,2026-09-10 12:33:29
4502002380,00040,2026-12-08,1000,DE02,P100,V00039,MAT00058,40,EA,EUR,260.05,256.5300000000000,1,1,0.00,10261.20,253.53,239.07,8.78,254.44,194.35,282.92,3,2.2,0.6292631423200102,0,LOW,No significant price anomaly,PO_PRICE_KMEANS,V1,1.7329910716518928,2026-09-10 12:33:29
4502002367,00030,2026-12-08,1000,DE01,P100,V00026,MAT00039,80,EA,EUR,503.35,503.8700000000000,1,1,0.00,40309.60,498.29,506.30,-0.58,528.11,514.01,544.16,3,-4.69,0.6288101711032366,0,LOW,No significant price anomaly,PO_PRICE_KMEANS,V1,1.7329910716518928,2026-09-10 12:33:29
4502002172,00030,2026-07-03,1000,DE02,P100,V00002,MAT00009,50,EA,EUR,116.33,118.7500000000000,1,1,0.00,5937.50,121.65,106.41,9.32,120.90,113.76,129.74,3,-3.78,0.6287004814005301,0,LOW,No significant price anomaly,PO_PRICE_KMEANS,V1,1.7329910716518928,2026-09-10 12:33:29
4502002265,00060,2026-09-07,2000,IN01,P200,V00021,MAT00030,40,EA,INR,3104.28,3047.0700000000000,1,1,0.00,121882.80,3024.38,2845.36,9.1,3107.05,2839.56,3323.89,3,-0.09,0.6284593670891553,0,LOW,No significant price anomaly,PO_PRICE_KMEANS,V1,1.7329910716518928,2026-09-10 12:33:29
4502002254,00050,2026-09-07,1000,DE02,P100,V00044,MAT00023,15,EA,EUR,445.91,455.9700000000000,1,1,0.00,6839.55,452.33,428.61,4.04,488.08,454.34,521.48,3,-8.64,0.6283595786589792,0,LOW,No significant price anomaly,PO_PRICE_KMEANS,V1,1.7329910716518928,2026-09-10 12:33:29
4502002233,00030,2026-08-04,3000,US01,P300,V00035,MAT00015,25,EA,USD,409.57,416.6800000000000,1,1,0.00,10417.00,406.55,392.20,4.43,448.10,423.93,483.39,3,-8.6,0.6276400669117413,0,LOW,No significant price anomaly,PO_PRICE_KMEANS,V1,1.7329910716518928,2026-09-10 12:33:29
4502002324,00040,2026-11-09,1000,DE01,P100,V00037,MAT00022,100,EA,EUR,395.70,389.8100000000000,1,1,0.00,38981.00,384.55,381.98,3.59,369.41,341.96,466.99,3,7.12,0.6263539595116933,0,LOW,No significant price anomaly,PO_PRICE_KMEANS,V1,1.7329910716518928,2026-09-10 12:33:29
4502002393,00030,2026-12-08,3000,US01,P300,V00035,MAT00015,50,EA,USD,408.25,416.6800000000000,1,1,0.00,20834.00,409.57,393.44,3.76,447.79,419.35,483.39,3,-8.83,0.6221570859499347,0,LOW,No significant price anomaly,PO_PRICE_KMEANS,V1,1.7329910716518928,2026-09-10 12:33:29
4502002233,00020,2026-08-04,3000,US01,P300,V00025,MAT00014,25,EA,USD,85.90,86.6400000000000,1,1,0.00,2166.00,88.49,80.28,7.0,93.67,77.07,140.38,3,-8.3,0.6220832504845252,0,LOW,No significant price anomaly,PO_PRICE_KMEANS,V1,1.7329910716518928,2026-09-10 12:33:29
4502002380,00030,2026-12-08,1000,DE02,P100,V00009,MAT00057,10,EA,EUR,373.42,372.3100000000000,1,1,0.00,3723.10,372.87,359.92,3.75,346.42,254.12,397.09,3,7.79,0.6220825940985858,0,LOW,No significant price anomaly,PO_PRICE_KMEANS,V1,1.7329910716518928,2026-09-10 12:33:29
4502002359,00060,2026-11-09,3000,US01,P300,V00022,MAT00054,40,EA,USD,525.59,533.9700000000000,1,1,0.00,21358.80,536.26,487.39,7.84,500.60,469.25,542.32,3,4.99,0.6220400007183031,0,LOW,No significant price anomaly,PO_PRICE_KMEANS,V1,1.7329910716518928,2026-09-10 12:33:29
4502002308,00040,2026-10-06,2000,IN01,P200,V00028,MAT00046,5,EA,INR,37545.41,37592.0100000000000,1,1,0.00,187960.05,37896.80,35203.46,6.65,35485.15,32400.04,37927.61,3,5.81,0.6213008527926566,0,LOW,No significant price anomaly,PO_PRICE_KMEANS,V1,1.7329910716518928,2026-09-10 12:33:29
4502002298,00050,2026-10-06,1000,DE02,P100,V00027,MAT00047,100,EA,EUR,41.97,41.8300000000000,1,1,0.00,4183.00,42.17,39.35,6.66,45.39,42.67,49.11,3,-7.53,0.6211811770193987,0,LOW,No significant price anomaly,PO_PRICE_KMEANS,V1,1.7329910716518928,2026-09-10 12:33:29
4502002241,00060,2026-09-07,1000,DE01,P100,V00023,MAT00006,8,EA,EUR,289.03,292.2500000000000,1,1,0.00,2338.00,289.80,271.64,6.4,312.39,297.56,334.06,3,-7.48,0.6198639708455684,0,LOW,No significant price anomaly,PO_PRICE_KMEANS,V1,1.7329910716518928,2026-09-10 12:33:29
4502002249,00040,2026-09-07,1000,DE01,P100,V00031,MAT00052,10,EA,EUR,314.38,309.9400000000000,1,1,0.00,3099.40,311.04,285.20,10.23,313.00,294.52,339.20,3,0.44,0.618698623571508,0,LOW,No significant price anomaly,PO_PRICE_KMEANS,V1,1.7329910716518928,2026-09-10 12:33:29
4502002242,00050,2026-09-07,1000,DE01,P100,V00045,MAT00011,50,EA,EUR,389.50,382.6400000000000,1,1,0.00,19132.00,385.02,356.78,9.17,394.32,365.25,417.16,3,-1.22,0.6185207765007126,0,LOW,No significant price anomaly,PO_PRICE_KMEANS,V1,1.7329910716518928,2026-09-10 12:33:29
4502002206,00030,2026-08-04,1000,DE01,P100,V00022,MAT00033,100,EA,EUR,178.39,175.3400000000000,1,1,0.00,17534.00,178.04,174.00,2.52,166.79,153.79,180.13,3,6.95,0.61835818669938,0,LOW,No significant price anomaly,PO_PRICE_KMEANS,V1,1.7329910716518928,2026-09-10 12:33:29
4502002259,00040,2026-09-07,1000,DE02,P100,V00042,MAT00052,40,EA,EUR,300.67,305.9700000000000,1,1,0.00,12238.80,309.42,284.57,5.66,326.77,303.00,351.03,3,-7.99,0.6179469021819485,0,LOW,No significant price anomaly,PO_PRICE_KMEANS,V1,1.7329910716518928,2026-09-10 12:33:29
4502002332,00050,2026-11-09,1000,DE02,P100,V00042,MAT00011,8,EA,EUR,368.26,363.9500000000000,1,1,0.00,2911.60,362.28,340.40,8.18,387.94,363.36,424.98,3,-5.07,0.6177154897700449,0,LOW,No significant price anomaly,PO_PRICE_KMEANS,V1,1.7329910716518928,2026-09-10 12:33:29
4502002295,00040,2026-10-06,1000,DE02,P100,V00045,MAT00028,8,EA,EUR,334.61,332.1700000000000,1,1,0.00,2657.36,333.56,308.95,8.31,321.82,230.14,360.96,3,3.97,0.6161682947414509,0,LOW,No significant price anomaly,PO_PRICE_KMEANS,V1,1.7329910716518928,2026-09-10 12:33:29
4502002382,00040,2026-12-08,2000,IN01,P200,V00002,MAT00010,50,EA,INR,8519.88,8359.5800000000000,1,1,0.00,417979.00,8327.55,8097.65,5.21,8193.34,7958.69,8518.85,3,3.99,0.6160020088054237,0,LOW,No significant price anomaly,PO_PRICE_KMEANS,V1,1.7329910716518928,2026-09-10 12:33:29
4502002327,00050,2026-11-09,1000,DE01,P100,V00039,MAT00041,75,EA,EUR,379.22,373.3100000000000,1,1,0.00,27998.25,367.14,350.28,8.26,389.53,356.39,406.35,3,-2.65,0.615830565251981,0,LOW,No significant price anomaly,PO_PRICE_KMEANS,V1,1.7329910716518928,2026-09-10 12:33:29
4502002172,00050,2026-07-03,1000,DE02,P100,V00042,MAT00011,15,EA,EUR,362.28,363.9500000000000,1,1,0.00,5459.25,357.75,338.72,6.96,389.16,363.36,424.38,3,-6.91,0.6146465570044938,0,LOW,No significant price anomaly,PO_PRICE_KMEANS,V1,1.7329910716518928,2026-09-10 12:33:29
4502002287,00030,2026-10-06,1000,DE01,P100,V00040,MAT00039,50,EA,EUR,534.49,541.8500000000000,1,1,0.00,27092.50,544.16,519.56,2.87,510.30,497.78,528.98,3,4.74,0.6144333870973292,0,LOW,No significant price anomaly,PO_PRICE_KMEANS,V1,1.7329910716518928,2026-09-10 12:33:29
4502002400,00030,2026-12-08,3000,US01,P300,V00031,MAT00057,8,EA,USD,397.32,397.2200000000000,1,1,0.00,3177.76,399.24,359.62,10.48,394.85,372.21,419.76,3,0.63,0.6139478274866931,0,LOW,No significant price anomaly,PO_PRICE_KMEANS,V1,1.7329910716518928,2026-09-10 12:33:29
4502002190,00010,2026-07-03,2000,IN01,P200,V00041,MAT00055,10,EA,INR,13961.01,13760.2000000000000,1,1,0.00,137602.00,13584.72,12809.47,8.99,14089.94,12641.72,15052.33,3,-0.92,0.6131458995621919,0,LOW,No significant price anomaly,PO_PRICE_KMEANS,V1,1.7329910716518928,2026-09-10 12:33:29
4502002357,00030,2026-11-09,3000,US01,P300,V00004,MAT00039,25,EA,USD,580.75,589.2500000000000,1,1,0.00,14731.25,600.82,618.57,-6.11,576.68,557.36,601.48,3,0.71,0.6123636110036965,0,LOW,No significant price anomaly,PO_PRICE_KMEANS,V1,1.7329910716518928,2026-09-10 12:33:29
4502002176,00030,2026-07-03,1000,DE02,P100,V00026,MAT00033,40,EA,EUR,157.05,158.5000000000000,1,1,0.00,6340.00,155.22,146.80,6.98,167.61,158.70,177.06,3,-6.3,0.6117175678473219,0,LOW,No significant price anomaly,PO_PRICE_KMEANS,V1,1.7329910716518928,2026-09-10 12:33:29
4502002240,00050,2026-08-04,3000,US01,P300,V00023,MAT00059,8,EA,USD,456.30,465.7200000000000,1,1,0.00,3725.76,459.46,452.48,0.84,501.16,462.06,542.65,3,-8.95,0.6114514295555463,0,LOW,No significant price anomaly,PO_PRICE_KMEANS,V1,1.7329910716518928,2026-09-10 12:33:29
4502002363,00050,2026-12-08,1000,DE01,P100,V00022,MAT00017,15,EA,EUR,108.36,109.6700000000000,1,1,0.00,1645.05,107.54,103.04,5.16,101.90,96.53,109.48,3,6.34,0.6104726334410794,0,LOW,No significant price anomaly,PO_PRICE_KMEANS,V1,1.7329910716518928,2026-09-10 12:33:29
4502002249,00060,2026-09-07,1000,DE01,P100,V00023,MAT00054,10,EA,EUR,405.48,413.1000000000000,1,1,0.00,4131.00,417.60,402.70,0.69,441.74,420.50,479.18,3,-8.21,0.6101064981608164,0,LOW,No significant price anomaly,PO_PRICE_KMEANS,V1,1.7329910716518928,2026-09-10 12:33:29
4502002236,00060,2026-08-04,3000,US01,P300,V00009,MAT00036,50,EA,USD,282.57,281.0600000000000,1,1,0.00,14053.00,276.96,266.76,5.93,273.14,266.52,280.85,3,3.45,0.6092453895982116,0,LOW,No significant price anomaly,PO_PRICE_KMEANS,V1,1.7329910716518928,2026-09-10 12:33:29
4502002304,00010,2026-10-06,2000,IN01,P200,V00002,MAT00019,75,EA,INR,12714.16,12554.1700000000000,1,1,0.00,941562.75,12564.56,11622.97,9.39,12911.88,11777.75,13664.52,3,-1.53,0.6086102211782571,0,LOW,No significant price anomaly,PO_PRICE_KMEANS,V1,1.7329910716518928,2026-09-10 12:33:29
4502002375,00060,2026-12-08,1000,DE02,P100,V00003,MAT00030,15,EA,EUR,31.00,30.3400000000000,1,1,0.00,455.10,30.65,29.91,3.64,34.08,32.00,40.51,3,-9.04,0.608534344917545,0,LOW,No significant price anomaly,PO_PRICE_KMEANS,V1,1.7329910716518928,2026-09-10 12:33:29
4502002293,00020,2026-10-06,1000,DE02,P100,V00017,MAT00014,20,EA,EUR,70.05,69.5600000000000,1,1,0.00,1391.20,68.96,66.11,5.96,75.09,70.93,78.84,3,-6.71,0.6080379261633732,0,LOW,No significant price anomaly,PO_PRICE_KMEANS,V1,1.7329910716518928,2026-09-10 12:33:29
4502002387,00020,2026-12-08,2000,IN01,P200,V00038,MAT00038,8,EA,INR,19916.18,19958.6600000000000,1,1,0.00,159669.28,20349.61,18766.87,6.12,21911.07,18463.03,27336.11,3,-9.1,0.6075400786445624,0,LOW,No significant price anomaly,PO_PRICE_KMEANS,V1,1.7329910716518928,2026-09-10 12:33:29
4502002377,00010,2026-12-08,1000,DE02,P100,V00045,MAT00037,50,EA,EUR,280.14,284.8900000000000,1,1,0.00,14244.50,287.16,271.74,3.09,311.28,274.76,396.66,3,-10.0,0.6072851421307376,0,LOW,No significant price anomaly,PO_PRICE_KMEANS,V1,1.7329910716518928,2026-09-10 12:33:29
4502002301,00010,2026-10-06,2000,IN01,P200,V00030,MAT00001,5,EA,INR,40987.95,41475.5800000000000,1,1,0.00,207377.90,42408.57,38735.83,5.81,38558.58,25370.66,46080.88,3,6.3,0.6058414788206096,0,LOW,No significant price anomaly,PO_PRICE_KMEANS,V1,1.7329910716518928,2026-09-10 12:33:29
4502002318,00050,2026-10-06,3000,US01,P300,V00001,MAT00047,5,EA,USD,45.32,46.4700000000000,1,1,0.00,232.35,47.56,44.31,2.28,49.80,45.16,59.78,3,-9.0,0.6054027670275832,0,LOW,No significant price anomaly,PO_PRICE_KMEANS,V1,1.7329910716518928,2026-09-10 12:33:29
4502002168,00030,2026-07-03,1000,DE01,P100,V00003,MAT00045,160,EA,EUR,418.23,415.6200000000000,1,1,0.00,66499.20,411.47,386.87,8.11,442.18,405.61,468.44,3,-5.42,0.6053829869942086,0,LOW,No significant price anomaly,PO_PRICE_KMEANS,V1,1.7329910716518928,2026-09-10 12:33:29
4502002227,00010,2026-08-04,2000,IN01,P200,V00008,MAT00037,75,EA,INR,24945.06,25431.6300000000000,1,1,0.00,1907372.25,25178.98,23440.29,6.42,27126.03,25231.58,32439.92,3,-8.04,0.6042946520436542,0,LOW,No significant price anomaly,PO_PRICE_KMEANS,V1,1.7329910716518928,2026-09-10 12:33:29
4502002207,00040,2026-08-04,1000,DE01,P100,V00036,MAT00040,50,EA,EUR,281.58,281.7700000000000,1,1,0.00,14088.50,279.02,262.26,7.37,267.97,182.30,343.07,3,5.08,0.6030441100919988,0,LOW,No significant price anomaly,PO_PRICE_KMEANS,V1,1.7329910716518928,2026-09-10 12:33:29
4502002200,00020,2026-07-03,3000,US01,P300,V00014,MAT00056,75,EA,USD,563.01,575.6600000000000,1,1,0.00,43174.50,578.68,533.79,5.47,530.82,484.53,585.47,3,6.06,0.6019557700701361,0,LOW,No significant price anomaly,PO_PRICE_KMEANS,V1,1.7329910716518928,2026-09-10 12:33:29
4502002358,00060,2026-11-09,3000,US01,P300,V00038,MAT00048,40,EA,USD,520.87,528.2300000000000,1,1,0.00,21129.20,537.99,528.77,-1.49,494.19,463.49,519.73,3,5.4,0.6017043201410317,0,LOW,No significant price anomaly,PO_PRICE_KMEANS,V1,1.7329910716518928,2026-09-10 12:33:29
4502002336,00030,2026-11-09,1000,DE02,P100,V00026,MAT00033,50,EA,EUR,158.87,158.5000000000000,1,1,0.00,7925.00,157.05,147.53,7.69,167.38,161.07,176.73,3,-5.08,0.6000963072555843,0,LOW,No significant price anomaly,PO_PRICE_KMEANS,V1,1.7329910716518928,2026-09-10 12:33:29
4502002397,00030,2026-12-08,3000,US01,P300,V00011,MAT00039,8,EA,USD,559.42,567.6100000000000,1,1,0.00,4540.88,559.53,532.32,5.09,589.62,565.03,601.48,3,-5.12,0.6000630174539259,0,LOW,No significant price anomaly,PO_PRICE_KMEANS,V1,1.7329910716518928,2026-09-10 12:33:29
4502002218,00060,2026-08-04,1000,DE02,P100,V00023,MAT00048,50,EA,EUR,423.04,412.7500000000000,1,1,0.00,20637.50,411.51,389.65,8.57,430.38,416.36,447.78,3,-1.71,0.5957327433041633,0,LOW,No significant price anomaly,PO_PRICE_KMEANS,V1,1.7329910716518928,2026-09-10 12:33:29
4502002249,00050,2026-09-07,1000,DE01,P100,V00013,MAT00053,8,EA,EUR,149.85,147.3300000000000,1,1,0.00,1178.64,144.03,138.26,8.38,152.58,139.01,161.95,3,-1.79,0.5953286758568604,0,LOW,No significant price anomaly,PO_PRICE_KMEANS,V1,1.7329910716518928,2026-09-10 12:33:29
4502002235,00030,2026-08-04,3000,US01,P300,V00023,MAT00027,50,EA,USD,354.95,352.7200000000000,1,1,0.00,17636.00,353.10,340.48,4.25,384.62,361.43,407.68,3,-7.71,0.5949553849782346,0,LOW,No significant price anomaly,PO_PRICE_KMEANS,V1,1.7329910716518928,2026-09-10 12:33:29
4502002336,00010,2026-11-09,1000,DE02,P100,V00006,MAT00031,8,EA,EUR,209.81,214.6700000000000,1,1,0.00,1717.36,210.11,214.39,-2.14,226.18,210.39,241.67,3,-7.24,0.5949185452320327,0,LOW,No significant price anomaly,PO_PRICE_KMEANS,V1,1.7329910716518928,2026-09-10 12:33:29
4502002192,00050,2026-07-03,3000,US01,P300,V00016,MAT00011,5,EA,USD,397.40,393.7700000000000,1,1,0.00,1968.85,385.45,417.75,-4.87,413.54,381.34,438.02,3,-3.9,0.5937170284754941,0,LOW,No significant price anomaly,PO_PRICE_KMEANS,V1,1.7329910716518928,2026-09-10 12:33:29
4502002342,00040,2026-11-09,2000,IN01,P200,V00023,MAT00010,10,EA,INR,7958.69,8014.0900000000000,1,1,0.00,80140.90,8121.43,7728.32,2.98,8369.07,8126.89,8631.26,3,-4.9,0.5936456078393602,0,LOW,No significant price anomaly,PO_PRICE_KMEANS,V1,1.7329910716518928,2026-09-10 12:33:29
4502002249,00010,2026-09-07,1000,DE01,P100,V00001,MAT00049,5,EA,EUR,420.76,416.9200000000000,1,1,0.00,2084.60,406.81,404.79,3.95,453.74,409.82,478.99,3,-7.27,0.593303202541113,0,LOW,No significant price anomaly,PO_PRICE_KMEANS,V1,1.7329910716518928,2026-09-10 12:33:29
4502002166,00040,2026-07-03,1000,DE01,P100,V00025,MAT00034,50,EA,EUR,560.61,565.5700000000000,1,1,0.00,28278.50,560.99,515.74,8.7,546.13,533.48,569.75,3,2.65,0.5931332257263566,0,LOW,No significant price anomaly,PO_PRICE_KMEANS,V1,1.7329910716518928,2026-09-10 12:33:29
4502002289,00030,2026-10-06,1000,DE01,P100,V00028,MAT00051,40,EA,EUR,321.60,319.8900000000000,1,1,0.00,12795.60,323.10,320.11,0.47,301.61,274.53,326.22,3,6.63,0.592983592758141,0,LOW,No significant price anomaly,PO_PRICE_KMEANS,V1,1.7329910716518928,2026-09-10 12:33:29
4502002383,00010,2026-12-08,2000,IN01,P200,V00032,MAT00013,75,EA,INR,20975.15,20519.4900000000000,1,1,0.00,1538961.75,20942.04,19315.76,8.59,20621.71,19955.69,21298.17,3,1.71,0.5929186491444729,0,LOW,No significant price anomaly,PO_PRICE_KMEANS,V1,1.7329910716518928,2026-09-10 12:33:29
4502002268,00020,2026-09-07,2000,IN01,P200,V00029,MAT00044,8,EA,INR,45515.96,44742.6700000000000,1,1,0.00,357941.36,44607.20,41756.34,9.0,47322.45,41562.62,49336.71,3,-3.82,0.5906203016820443,0,LOW,No significant price anomaly,PO_PRICE_KMEANS,V1,1.7329910716518928,2026-09-10 12:33:29
4502002246,00010,2026-09-07,1000,DE01,P100,V00009,MAT00031,75,EA,EUR,221.23,216.9800000000000,1,1,0.00,16273.50,217.85,204.56,8.15,227.14,201.84,301.96,3,-2.6,0.5895638814270846,0,LOW,No significant price anomaly,PO_PRICE_KMEANS,V1,1.7329910716518928,2026-09-10 12:33:29
4502002314,00030,2026-10-06,3000,US01,P300,V00005,MAT00021,8,EA,USD,502.33,494.7500000000000,1,1,0.00,3958.00,505.64,487.24,3.1,470.78,431.51,513.88,3,6.7,0.5892938346776994,0,LOW,No significant price anomaly,PO_PRICE_KMEANS,V1,1.7329910716518928,2026-09-10 12:33:29
4502002315,00060,2026-10-06,3000,US01,P300,V00039,MAT00030,25,EA,USD,34.12,34.9700000000000,1,1,0.00,874.25,34.99,31.74,7.5,35.90,33.38,37.12,3,-4.96,0.5892590812047478,0,LOW,No significant price anomaly,PO_PRICE_KMEANS,V1,1.7329910716518928,2026-09-10 12:33:29
4502002209,00020,2026-08-04,1000,DE01,P100,V00004,MAT00050,8,EA,EUR,435.83,443.3100000000000,1,1,0.00,3546.48,450.89,412.74,5.59,475.96,418.19,568.50,3,-8.43,0.5890034070140239,0,LOW,No significant price anomaly,PO_PRICE_KMEANS,V1,1.7329910716518928,2026-09-10 12:33:29
4502002305,00060,2026-10-06,2000,IN01,P200,V00028,MAT00030,5,EA,INR,3238.10,3275.5500000000000,1,1,0.00,16377.75,3259.98,2992.52,8.21,3111.57,2839.56,3323.89,3,4.07,0.5887892909483824,0,LOW,No significant price anomaly,PO_PRICE_KMEANS,V1,1.7329910716518928,2026-09-10 12:33:29
4502002239,00050,2026-08-04,3000,US01,P300,V00019,MAT00053,15,EA,USD,160.68,161.9600000000000,1,1,0.00,2429.40,165.57,147.19,9.17,167.76,148.52,175.08,3,-4.22,0.5884287596570881,0,LOW,No significant price anomaly,PO_PRICE_KMEANS,V1,1.7329910716518928,2026-09-10 12:33:29
4502002364,00010,2026-12-08,1000,DE01,P100,V00014,MAT00019,50,EA,EUR,152.87,154.5300000000000,1,1,0.00,7726.50,155.20,153.93,-0.69,143.30,128.13,158.17,3,6.68,0.5883015121336111,0,LOW,No significant price anomaly,PO_PRICE_KMEANS,V1,1.7329910716518928,2026-09-10 12:33:29
4502002283,00020,2026-10-06,1000,DE01,P100,V00006,MAT00014,20,EA,EUR,72.40,72.9700000000000,1,1,0.00,1459.40,73.18,74.32,-2.58,76.63,73.10,79.66,3,-5.52,0.5882842314887226,0,LOW,No significant price anomaly,PO_PRICE_KMEANS,V1,1.7329910716518928,2026-09-10 12:33:29
4502002198,00020,2026-07-03,3000,US01,P300,V00026,MAT00044,25,EA,USD,509.37,513.2200000000000,1,1,0.00,12830.50,517.08,530.75,-4.03,537.85,500.22,562.94,3,-5.3,0.5874575639110523,0,LOW,No significant price anomaly,PO_PRICE_KMEANS,V1,1.7329910716518928,2026-09-10 12:33:29
4502002209,00060,2026-08-04,1000,DE01,P100,V00016,MAT00054,50,EA,EUR,420.50,425.2000000000000,1,1,0.00,21260.00,423.14,385.68,9.03,441.57,417.60,479.18,3,-4.77,0.586966581594185,0,LOW,No significant price anomaly,PO_PRICE_KMEANS,V1,1.7329910716518928,2026-09-10 12:33:29
4502002213,00050,2026-08-04,1000,DE02,P100,V00033,MAT00017,100,EA,EUR,96.55,98.7900000000000,1,1,0.00,9879.00,100.18,93.18,3.62,103.24,98.72,110.13,3,-6.48,0.5865502065993702,0,LOW,No significant price anomaly,PO_PRICE_KMEANS,V1,1.7329910716518928,2026-09-10 12:33:29
4502002390,00060,2026-12-08,2000,IN01,P200,V00022,MAT00060,25,EA,INR,52952.63,53348.2000000000000,1,1,0.00,1333705.00,52755.42,50003.26,5.9,50242.42,47081.43,53655.53,3,5.39,0.5861147665975749,0,LOW,No significant price anomaly,PO_PRICE_KMEANS,V1,1.7329910716518928,2026-09-10 12:33:29
4502002224,00050,2026-08-04,2000,IN01,P200,V00048,MAT00023,40,EA,INR,49881.30,49648.4200000000000,1,1,0.00,1985936.80,50343.97,48524.87,2.8,46725.66,42663.09,50203.36,3,6.75,0.5857874855813986,0,LOW,No significant price anomaly,PO_PRICE_KMEANS,V1,1.7329910716518928,2026-09-10 12:33:29
4502002373,00050,2026-12-08,1000,DE02,P100,V00033,MAT00017,50,EA,EUR,100.29,98.7900000000000,1,1,0.00,4939.50,96.55,93.42,7.35,106.11,98.72,122.69,3,-5.48,0.5856225881605955,0,LOW,No significant price anomaly,PO_PRICE_KMEANS,V1,1.7329910716518928,2026-09-10 12:33:29
4502002227,00020,2026-08-04,2000,IN01,P200,V00038,MAT00038,15,EA,INR,20349.61,19958.6600000000000,1,1,0.00,299379.90,20332.43,18645.13,9.14,20650.94,18463.03,27336.11,3,-1.46,0.5853031506606285,0,LOW,No significant price anomaly,PO_PRICE_KMEANS,V1,1.7329910716518928,2026-09-10 12:33:29
4502002273,00040,2026-09-07,3000,US01,P300,V00004,MAT00016,8,EA,USD,182.02,181.2900000000000,1,1,0.00,1450.32,185.67,169.89,7.14,174.20,162.87,186.80,3,4.49,0.5851263663891789,0,LOW,No significant price anomaly,PO_PRICE_KMEANS,V1,1.7329910716518928,2026-09-10 12:33:29
4502002282,00030,2026-10-06,1000,DE01,P100,V00032,MAT00009,15,EA,EUR,127.63,127.9600000000000,1,1,0.00,1919.40,126.91,119.71,6.62,121.53,112.69,130.23,3,5.02,0.5840434714342173,0,LOW,No significant price anomaly,PO_PRICE_KMEANS,V1,1.7329910716518928,2026-09-10 12:33:29
4502002266,00030,2026-09-07,2000,IN01,P200,V00023,MAT00033,100,EA,INR,13586.10,13652.3100000000000,1,1,0.00,1365231.00,13736.43,12730.46,6.72,14567.87,13553.45,15676.26,3,-6.74,0.582421848419162,0,LOW,No significant price anomaly,PO_PRICE_KMEANS,V1,1.7329910716518928,2026-09-10 12:33:29
4502002305,00050,2026-10-06,2000,IN01,P200,V00018,MAT00029,10,EA,INR,50196.42,49727.8700000000000,1,1,0.00,497278.70,49589.57,45741.57,9.74,50445.12,49078.24,51683.87,3,-0.49,0.5807728705125338,0,LOW,No significant price anomaly,PO_PRICE_KMEANS,V1,1.7329910716518928,2026-09-10 12:33:29
4502002208,00010,2026-08-04,1000,DE01,P100,V00038,MAT00043,20,EA,EUR,508.60,519.2300000000000,1,1,0.00,10384.60,516.07,501.44,1.43,479.19,452.38,511.84,3,6.14,0.5803820234313662,0,LOW,No significant price anomaly,PO_PRICE_KMEANS,V1,1.7329910716518928,2026-09-10 12:33:29
4502002216,00010,2026-08-04,1000,DE02,P100,V00013,MAT00031,5,EA,EUR,222.87,222.7600000000000,1,1,0.00,1113.80,219.76,204.47,9.0,216.96,207.41,241.25,3,2.72,0.579989647964043,0,LOW,No significant price anomaly,PO_PRICE_KMEANS,V1,1.7329910716518928,2026-09-10 12:33:29
4502002313,00040,2026-10-06,3000,US01,P300,V00031,MAT00016,5,EA,USD,165.39,164.1900000000000,1,1,0.00,820.95,162.87,157.22,5.2,177.96,166.56,186.80,3,-7.06,0.5799744643848026,0,LOW,No significant price anomaly,PO_PRICE_KMEANS,V1,1.7329910716518928,2026-09-10 12:33:29
4502002291,00060,2026-10-06,1000,DE02,P100,V00041,MAT00006,100,EA,EUR,322.51,314.9700000000000,1,1,0.00,31497.00,318.62,296.75,8.68,326.36,297.67,347.07,3,-1.18,0.5789887751492734,0,LOW,No significant price anomaly,PO_PRICE_KMEANS,V1,1.7329910716518928,2026-09-10 12:33:29
4502002328,00050,2026-11-09,1000,DE01,P100,V00043,MAT00047,8,EA,EUR,40.29,40.2600000000000,1,1,0.00,322.08,39.72,38.37,5.0,41.78,40.74,42.87,3,-3.57,0.5789634058132141,0,LOW,No significant price anomaly,PO_PRICE_KMEANS,V1,1.7329910716518928,2026-09-10 12:33:29
4502002303,00020,2026-10-06,2000,IN01,P200,V00028,MAT00014,25,EA,INR,7589.98,7637.4300000000000,1,1,0.00,190935.75,7620.94,7128.22,6.48,7229.26,6658.30,7706.66,3,4.99,0.5777302095367259,0,LOW,No significant price anomaly,PO_PRICE_KMEANS,V1,1.7329910716518928,2026-09-10 12:33:29
4502002303,00050,2026-10-06,2000,IN01,P200,V00030,MAT00017,20,EA,INR,8704.24,8687.6400000000000,1,1,0.00,173752.80,8634.08,7918.36,9.92,8963.32,5018.03,13137.40,3,-2.89,0.5776616027566439,0,LOW,No significant price anomaly,PO_PRICE_KMEANS,V1,1.7329910716518928,2026-09-10 12:33:29
4502002204,00060,2026-08-04,1000,DE01,P100,V00036,MAT00024,50,EA,EUR,361.98,354.3500000000000,1,1,0.00,17717.50,352.63,338.62,6.9,348.20,319.89,376.01,3,3.96,0.5764318640837091,0,LOW,No significant price anomaly,PO_PRICE_KMEANS,V1,1.7329910716518928,2026-09-10 12:33:29
4502002341,00020,2026-11-09,2000,IN01,P200,V00047,MAT00002,20,EA,INR,13955.68,14219.0600000000000,1,1,0.00,284381.20,14286.96,14267.06,-2.18,14753.40,14133.61,15525.79,3,-5.41,0.5763887057528111,0,LOW,No significant price anomaly,PO_PRICE_KMEANS,V1,1.7329910716518928,2026-09-10 12:33:29
4502002209,00010,2026-08-04,1000,DE01,P100,V00022,MAT00049,75,EA,EUR,457.81,465.2400000000000,1,1,0.00,34893.00,460.02,431.04,6.21,434.76,406.81,478.99,3,5.3,0.5760113443353742,0,LOW,No significant price anomaly,PO_PRICE_KMEANS,V1,1.7329910716518928,2026-09-10 12:33:29
4502002282,00050,2026-10-06,1000,DE01,P100,V00004,MAT00011,25,EA,EUR,404.93,407.0700000000000,1,1,0.00,10176.75,403.90,371.08,9.12,395.40,377.11,417.16,3,2.41,0.5756433999640417,0,LOW,No significant price anomaly,PO_PRICE_KMEANS,V1,1.7329910716518928,2026-09-10 12:33:29
4502002202,00060,2026-08-04,1000,DE01,P100,V00048,MAT00012,25,EA,EUR,468.45,466.1400000000000,1,1,0.00,11653.50,468.51,441.23,6.17,444.10,408.55,478.02,3,5.48,0.574495477961516,0,LOW,No significant price anomaly,PO_PRICE_KMEANS,V1,1.7329910716518928,2026-09-10 12:33:29
4502002287,00050,2026-10-06,1000,DE01,P100,V00032,MAT00041,40,EA,EUR,394.96,386.6600000000000,1,1,0.00,15466.40,394.79,363.57,8.63,392.99,356.39,439.87,3,0.5,0.5739486946630757,0,LOW,No significant price anomaly,PO_PRICE_KMEANS,V1,1.7329910716518928,2026-09-10 12:33:29
4502002212,00040,2026-08-04,1000,DE02,P100,V00039,MAT00010,5,EA,EUR,94.71,93.9300000000000,1,1,0.00,469.65,95.78,87.41,8.35,98.69,87.33,103.27,3,-4.03,0.5738401978865788,0,LOW,No significant price anomaly,PO_PRICE_KMEANS,V1,1.7329910716518928,2026-09-10 12:33:29
4502002377,00050,2026-12-08,1000,DE02,P100,V00009,MAT00041,75,EA,EUR,367.22,367.0900000000000,1,1,0.00,27531.75,375.55,345.09,6.41,399.81,346.70,565.86,3,-8.15,0.5730455816156149,0,LOW,No significant price anomaly,PO_PRICE_KMEANS,V1,1.7329910716518928,2026-09-10 12:33:29
4502002243,00020,2026-09-07,1000,DE01,P100,V00047,MAT00014,25,EA,EUR,73.10,73.2200000000000,1,1,0.00,1830.50,74.33,68.45,6.79,76.80,73.18,79.66,3,-4.82,0.5715679189162906,0,LOW,No significant price anomaly,PO_PRICE_KMEANS,V1,1.7329910716518928,2026-09-10 12:33:29
4502002348,00030,2026-11-09,2000,IN01,P200,V00025,MAT00045,5,EA,INR,42887.98,43360.3800000000000,1,1,0.00,216801.90,42835.46,40283.91,6.46,46537.97,41001.52,67474.52,3,-7.84,0.571265659222779,0,LOW,No significant price anomaly,PO_PRICE_KMEANS,V1,1.7329910716518928,2026-09-10 12:33:29
4502002384,00030,2026-12-08,2000,IN01,P200,V00008,MAT00021,10,EA,INR,38804.42,38509.2300000000000,0,0,0.00,0.00,37988.95,36048.67,7.64,38106.74,37483.76,38777.57,3,1.83,0.5709547321133496,0,LOW,No significant price anomaly,PO_PRICE_KMEANS,V1,1.7329910716518928,2026-09-10 12:33:29
4502002349,00050,2026-11-09,2000,IN01,P200,V00001,MAT00053,10,EA,INR,13259.06,13269.3400000000000,1,1,0.00,132693.40,13456.53,12876.21,2.97,12796.25,12582.95,13193.95,3,3.62,0.5699905704884398,0,LOW,No significant price anomaly,PO_PRICE_KMEANS,V1,1.7329910716518928,2026-09-10 12:33:29
4502002246,00020,2026-09-07,1000,DE01,P100,V00019,MAT00032,50,EA,EUR,382.02,378.6600000000000,1,1,0.00,18933.00,371.99,352.71,8.31,387.41,346.77,408.67,3,-1.39,0.5699675408983147,0,LOW,No significant price anomaly,PO_PRICE_KMEANS,V1,1.7329910716518928,2026-09-10 12:33:29
4502002313,00010,2026-10-06,3000,US01,P300,V00029,MAT00013,50,EA,USD,239.04,235.7600000000000,1,1,0.00,11788.00,234.16,221.41,7.96,251.10,217.55,318.96,3,-4.8,0.5687354155248525,0,LOW,No significant price anomaly,PO_PRICE_KMEANS,V1,1.7329910716518928,2026-09-10 12:33:29
4502002341,00030,2026-11-09,2000,IN01,P200,V00029,MAT00003,150,EA,INR,10447.82,10466.4500000000000,1,1,0.00,1569967.50,10224.22,9770.59,6.93,10093.26,9755.29,10666.25,3,3.51,0.5657833896648697,0,LOW,No significant price anomaly,PO_PRICE_KMEANS,V1,1.7329910716518928,2026-09-10 12:33:29
4502002220,00030,2026-08-04,1000,DE02,P100,V00009,MAT00057,10,EA,EUR,372.87,372.3100000000000,1,1,0.00,3723.10,372.27,358.93,3.88,348.91,254.12,402.83,3,6.87,0.5652817627753076,0,LOW,No significant price anomaly,PO_PRICE_KMEANS,V1,1.7329910716518928,2026-09-10 12:33:29
4502002286,00010,2026-10-06,1000,DE01,P100,V00016,MAT00031,75,EA,EUR,211.40,209.2800000000000,1,1,0.00,15696.00,209.27,210.00,0.67,232.74,205.71,301.96,3,-9.17,0.565194716560302,0,LOW,No significant price anomaly,PO_PRICE_KMEANS,V1,1.7329910716518928,2026-09-10 12:33:29
4502002363,00030,2026-12-08,1000,DE01,P100,V00002,MAT00015,100,EA,EUR,392.01,390.8800000000000,1,1,0.00,39088.00,395.83,371.35,5.56,429.75,377.97,601.49,3,-8.78,0.564967963213397,0,LOW,No significant price anomaly,PO_PRICE_KMEANS,V1,1.7329910716518928,2026-09-10 12:33:29
4502002255,00020,2026-09-07,1000,DE02,P100,V00046,MAT00026,5,EA,EUR,105.50,106.8500000000000,1,1,0.00,534.25,108.43,100.18,5.31,115.05,90.91,126.76,3,-8.3,0.564229473751032,0,LOW,No significant price anomaly,PO_PRICE_KMEANS,V1,1.7329910716518928,2026-09-10 12:33:29
4502002366,00020,2026-12-08,1000,DE01,P100,V00012,MAT00032,75,EA,EUR,393.47,401.2400000000000,1,1,0.00,30093.00,401.14,381.89,3.03,370.33,343.03,395.60,3,6.25,0.5638697930413133,0,LOW,No significant price anomaly,PO_PRICE_KMEANS,V1,1.7329910716518928,2026-09-10 12:33:29
4502002322,00060,2026-11-09,1000,DE01,P100,V00041,MAT00012,5,EA,EUR,436.28,428.9600000000000,1,1,0.00,2144.80,430.21,401.58,8.64,442.81,395.88,478.02,3,-1.47,0.5627632196854296,0,LOW,No significant price anomaly,PO_PRICE_KMEANS,V1,1.7329910716518928,2026-09-10 12:33:29
4502002218,00050,2026-08-04,1000,DE02,P100,V00013,MAT00047,40,EA,EUR,44.21,43.9600000000000,1,1,0.00,1758.40,43.11,41.05,7.7,43.23,41.49,47.86,3,2.27,0.5624506179482999,0,LOW,No significant price anomaly,PO_PRICE_KMEANS,V1,1.7329910716518928,2026-09-10 12:33:29
4502002247,00050,2026-09-07,1000,DE01,P100,V00025,MAT00041,5,EA,EUR,406.35,396.7100000000000,1,1,0.00,1983.55,395.18,397.77,2.16,384.79,356.39,439.87,3,5.6,0.5615836402566603,0,LOW,No significant price anomaly,PO_PRICE_KMEANS,V1,1.7329910716518928,2026-09-10 12:33:29
4502002351,00010,2026-11-09,3000,US01,P300,V00048,MAT00001,75,EA,USD,552.17,560.4700000000000,1,1,0.00,42035.25,556.19,503.10,9.75,566.40,481.76,740.33,3,-2.51,0.5612247742744235,0,LOW,No significant price anomaly,PO_PRICE_KMEANS,V1,1.7329910716518928,2026-09-10 12:33:29
4502002173,00030,2026-07-03,1000,DE02,P100,V00006,MAT00015,8,EA,EUR,392.59,395.6300000000000,1,1,0.00,3165.04,403.88,364.96,7.57,418.02,381.76,459.55,3,-6.08,0.5611954581587542,0,LOW,No significant price anomaly,PO_PRICE_KMEANS,V1,1.7329910716518928,2026-09-10 12:33:29
4502002378,00060,2026-12-08,1000,DE02,P100,V00023,MAT00048,75,EA,EUR,408.47,412.7500000000000,1,1,0.00,30956.25,423.04,392.03,4.19,429.62,416.60,449.81,3,-4.92,0.5610454685276393,0,LOW,No significant price anomaly,PO_PRICE_KMEANS,V1,1.7329910716518928,2026-09-10 12:33:29
4502002230,00060,2026-08-04,2000,IN01,P200,V00022,MAT00060,5,EA,INR,52755.42,53348.2000000000000,1,1,0.00,266741.00,52302.66,49791.56,5.95,50218.93,46792.44,54878.01,3,5.05,0.5604339223950668,0,LOW,No significant price anomaly,PO_PRICE_KMEANS,V1,1.7329910716518928,2026-09-10 12:33:29
4502002338,00010,2026-11-09,1000,DE02,P100,V00042,MAT00043,25,EA,EUR,456.33,456.0100000000000,1,1,0.00,11400.25,462.99,426.77,6.93,490.13,459.71,534.93,3,-6.9,0.5603111315527283,0,LOW,No significant price anomaly,PO_PRICE_KMEANS,V1,1.7329910716518928,2026-09-10 12:33:29
4502002344,00040,2026-11-09,2000,IN01,P200,V00011,MAT00022,75,EA,INR,35712.55,35283.2300000000000,1,1,0.00,2646242.25,35054.10,32851.27,8.71,36159.69,34090.42,37806.59,3,-1.24,0.5597838128199295,0,LOW,No significant price anomaly,PO_PRICE_KMEANS,V1,1.7329910716518928,2026-09-10 12:33:29
4502002383,00020,2026-12-08,2000,IN01,P200,V00014,MAT00014,20,EA,INR,7541.60,7608.1000000000000,1,1,0.00,152162.00,7706.66,7549.91,-0.11,7106.57,6432.58,7620.94,3,6.12,0.5588131652843723,0,LOW,No significant price anomaly,PO_PRICE_KMEANS,V1,1.7329910716518928,2026-09-10 12:33:29
4502002171,00040,2026-07-03,1000,DE02,P100,V00028,MAT00004,50,EA,EUR,402.32,411.0100000000000,1,1,0.00,20550.50,413.18,381.47,5.47,381.39,349.01,443.04,3,5.49,0.5587781934726636,0,LOW,No significant price anomaly,PO_PRICE_KMEANS,V1,1.7329910716518928,2026-09-10 12:33:29
4502002364,00050,2026-12-08,1000,DE01,P100,V00026,MAT00023,40,EA,EUR,498.31,492.1700000000000,0,0,0.00,0.00,504.00,459.01,8.56,514.81,490.64,542.06,3,-3.21,0.5583497114174669,0,LOW,No significant price anomaly,PO_PRICE_KMEANS,V1,1.7329910716518928,2026-09-10 12:33:29
4502002264,00060,2026-09-07,2000,IN01,P200,V00017,MAT00024,8,EA,INR,29935.35,29232.3200000000000,1,1,0.00,233858.56,28630.96,28141.64,6.37,29068.91,20988.49,33155.30,3,2.98,0.5571984984030466,0,LOW,No significant price anomaly,PO_PRICE_KMEANS,V1,1.7329910716518928,2026-09-10 12:33:29
4502002256,00050,2026-09-07,1000,DE02,P100,V00032,MAT00035,8,EA,EUR,145.25,143.9500000000000,0,0,0.00,0.00,141.86,134.65,7.87,152.70,137.17,191.65,3,-4.88,0.5568017611566766,0,LOW,No significant price anomaly,PO_PRICE_KMEANS,V1,1.7329910716518928,2026-09-10 12:33:29
4502002204,00030,2026-08-04,1000,DE01,P100,V00034,MAT00021,8,EA,EUR,460.83,468.7500000000000,1,1,0.00,3750.00,458.56,435.07,5.92,438.88,403.68,482.07,3,5.0,0.5561292450473989,0,LOW,No significant price anomaly,PO_PRICE_KMEANS,V1,1.7329910716518928,2026-09-10 12:33:29
4502002280,00020,2026-09-07,3000,US01,P300,V00028,MAT00056,5,EA,USD,573.36,577.8800000000000,1,1,0.00,2889.40,572.39,566.74,1.17,539.46,486.54,578.68,3,6.28,0.5545897962343321,0,LOW,No significant price anomaly,PO_PRICE_KMEANS,V1,1.7329910716518928,2026-09-10 12:33:29
4502002222,00020,2026-08-04,2000,IN01,P200,V00010,MAT00008,50,EA,INR,7195.27,7233.2000000000000,1,1,0.00,361660.00,7104.50,6777.99,6.16,6823.69,6237.67,8570.44,3,5.45,0.5541692547423497,0,LOW,No significant price anomaly,PO_PRICE_KMEANS,V1,1.7329910716518928,2026-09-10 12:33:29
4502002238,00020,2026-08-04,3000,US01,P300,V00033,MAT00044,50,EA,USD,506.91,511.4200000000000,1,1,0.00,25571.00,500.22,475.43,6.62,530.50,509.37,559.75,3,-4.45,0.5540874698772074,0,LOW,No significant price anomaly,PO_PRICE_KMEANS,V1,1.7329910716518928,2026-09-10 12:33:29
4502002370,00050,2026-12-08,1000,DE01,P100,V00038,MAT00059,10,EA,EUR,494.14,504.4800000000000,1,1,0.00,5044.80,511.64,473.44,4.37,469.08,441.30,503.16,3,5.34,0.5535378351641357,0,LOW,No significant price anomaly,PO_PRICE_KMEANS,V1,1.7329910716518928,2026-09-10 12:33:29
4502002386,00030,2026-12-08,2000,IN01,P200,V00044,MAT00033,50,EA,INR,13497.01,13596.1700000000000,1,1,0.00,679808.50,13909.19,13122.32,2.86,14614.62,13586.10,15676.26,3,-7.65,0.5530872356358874,0,LOW,No significant price anomaly,PO_PRICE_KMEANS,V1,1.7329910716518928,2026-09-10 12:33:29
4502002192,00010,2026-07-03,3000,US01,P300,V00004,MAT00007,8,EA,USD,515.54,520.6000000000000,1,1,0.00,4164.80,508.32,487.54,5.74,501.86,489.75,509.96,3,2.73,0.5530733866103462,0,LOW,No significant price anomaly,PO_PRICE_KMEANS,V1,1.7329910716518928,2026-09-10 12:33:29
4502002351,00050,2026-11-09,3000,US01,P300,V00012,MAT00005,50,EA,USD,451.32,462.6200000000000,1,1,0.00,23131.00,451.50,440.37,2.49,425.67,397.02,453.37,3,6.03,0.5530490750292917,0,LOW,No significant price anomaly,PO_PRICE_KMEANS,V1,1.7329910716518928,2026-09-10 12:33:29
4502002354,00060,2026-11-09,3000,US01,P300,V00014,MAT00024,40,EA,USD,415.26,405.3700000000000,1,1,0.00,16214.80,409.16,396.60,4.7,394.53,349.15,432.27,3,5.25,0.553013839002476,0,LOW,No significant price anomaly,PO_PRICE_KMEANS,V1,1.7329910716518928,2026-09-10 12:33:29
4502002328,00030,2026-11-09,1000,DE01,P100,V00003,MAT00045,40,EA,EUR,419.60,415.6200000000000,1,1,0.00,16624.80,418.23,389.11,7.84,440.15,405.61,467.51,3,-4.67,0.553005378213597,0,LOW,No significant price anomaly,PO_PRICE_KMEANS,V1,1.7329910716518928,2026-09-10 12:33:29
4502002302,00020,2026-10-06,2000,IN01,P200,V00044,MAT00008,75,EA,INR,6256.78,6357.9400000000000,1,1,0.00,476845.50,6237.67,6189.01,1.1,6752.97,6408.44,7195.27,3,-7.35,0.5528748344058466,0,LOW,No significant price anomaly,PO_PRICE_KMEANS,V1,1.7329910716518928,2026-09-10 12:33:29
4502002289,00020,2026-10-06,1000,DE01,P100,V00018,MAT00050,40,EA,EUR,421.97,424.2000000000000,1,1,0.00,16968.00,420.61,411.71,2.49,464.80,428.14,568.50,3,-9.21,0.5514422178391105,0,LOW,No significant price anomaly,PO_PRICE_KMEANS,V1,1.7329910716518928,2026-09-10 12:33:29
4502002211,00020,2026-08-04,1000,DE02,P100,V00015,MAT00002,15,EA,EUR,171.35,174.1200000000000,1,1,0.00,2611.80,177.32,157.57,8.75,178.64,158.62,237.02,3,-4.08,0.5502590746171415,0,LOW,No significant price anomaly,PO_PRICE_KMEANS,V1,1.7329910716518928,2026-09-10 12:33:29
4502002262,00030,2026-09-07,2000,IN01,P200,V00047,MAT00009,100,EA,INR,11417.20,11167.8200000000000,1,1,0.00,1116782.00,11368.31,10640.23,7.3,12035.69,11024.55,12903.38,3,-5.14,0.5496317092379738,0,LOW,No significant price anomaly,PO_PRICE_KMEANS,V1,1.7329910716518928,2026-09-10 12:33:29
4502002238,00010,2026-08-04,3000,US01,P300,V00023,MAT00043,50,EA,USD,489.36,479.3400000000000,1,1,0.00,23967.00,478.44,458.44,6.74,515.00,486.92,548.87,3,-4.98,0.5489285922028654,0,LOW,No significant price anomaly,PO_PRICE_KMEANS,V1,1.7329910716518928,2026-09-10 12:33:29
4502002285,00060,2026-10-06,1000,DE01,P100,V00006,MAT00030,75,EA,EUR,31.32,31.3000000000000,1,1,0.00,2347.50,31.40,29.25,7.08,32.65,31.18,34.07,3,-4.07,0.5486150057369423,0,LOW,No significant price anomaly,PO_PRICE_KMEANS,V1,1.7329910716518928,2026-09-10 12:33:29
4502002356,00030,2026-11-09,3000,US01,P300,V00048,MAT00033,15,EA,USD,185.35,187.6900000000000,1,1,0.00,2815.35,190.22,174.60,6.16,176.84,162.75,192.40,3,4.81,0.5472229714980847,0,LOW,No significant price anomaly,PO_PRICE_KMEANS,V1,1.7329910716518928,2026-09-10 12:33:29
4502002339,00050,2026-11-09,1000,DE02,P100,V00038,MAT00053,40,EA,EUR,160.29,158.3400000000000,1,1,0.00,6333.60,158.81,148.20,8.16,159.41,141.55,222.94,3,0.55,0.5462326342651563,0,LOW,No significant price anomaly,PO_PRICE_KMEANS,V1,1.7329910716518928,2026-09-10 12:33:29
4502002264,00030,2026-09-07,2000,IN01,P200,V00035,MAT00021,25,EA,INR,37693.46,37586.8800000000000,1,1,0.00,939672.00,39231.25,35262.15,6.89,38612.99,37856.49,39673.65,3,-2.38,0.5460844585464584,0,LOW,No significant price anomaly,PO_PRICE_KMEANS,V1,1.7329910716518928,2026-09-10 12:33:29
4502002274,00050,2026-09-07,3000,US01,P300,V00018,MAT00023,40,EA,USD,537.49,550.7700000000000,1,1,0.00,22030.80,556.52,514.80,4.41,560.39,540.72,576.45,3,-4.09,0.5460731246171189,0,LOW,No significant price anomaly,PO_PRICE_KMEANS,V1,1.7329910716518928,2026-09-10 12:33:29
4502002342,00050,2026-11-09,2000,IN01,P200,V00005,MAT00011,8,EA,INR,37426.81,37382.8400000000000,1,1,0.00,299062.72,37618.18,34308.17,9.09,36858.22,34457.58,40396.16,3,1.54,0.5457855337859943,0,LOW,No significant price anomaly,PO_PRICE_KMEANS,V1,1.7329910716518928,2026-09-10 12:33:29
4502002267,00050,2026-09-07,2000,IN01,P200,V00047,MAT00041,100,EA,INR,33047.31,33745.2400000000000,1,1,0.00,3374524.00,33480.49,31784.87,3.97,35581.45,33152.43,37590.51,3,-7.12,0.5455541178681061,0,LOW,No significant price anomaly,PO_PRICE_KMEANS,V1,1.7329910716518928,2026-09-10 12:33:29
4502002277,00050,2026-09-07,3000,US01,P300,V00010,MAT00041,100,EA,USD,419.63,423.6200000000000,1,1,0.00,42362.00,425.35,401.26,4.58,398.15,367.13,419.39,3,5.39,0.5448577938048563,0,LOW,No significant price anomaly,PO_PRICE_KMEANS,V1,1.7329910716518928,2026-09-10 12:33:29
4502002176,00010,2026-07-03,1000,DE02,P100,V00006,MAT00031,15,EA,EUR,210.11,214.6700000000000,1,1,0.00,3220.05,215.63,214.72,-2.15,224.83,207.41,245.33,3,-6.55,0.5445966659450505,0,LOW,No significant price anomaly,PO_PRICE_KMEANS,V1,1.7329910716518928,2026-09-10 12:33:29
4502002251,00060,2026-09-07,1000,DE02,P100,V00034,MAT00006,15,EA,EUR,341.60,345.2400000000000,1,1,0.00,5178.60,342.06,327.76,4.22,322.12,297.67,347.07,3,6.05,0.5444116720498512,0,LOW,No significant price anomaly,PO_PRICE_KMEANS,V1,1.7329910716518928,2026-09-10 12:33:29
4502002217,00030,2026-08-04,1000,DE02,P100,V00037,MAT00039,5,EA,EUR,535.82,534.2000000000000,1,1,0.00,2671.00,525.69,496.29,7.97,554.46,459.41,695.45,3,-3.36,0.5442677316205029,0,LOW,No significant price anomaly,PO_PRICE_KMEANS,V1,1.7329910716518928,2026-09-10 12:33:29
4502002305,00020,2026-10-06,2000,IN01,P200,V00016,MAT00026,5,EA,INR,9835.15,10054.6700000000000,1,1,0.00,50273.35,10007.24,9697.01,1.42,10832.86,6780.58,17175.72,3,-9.21,0.5441908232465791,0,LOW,No significant price anomaly,PO_PRICE_KMEANS,V1,1.7329910716518928,2026-09-10 12:33:29
4502002280,00040,2026-09-07,3000,US01,P300,V00020,MAT00058,8,EA,USD,304.49,308.6600000000000,1,1,0.00,2469.28,311.81,304.03,0.15,288.67,272.92,308.35,3,5.48,0.5440937190918991,0,LOW,No significant price anomaly,PO_PRICE_KMEANS,V1,1.7329910716518928,2026-09-10 12:33:29
4502002202,00050,2026-08-04,1000,DE01,P100,V00038,MAT00011,100,EA,EUR,408.19,414.4000000000000,1,1,0.00,41440.00,417.16,395.65,3.17,387.39,365.25,405.68,3,5.37,0.5430433965519359,0,LOW,No significant price anomaly,PO_PRICE_KMEANS,V1,1.7329910716518928,2026-09-10 12:33:29
4502002207,00030,2026-08-04,1000,DE01,P100,V00026,MAT00039,5,EA,EUR,498.29,503.8700000000000,1,1,0.00,2519.35,512.43,506.92,-1.7,527.56,497.78,555.12,3,-5.55,0.5405850321642125,0,LOW,No significant price anomaly,PO_PRICE_KMEANS,V1,1.7329910716518928,2026-09-10 12:33:29
4502002195,00020,2026-07-03,3000,US01,P300,V00034,MAT00026,10,EA,USD,137.70,135.4700000000000,1,1,0.00,1354.70,134.95,126.45,8.9,140.60,121.54,180.84,3,-2.06,0.5404887202429107,0,LOW,No significant price anomaly,PO_PRICE_KMEANS,V1,1.7329910716518928,2026-09-10 12:33:29
4502002212,00060,2026-08-04,1000,DE02,P100,V00011,MAT00012,40,EA,EUR,433.15,443.4300000000000,1,1,0.00,17737.20,435.06,454.82,-4.76,443.86,424.00,462.39,3,-2.41,0.5383703699100139,0,LOW,No significant price anomaly,PO_PRICE_KMEANS,V1,1.7329910716518928,2026-09-10 12:33:29
4502002195,00010,2026-07-03,3000,US01,P300,V00024,MAT00025,25,EA,USD,346.57,341.5000000000000,1,1,0.00,8537.50,343.88,321.47,7.81,338.34,314.80,368.02,3,2.43,0.5380694436657016,0,LOW,No significant price anomaly,PO_PRICE_KMEANS,V1,1.7329910716518928,2026-09-10 12:33:29
4502002218,00030,2026-08-04,1000,DE02,P100,V00021,MAT00045,100,EA,EUR,446.62,450.8100000000000,1,1,0.00,45081.00,450.09,409.47,9.07,463.57,398.46,546.59,3,-3.66,0.5376355023737442,0,LOW,No significant price anomaly,PO_PRICE_KMEANS,V1,1.7329910716518928,2026-09-10 12:33:29
4502002233,00040,2026-08-04,3000,US01,P300,V00045,MAT00016,75,EA,USD,166.56,170.4100000000000,1,1,0.00,12780.75,168.73,172.24,-3.3,176.36,160.42,186.80,3,-5.56,0.5376046094290059,0,LOW,No significant price anomaly,PO_PRICE_KMEANS,V1,1.7329910716518928,2026-09-10 12:33:29
4502002350,00030,2026-11-09,2000,IN01,P200,V00013,MAT00057,5,EA,INR,35118.11,35392.0200000000000,1,1,0.00,176960.10,35442.51,33334.31,5.35,33187.08,24622.80,39324.08,3,5.82,0.5356538634248692,0,LOW,No significant price anomaly,PO_PRICE_KMEANS,V1,1.7329910716518928,2026-09-10 12:33:29
4502002352,00060,2026-11-09,3000,US01,P300,V00026,MAT00012,8,EA,USD,466.57,465.0700000000000,1,1,0.00,3720.56,470.13,430.03,8.5,481.21,304.86,652.15,3,-3.04,0.5346458770290776,0,LOW,No significant price anomaly,PO_PRICE_KMEANS,V1,1.7329910716518928,2026-09-10 12:33:29
4502002220,00050,2026-08-04,1000,DE02,P100,V00001,MAT00059,10,EA,EUR,445.47,456.6000000000000,1,1,0.00,4566.00,459.37,441.77,0.84,486.92,335.22,701.61,3,-8.51,0.5329756856475468,0,LOW,No significant price anomaly,PO_PRICE_KMEANS,V1,1.7329910716518928,2026-09-10 12:33:29
4502002228,00060,2026-08-04,2000,IN01,P200,V00034,MAT00048,20,EA,INR,45889.84,45146.9800000000000,1,1,0.00,902939.60,45343.45,42847.03,7.1,44210.79,39076.66,57278.21,3,3.8,0.5329512971420286,0,LOW,No significant price anomaly,PO_PRICE_KMEANS,V1,1.7329910716518928,2026-09-10 12:33:29
4502002347,00040,2026-11-09,2000,IN01,P200,V00003,MAT00040,15,EA,INR,23208.23,23640.8200000000000,1,1,0.00,354612.30,25438.64,22648.29,2.47,23850.17,23118.65,25962.00,3,-2.69,0.5320984897283414,0,LOW,No significant price anomaly,PO_PRICE_KMEANS,V1,1.7329910716518928,2026-09-10 12:33:29
4502002335,00050,2026-11-09,1000,DE02,P100,V00014,MAT00029,50,EA,EUR,567.03,576.9400000000000,1,1,0.00,28847.00,566.91,555.83,2.02,534.04,479.72,576.98,3,6.18,0.5319559823753954,0,LOW,No significant price anomaly,PO_PRICE_KMEANS,V1,1.7329910716518928,2026-09-10 12:33:29
4502002221,00050,2026-08-04,2000,IN01,P200,V00008,MAT00005,900,EA,INR,34981.63,35180.7200000000000,1,1,0.00,31662648.00,38555.57,34461.72,1.51,34987.22,34104.72,35550.82,3,-0.02,0.5318770675948624,0,LOW,No significant price anomaly,PO_PRICE_KMEANS,V1,1.7329910716518928,2026-09-10 12:33:29
4502002258,00020,2026-09-07,1000,DE02,P100,V00018,MAT00044,20,EA,EUR,493.85,486.1000000000000,1,1,0.00,9722.00,483.58,454.36,8.69,498.95,481.60,519.72,3,-1.02,0.5316440645379151,0,LOW,No significant price anomaly,PO_PRICE_KMEANS,V1,1.7329910716518928,2026-09-10 12:33:29
4502002315,00050,2026-10-06,3000,US01,P300,V00029,MAT00029,80,EA,USD,579.27,580.3100000000000,1,1,0.00,46424.80,581.01,541.35,7.0,613.88,538.29,670.54,3,-5.64,0.5313566722866274,0,LOW,No significant price anomaly,PO_PRICE_KMEANS,V1,1.7329910716518928,2026-09-10 12:33:29
4502002350,00050,2026-11-09,2000,IN01,P200,V00005,MAT00059,8,EA,INR,45866.90,45508.2400000000000,1,1,0.00,364065.92,44947.07,43235.69,6.09,44167.08,42366.78,46789.63,3,3.85,0.530541928806364,0,LOW,No significant price anomaly,PO_PRICE_KMEANS,V1,1.7329910716518928,2026-09-10 12:33:29
4502002371,00020,2026-12-08,1000,DE02,P100,V00015,MAT00002,25,EA,EUR,172.60,174.1200000000000,1,1,0.00,4353.00,171.35,158.55,8.86,179.92,158.53,237.02,3,-4.07,0.5301568553952866,0,LOW,No significant price anomaly,PO_PRICE_KMEANS,V1,1.7329910716518928,2026-09-10 12:33:29
4502002306,00060,2026-10-06,2000,IN01,P200,V00032,MAT00036,75,EA,INR,25607.07,25218.8800000000000,1,1,0.00,1891416.00,24845.53,23761.07,7.77,26802.63,22337.87,38795.35,3,-4.46,0.5271478423795103,0,LOW,No significant price anomaly,PO_PRICE_KMEANS,V1,1.7329910716518928,2026-09-10 12:33:29
4502002338,00040,2026-11-09,1000,DE02,P100,V00024,MAT00046,8,EA,EUR,358.19,365.7700000000000,1,1,0.00,2926.16,372.77,345.92,3.55,388.96,346.25,476.42,3,-7.91,0.5263796982965439,0,LOW,No significant price anomaly,PO_PRICE_KMEANS,V1,1.7329910716518928,2026-09-10 12:33:29
4502002338,00050,2026-11-09,1000,DE02,P100,V00006,MAT00047,8,EA,EUR,42.74,42.3600000000000,1,1,0.00,338.88,42.67,39.69,7.68,45.06,41.97,49.11,3,-5.15,0.525820355801885,0,LOW,No significant price anomaly,PO_PRICE_KMEANS,V1,1.7329910716518928,2026-09-10 12:33:29
4502002165,00050,2026-07-03,1000,DE01,P100,V00003,MAT00029,50,EA,EUR,494.22,496.7100000000000,1,1,0.00,24835.50,504.54,488.44,1.18,539.71,478.73,627.25,3,-8.43,0.5253748286665674,0,LOW,No significant price anomaly,PO_PRICE_KMEANS,V1,1.7329910716518928,2026-09-10 12:33:29
4502002178,00050,2026-07-03,1000,DE02,P100,V00006,MAT00047,40,EA,EUR,42.67,42.3600000000000,1,1,0.00,1694.40,41.97,39.46,8.13,44.52,41.49,47.98,3,-4.16,0.5252798637562242,0,LOW,No significant price anomaly,PO_PRICE_KMEANS,V1,1.7329910716518928,2026-09-10 12:33:29
4502002179,00020,2026-07-03,1000,DE02,P100,V00036,MAT00050,100,EA,EUR,427.11,432.9700000000000,1,1,0.00,43297.00,432.44,401.64,6.34,409.64,257.93,463.77,3,4.26,0.5251008570445417,0,LOW,No significant price anomaly,PO_PRICE_KMEANS,V1,1.7329910716518928,2026-09-10 12:33:29
4502002384,00010,2026-12-08,2000,IN01,P200,V00036,MAT00019,40,EA,INR,13331.07,13595.0800000000000,1,1,0.00,543803.20,13664.52,12667.99,5.23,12757.24,11922.76,13546.90,3,4.5,0.5248547620716012,0,LOW,No significant price anomaly,PO_PRICE_KMEANS,V1,1.7329910716518928,2026-09-10 12:33:29
4502002276,00060,2026-09-07,3000,US01,P300,V00016,MAT00036,15,EA,USD,265.34,271.0900000000000,1,1,0.00,4066.35,269.27,253.83,4.53,275.02,266.52,282.57,3,-3.52,0.5237793820666178,0,LOW,No significant price anomaly,PO_PRICE_KMEANS,V1,1.7329910716518928,2026-09-10 12:33:29
4502002331,00060,2026-11-09,1000,DE02,P100,V00048,MAT00006,5,EA,EUR,339.16,342.2600000000000,1,1,0.00,1711.30,347.07,320.63,5.78,324.49,297.67,342.06,3,4.52,0.523636088199524,0,LOW,No significant price anomaly,PO_PRICE_KMEANS,V1,1.7329910716518928,2026-09-10 12:33:29
4502002340,00030,2026-11-09,1000,DE02,P100,V00002,MAT00057,10,EA,EUR,364.55,363.9200000000000,1,1,0.00,3639.20,369.62,338.36,7.74,354.73,254.12,402.83,3,2.77,0.5227520653588036,0,LOW,No significant price anomaly,PO_PRICE_KMEANS,V1,1.7329910716518928,2026-09-10 12:33:29
4502002240,00040,2026-08-04,3000,US01,P300,V00013,MAT00058,5,EA,USD,279.86,281.4900000000000,1,1,0.00,1407.45,279.43,261.01,7.22,292.88,268.53,311.81,3,-4.45,0.5220320463225349,0,LOW,No significant price anomaly,PO_PRICE_KMEANS,V1,1.7329910716518928,2026-09-10 12:33:29
4502002372,00030,2026-12-08,1000,DE02,P100,V00009,MAT00009,50,EA,EUR,121.93,121.4900000000000,1,1,0.00,6074.50,123.58,118.24,3.12,134.00,115.76,199.95,3,-9.01,0.5220291300771607,0,LOW,No significant price anomaly,PO_PRICE_KMEANS,V1,1.7329910716518928,2026-09-10 12:33:29
4502002319,00030,2026-10-06,3000,US01,P300,V00013,MAT00051,25,EA,USD,316.41,319.1900000000000,1,1,0.00,7979.75,321.65,298.39,6.04,342.24,301.68,453.76,3,-7.55,0.5216179343499135,0,LOW,No significant price anomaly,PO_PRICE_KMEANS,V1,1.7329910716518928,2026-09-10 12:33:29
4502002330,00010,2026-11-09,1000,DE01,P100,V00019,MAT00055,25,EA,EUR,149.12,152.7800000000000,1,1,0.00,3819.50,151.72,145.61,2.41,162.07,149.60,188.51,3,-7.99,0.5205450261789467,0,LOW,No significant price anomaly,PO_PRICE_KMEANS,V1,1.7329910716518928,2026-09-10 12:33:29
4502002193,00050,2026-07-03,3000,US01,P300,V00048,MAT00017,40,EA,USD,114.70,117.4000000000000,1,1,0.00,4696.00,117.53,116.78,-1.78,123.64,100.23,175.20,3,-7.23,0.5202664199268779,0,LOW,No significant price anomaly,PO_PRICE_KMEANS,V1,1.7329910716518928,2026-09-10 12:33:29
4502002166,00020,2026-07-03,1000,DE01,P100,V00005,MAT00032,50,EA,EUR,384.25,392.0200000000000,1,1,0.00,19601.00,396.24,363.20,5.8,368.92,345.25,408.67,3,4.16,0.5197498824739677,0,LOW,No significant price anomaly,PO_PRICE_KMEANS,V1,1.7329910716518928,2026-09-10 12:33:29
4502002189,00010,2026-07-03,2000,IN01,P200,V00037,MAT00049,5,EA,INR,40565.78,41285.2600000000000,1,1,0.00,206426.30,42237.22,38407.91,5.62,43641.19,35836.53,56569.80,3,-7.05,0.5196886955130003,0,LOW,No significant price anomaly,PO_PRICE_KMEANS,V1,1.7329910716518928,2026-09-10 12:33:29
4502002353,00010,2026-11-09,3000,US01,P300,V00036,MAT00013,20,EA,USD,244.76,242.0700000000000,1,1,0.00,4841.40,245.79,226.15,8.23,252.80,217.55,318.96,3,-3.18,0.5191704499241347,0,LOW,No significant price anomaly,PO_PRICE_KMEANS,V1,1.7329910716518928,2026-09-10 12:33:29
4502002390,00010,2026-12-08,2000,IN01,P200,V00048,MAT00055,10,EA,INR,14610.84,14952.5900000000000,1,1,0.00,149525.90,14746.52,14949.02,-2.26,15698.16,13961.01,20145.60,3,-6.93,0.5172193606436916,0,LOW,No significant price anomaly,PO_PRICE_KMEANS,V1,1.7329910716518928,2026-09-10 12:33:29
4502002338,00020,2026-11-09,1000,DE02,P100,V00004,MAT00044,5,EA,EUR,495.37,508.0000000000000,1,1,0.00,2540.00,515.37,478.20,3.59,483.36,471.68,493.85,3,2.48,0.5168037949449319,0,LOW,No significant price anomaly,PO_PRICE_KMEANS,V1,1.7329910716518928,2026-09-10 12:33:29
4502002275,00060,2026-09-07,3000,US01,P300,V00032,MAT00030,25,EA,USD,35.79,36.2200000000000,1,1,0.00,905.50,36.51,33.11,8.09,34.95,32.57,37.12,3,2.4,0.5153853069381686,0,LOW,No significant price anomaly,PO_PRICE_KMEANS,V1,1.7329910716518928,2026-09-10 12:33:29
4502002277,00060,2026-09-07,3000,US01,P300,V00020,MAT00042,8,EA,USD,398.30,406.0300000000000,1,1,0.00,3248.24,427.53,382.96,4.01,422.67,356.01,575.56,3,-5.77,0.5150362004780074,0,LOW,No significant price anomaly,PO_PRICE_KMEANS,V1,1.7329910716518928,2026-09-10 12:33:29
4502002198,00030,2026-07-03,3000,US01,P300,V00036,MAT00045,10,EA,USD,486.89,498.5700000000000,1,1,0.00,4985.70,491.28,465.39,4.62,529.98,442.37,710.33,3,-8.13,0.5148434537042843,0,LOW,No significant price anomaly,PO_PRICE_KMEANS,V1,1.7329910716518928,2026-09-10 12:33:29
4502002262,00060,2026-09-07,2000,IN01,P200,V00029,MAT00012,25,EA,INR,40595.25,40544.8800000000000,1,1,0.00,1013622.00,40987.83,38264.66,6.09,43024.10,39015.71,44830.63,3,-5.65,0.5144877653290203,0,LOW,No significant price anomaly,PO_PRICE_KMEANS,V1,1.7329910716518928,2026-09-10 12:33:29
4502002393,00060,2026-12-08,3000,US01,P300,V00037,MAT00018,20,EA,USD,190.56,192.1500000000000,1,1,0.00,3843.00,189.00,194.29,-1.92,181.95,165.22,210.45,3,4.73,0.5139642016968312,0,LOW,No significant price anomaly,PO_PRICE_KMEANS,V1,1.7329910716518928,2026-09-10 12:33:29
4502002182,00040,2026-07-03,2000,IN01,P200,V00023,MAT00010,100,EA,INR,8121.43,8014.0900000000000,1,1,0.00,801409.00,7979.43,7698.08,5.5,8733.82,8043.84,10489.67,3,-7.01,0.5138730920679029,0,LOW,No significant price anomaly,PO_PRICE_KMEANS,V1,1.7329910716518928,2026-09-10 12:33:29
4502002306,00020,2026-10-06,2000,IN01,P200,V00020,MAT00032,75,EA,INR,38715.32,38014.5500000000000,1,1,0.00,2851091.25,37267.17,36779.72,5.26,37311.56,33311.81,48087.85,3,3.76,0.5137168601243722,0,LOW,No significant price anomaly,PO_PRICE_KMEANS,V1,1.7329910716518928,2026-09-10 12:33:29
4502002202,00010,2026-08-04,1000,DE01,P100,V00026,MAT00007,8,EA,EUR,451.15,445.1600000000000,1,1,0.00,3561.28,438.40,418.38,7.83,459.57,433.15,484.47,3,-1.83,0.5136453685898315,0,LOW,No significant price anomaly,PO_PRICE_KMEANS,V1,1.7329910716518928,2026-09-10 12:33:29
4502002381,00010,2026-12-08,2000,IN01,P200,V00044,MAT00001,40,EA,INR,39983.50,40599.1200000000000,1,1,0.00,1623964.80,40422.72,36651.54,9.09,40420.86,25370.66,47256.25,3,-1.08,0.5122763011213515,0,LOW,No significant price anomaly,PO_PRICE_KMEANS,V1,1.7329910716518928,2026-09-10 12:33:29
4502002245,00020,2026-09-07,1000,DE01,P100,V00035,MAT00026,50,EA,EUR,108.06,107.9300000000000,1,1,0.00,5396.50,109.95,108.59,-0.49,116.34,107.27,126.31,3,-7.12,0.5119707379553811,0,LOW,No significant price anomaly,PO_PRICE_KMEANS,V1,1.7329910716518928,2026-09-10 12:33:29
4502002298,00020,2026-10-06,1000,DE02,P100,V00045,MAT00044,15,EA,EUR,471.68,477.5100000000000,1,1,0.00,7162.65,486.10,465.80,1.26,493.27,481.60,515.37,3,-4.38,0.5116350633227602,0,LOW,No significant price anomaly,PO_PRICE_KMEANS,V1,1.7329910716518928,2026-09-10 12:33:29
4502002290,00010,2026-10-06,1000,DE01,P100,V00040,MAT00055,100,EA,EUR,160.34,159.4000000000000,1,1,0.00,15940.00,160.61,148.58,7.91,157.56,146.72,188.51,3,1.76,0.5115601967976949,0,LOW,No significant price anomaly,PO_PRICE_KMEANS,V1,1.7329910716518928,2026-09-10 12:33:29
4502002186,00040,2026-07-03,2000,IN01,P200,V00047,MAT00034,5,EA,INR,47374.41,48109.1400000000000,1,1,0.00,240545.70,46990.11,45567.66,3.96,50255.66,48008.62,52695.23,3,-5.73,0.5115460321272641,0,LOW,No significant price anomaly,PO_PRICE_KMEANS,V1,1.7329910716518928,2026-09-10 12:33:29
4502002210,00060,2026-08-04,1000,DE01,P100,V00048,MAT00060,15,EA,EUR,561.14,567.4200000000000,1,1,0.00,8511.30,570.74,526.58,6.56,541.75,493.86,581.84,3,3.58,0.5110810916208193,0,LOW,No significant price anomaly,PO_PRICE_KMEANS,V1,1.7329910716518928,2026-09-10 12:33:29
4502002233,00060,2026-08-04,3000,US01,P300,V00037,MAT00018,25,EA,USD,189.00,192.1500000000000,1,1,0.00,4803.75,188.46,194.69,-2.92,182.80,171.18,190.63,3,3.39,0.5100030443709337,0,LOW,No significant price anomaly,PO_PRICE_KMEANS,V1,1.7329910716518928,2026-09-10 12:33:29
4502002229,00050,2026-08-04,2000,IN01,P200,V00008,MAT00053,100,EA,INR,13193.95,13050.8300000000000,1,1,0.00,1305083.00,12971.88,12323.71,7.06,12888.94,12582.95,13456.53,3,2.37,0.5097962357534527,0,LOW,No significant price anomaly,PO_PRICE_KMEANS,V1,1.7329910716518928,2026-09-10 12:33:29
4502002270,00030,2026-09-07,2000,IN01,P200,V00047,MAT00057,8,EA,INR,34442.60,34225.9000000000000,0,0,0.00,0.00,33960.82,31892.91,7.99,34701.11,24622.80,39324.08,3,-0.74,0.5081971023151505,0,LOW,No significant price anomaly,PO_PRICE_KMEANS,V1,1.7329910716518928,2026-09-10 12:33:29
4502002371,00010,2026-12-08,1000,DE02,P100,V00033,MAT00001,8,EA,EUR,469.85,471.6300000000000,1,1,0.00,3773.04,463.26,442.63,6.15,489.50,469.34,511.36,3,-4.01,0.5077776985145452,0,LOW,No significant price anomaly,PO_PRICE_KMEANS,V1,1.7329910716518928,2026-09-10 12:33:29
4502002188,00030,2026-07-03,2000,IN01,P200,V00025,MAT00045,40,EA,INR,42835.46,43360.3800000000000,1,1,0.00,1734415.20,43077.54,40087.64,6.85,42073.40,41001.52,43123.42,3,1.81,0.50771565616594,0,LOW,No significant price anomaly,PO_PRICE_KMEANS,V1,1.7329910716518928,2026-09-10 12:33:29
4502002212,00030,2026-08-04,1000,DE02,P100,V00009,MAT00009,75,EA,EUR,123.58,121.4900000000000,1,1,0.00,9111.75,118.68,117.83,4.88,119.56,113.76,129.74,3,3.36,0.5076321109494752,0,LOW,No significant price anomaly,PO_PRICE_KMEANS,V1,1.7329910716518928,2026-09-10 12:33:29
4502002338,00060,2026-11-09,1000,DE02,P100,V00016,MAT00048,50,EA,EUR,416.60,424.8400000000000,1,1,0.00,21242.00,427.10,395.50,5.34,431.43,423.04,449.81,3,-3.44,0.5052902267660038,0,LOW,No significant price anomaly,PO_PRICE_KMEANS,V1,1.7329910716518928,2026-09-10 12:33:29
4502002340,00060,2026-11-09,1000,DE02,P100,V00004,MAT00060,75,EA,EUR,557.96,560.3600000000000,1,1,0.00,42027.00,559.53,522.90,6.7,596.60,525.66,845.45,3,-6.48,0.5049732769295938,0,LOW,No significant price anomaly,PO_PRICE_KMEANS,V1,1.7329910716518928,2026-09-10 12:33:29
4502002265,00050,2026-09-07,2000,IN01,P200,V00011,MAT00029,8,EA,INR,49834.00,50059.7900000000000,1,1,0.00,400478.32,49078.24,46808.48,6.46,50968.86,49589.57,51941.38,3,-2.23,0.5049151383840328,0,LOW,No significant price anomaly,PO_PRICE_KMEANS,V1,1.7329910716518928,2026-09-10 12:33:29
4502002227,00030,2026-08-04,2000,IN01,P200,V00048,MAT00039,8,EA,INR,51041.97,50827.9300000000000,1,1,0.00,406623.44,51534.09,47503.51,7.45,53900.75,42683.19,82427.10,3,-5.3,0.5043986195740175,0,LOW,No significant price anomaly,PO_PRICE_KMEANS,V1,1.7329910716518928,2026-09-10 12:33:29
4502002164,00060,2026-07-03,1000,DE01,P100,V00029,MAT00024,25,EA,EUR,337.06,345.1100000000000,1,1,0.00,8627.75,340.75,310.38,8.6,345.31,310.72,376.01,3,-2.39,0.5041111150898332,0,LOW,No significant price anomaly,PO_PRICE_KMEANS,V1,1.7329910716518928,2026-09-10 12:33:29
4502002364,00060,2026-12-08,1000,DE01,P100,V00036,MAT00024,20,EA,EUR,362.68,354.3500000000000,1,1,0.00,7087.00,361.98,340.29,6.58,351.26,318.28,379.32,3,3.25,0.5039791516174928,0,LOW,No significant price anomaly,PO_PRICE_KMEANS,V1,1.7329910716518928,2026-09-10 12:33:29
4502002297,00030,2026-10-06,1000,DE02,P100,V00003,MAT00039,10,EA,EUR,475.15,479.7700000000000,1,1,0.00,4797.70,480.56,473.19,0.41,513.64,459.41,561.41,3,-7.49,0.5032066743967346,0,LOW,No significant price anomaly,PO_PRICE_KMEANS,V1,1.7329910716518928,2026-09-10 12:33:29
4502002302,00030,2026-10-06,2000,IN01,P200,V00006,MAT00009,100,EA,INR,11346.17,11128.9400000000000,1,1,0.00,1112894.00,11024.55,11375.82,-0.26,12021.04,11368.31,12903.38,3,-5.61,0.5026732086237319,0,LOW,No significant price anomaly,PO_PRICE_KMEANS,V1,1.7329910716518928,2026-09-10 12:33:29
4502002230,00010,2026-08-04,2000,IN01,P200,V00048,MAT00055,25,EA,INR,14746.52,14952.5900000000000,1,1,0.00,373814.75,14831.01,14964.59,-1.46,14104.54,13031.86,15052.33,3,4.55,0.5023550569061811,0,LOW,No significant price anomaly,PO_PRICE_KMEANS,V1,1.7329910716518928,2026-09-10 12:33:29
4502002369,00060,2026-12-08,1000,DE01,P100,V00016,MAT00054,50,EA,EUR,418.13,425.2000000000000,1,1,0.00,21260.00,420.50,388.17,7.72,437.75,405.48,473.48,3,-4.48,0.5020870366202009,0,LOW,No significant price anomaly,PO_PRICE_KMEANS,V1,1.7329910716518928,2026-09-10 12:33:29
4502002247,00030,2026-09-07,1000,DE01,P100,V00033,MAT00039,15,EA,EUR,514.01,502.1000000000000,1,1,0.00,7531.50,497.78,478.55,7.41,519.12,498.29,544.16,3,-0.98,0.5019645977038686,0,LOW,No significant price anomaly,PO_PRICE_KMEANS,V1,1.7329910716518928,2026-09-10 12:33:29
4502002322,00040,2026-11-09,1000,DE01,P100,V00001,MAT00010,15,EA,EUR,93.69,92.2400000000000,1,1,0.00,1383.60,91.61,86.62,8.16,96.01,88.18,110.73,3,-2.42,0.5017858321610178,0,LOW,No significant price anomaly,PO_PRICE_KMEANS,V1,1.7329910716518928,2026-09-10 12:33:29
4502002304,00040,2026-10-06,2000,IN01,P200,V00004,MAT00022,25,EA,INR,37021.36,36628.2800000000000,1,1,0.00,915707.00,37194.39,34885.30,6.12,35683.45,34090.42,37806.59,3,3.75,0.5015441914302335,0,LOW,No significant price anomaly,PO_PRICE_KMEANS,V1,1.7329910716518928,2026-09-10 12:33:29
4502002235,00040,2026-08-04,3000,US01,P300,V00033,MAT00028,10,EA,USD,358.68,355.7500000000000,1,1,0.00,3557.50,350.80,333.80,7.45,367.24,349.62,389.22,3,-2.33,0.5014802456010485,0,LOW,No significant price anomaly,PO_PRICE_KMEANS,V1,1.7329910716518928,2026-09-10 12:33:29
4502002392,00010,2026-12-08,3000,US01,P300,V00011,MAT00007,40,EA,USD,507.25,501.4800000000000,1,1,0.00,20059.20,511.25,467.60,8.48,512.73,495.87,524.37,3,-1.07,0.5010072102919363,0,LOW,No significant price anomaly,PO_PRICE_KMEANS,V1,1.7329910716518928,2026-09-10 12:33:29
4502002370,00010,2026-12-08,1000,DE01,P100,V00026,MAT00055,8,EA,EUR,151.13,148.2300000000000,1,1,0.00,1185.84,149.60,152.22,-0.72,162.06,149.12,188.51,3,-6.74,0.500320499878858,0,LOW,No significant price anomaly,PO_PRICE_KMEANS,V1,1.7329910716518928,2026-09-10 12:33:29
4502002387,00030,2026-12-08,2000,IN01,P200,V00048,MAT00039,75,EA,INR,51437.96,50827.9300000000000,1,1,0.00,3812094.75,51041.97,47756.26,7.71,53620.68,42721.89,82427.10,3,-4.07,0.4994898421830202,0,LOW,No significant price anomaly,PO_PRICE_KMEANS,V1,1.7329910716518928,2026-09-10 12:33:29
4502002295,00010,2026-10-06,1000,DE02,P100,V00043,MAT00025,40,EA,EUR,291.83,293.2500000000000,1,1,0.00,11730.00,289.23,268.28,8.78,297.75,225.75,328.41,3,-1.99,0.49927471934170864,0,LOW,No significant price anomaly,PO_PRICE_KMEANS,V1,1.7329910716518928,2026-09-10 12:33:29
4502002359,00010,2026-11-09,3000,US01,P300,V00048,MAT00049,40,EA,USD,487.82,498.0300000000000,1,1,0.00,19921.20,485.75,465.00,4.91,466.06,427.30,501.41,3,4.67,0.4991869105131617,0,LOW,No significant price anomaly,PO_PRICE_KMEANS,V1,1.7329910716518928,2026-09-10 12:33:29
4502002279,00060,2026-09-07,3000,US01,P300,V00008,MAT00054,40,EA,USD,473.10,470.6300000000000,1,1,0.00,18825.20,469.25,437.63,8.11,486.32,347.73,536.26,3,-2.72,0.49879279149865446,0,LOW,No significant price anomaly,PO_PRICE_KMEANS,V1,1.7329910716518928,2026-09-10 12:33:29
4502002293,00050,2026-10-06,1000,DE02,P100,V00019,MAT00017,15,EA,EUR,100.91,102.1800000000000,1,1,0.00,1532.70,102.08,92.73,8.82,102.35,96.55,110.13,3,-1.41,0.4970454128219091,0,LOW,No significant price anomaly,PO_PRICE_KMEANS,V1,1.7329910716518928,2026-09-10 12:33:29
4502002399,00050,2026-12-08,3000,US01,P300,V00019,MAT00053,40,EA,USD,160.83,161.9600000000000,1,1,0.00,6478.40,160.68,148.16,8.55,165.43,149.10,175.08,3,-2.78,0.49603364976841596,0,LOW,No significant price anomaly,PO_PRICE_KMEANS,V1,1.7329910716518928,2026-09-10 12:33:29
4502002200,00010,2026-07-03,3000,US01,P300,V00004,MAT00055,100,EA,USD,173.49,173.3500000000000,1,1,0.00,17335.00,171.34,171.97,0.88,167.54,164.13,174.38,3,3.55,0.49523137077120644,0,LOW,No significant price anomaly,PO_PRICE_KMEANS,V1,1.7329910716518928,2026-09-10 12:33:29
4502002371,00050,2026-12-08,1000,DE02,P100,V00045,MAT00005,25,EA,EUR,398.45,394.1000000000000,1,1,0.00,9852.50,388.34,376.26,5.9,425.09,371.45,513.71,3,-6.27,0.49498730029199467,0,LOW,No significant price anomaly,PO_PRICE_KMEANS,V1,1.7329910716518928,2026-09-10 12:33:29
4502002349,00010,2026-11-09,2000,IN01,P200,V00037,MAT00049,100,EA,INR,41222.04,41285.2600000000000,1,1,0.00,4128526.00,40565.78,38562.05,6.9,43714.97,36215.51,56569.80,3,-5.7,0.49460840880168483,0,LOW,No significant price anomaly,PO_PRICE_KMEANS,V1,1.7329910716518928,2026-09-10 12:33:29
4502002281,00050,2026-10-06,1000,DE01,P100,V00020,MAT00005,50,EA,EUR,430.79,435.4900000000000,1,1,0.00,21774.50,438.42,418.95,2.83,409.49,384.18,434.84,3,5.2,0.494305876125393,0,LOW,No significant price anomaly,PO_PRICE_KMEANS,V1,1.7329910716518928,2026-09-10 12:33:29
4502002323,00060,2026-11-09,1000,DE01,P100,V00025,MAT00018,10,EA,EUR,181.32,178.8800000000000,1,1,0.00,1788.80,179.85,168.69,7.49,190.25,167.77,255.01,3,-4.69,0.4929938179678151,0,LOW,No significant price anomaly,PO_PRICE_KMEANS,V1,1.7329910716518928,2026-09-10 12:33:29
4502002352,00020,2026-11-09,3000,US01,P300,V00014,MAT00008,40,EA,USD,89.26,89.1000000000000,1,1,0.00,3564.00,87.81,87.24,2.32,84.49,73.28,100.65,3,5.65,0.49265517361446926,0,LOW,No significant price anomaly,PO_PRICE_KMEANS,V1,1.7329910716518928,2026-09-10 12:33:29
4502002191,00050,2026-07-03,3000,US01,P300,V00012,MAT00005,5,EA,USD,451.50,462.6200000000000,0,0,0.00,0.00,459.73,439.52,2.73,429.59,397.02,460.71,3,5.1,0.491740346439044,0,LOW,No significant price anomaly,PO_PRICE_KMEANS,V1,1.7329910716518928,2026-09-10 12:33:29
4502002200,00030,2026-07-03,3000,US01,P300,V00024,MAT00057,900,EA,USD,400.56,407.7400000000000,1,1,0.00,366966.00,411.77,369.66,8.36,400.23,374.12,431.11,3,0.08,0.49062929003552125,0,LOW,No significant price anomaly,PO_PRICE_KMEANS,V1,1.7329910716518928,2026-09-10 12:33:29
4502002214,00030,2026-08-04,1000,DE02,P100,V00045,MAT00021,10,EA,EUR,422.94,431.3900000000000,1,1,0.00,4313.90,438.75,433.84,-2.51,445.54,407.93,512.16,3,-5.07,0.49060272425094176,0,LOW,No significant price anomaly,PO_PRICE_KMEANS,V1,1.7329910716518928,2026-09-10 12:33:29
4502002309,00030,2026-10-06,2000,IN01,P200,V00002,MAT00051,25,EA,INR,25345.04,25887.7400000000000,1,1,0.00,647193.50,26448.78,24172.44,4.85,26735.60,25272.99,28202.26,3,-5.2,0.4902970227336908,0,LOW,No significant price anomaly,PO_PRICE_KMEANS,V1,1.7329910716518928,2026-09-10 12:33:29
4502002366,00030,2026-12-08,1000,DE01,P100,V00022,MAT00033,20,EA,EUR,171.06,175.3400000000000,1,1,0.00,3506.80,178.39,174.32,-1.87,166.26,153.71,180.13,3,2.89,0.48987212682850617,0,LOW,No significant price anomaly,PO_PRICE_KMEANS,V1,1.7329910716518928,2026-09-10 12:33:29
4502002200,00040,2026-07-03,3000,US01,P300,V00034,MAT00058,20,EA,USD,302.77,303.5200000000000,1,1,0.00,6070.40,308.35,300.81,0.65,287.72,268.53,311.81,3,5.23,0.48958699651932897,0,LOW,No significant price anomaly,PO_PRICE_KMEANS,V1,1.7329910716518928,2026-09-10 12:33:29
4502002334,00050,2026-11-09,1000,DE02,P100,V00030,MAT00023,15,EA,EUR,467.49,465.8100000000000,1,1,0.00,6987.15,468.93,434.45,7.61,472.48,445.91,521.48,3,-1.06,0.48916907177825253,0,LOW,No significant price anomaly,PO_PRICE_KMEANS,V1,1.7329910716518928,2026-09-10 12:33:29
4502002294,00040,2026-10-06,1000,DE02,P100,V00041,MAT00022,5,EA,EUR,368.01,368.6300000000000,1,1,0.00,1843.15,375.94,342.80,7.35,384.07,351.52,410.88,3,-4.18,0.4884565000179958,0,LOW,No significant price anomaly,PO_PRICE_KMEANS,V1,1.7329910716518928,2026-09-10 12:33:29
4502002191,00040,2026-07-03,3000,US01,P300,V00002,MAT00004,100,EA,USD,388.16,390.4700000000000,1,1,0.00,39047.00,398.57,363.83,6.69,380.11,366.78,390.84,3,2.12,0.4881514268210999,0,LOW,No significant price anomaly,PO_PRICE_KMEANS,V1,1.7329910716518928,2026-09-10 12:33:29
4502002181,00040,2026-07-03,2000,IN01,P200,V00039,MAT00004,20,EA,INR,34070.82,34605.7600000000000,1,1,0.00,692115.20,34795.27,32146.45,5.99,35651.35,32926.93,36622.58,3,-4.43,0.4864681589546378,0,LOW,No significant price anomaly,PO_PRICE_KMEANS,V1,1.7329910716518928,2026-09-10 12:33:29
4502002292,00040,2026-10-06,1000,DE02,P100,V00005,MAT00010,20,EA,EUR,97.78,99.2800000000000,1,1,0.00,1985.60,101.72,90.50,8.04,98.23,87.33,111.83,3,-0.46,0.4848557982310622,0,LOW,No significant price anomaly,PO_PRICE_KMEANS,V1,1.7329910716518928,2026-09-10 12:33:29
4502002245,00050,2026-09-07,1000,DE01,P100,V00037,MAT00029,50,EA,EUR,558.36,553.0700000000000,1,1,0.00,27653.50,554.32,537.17,3.94,530.54,478.73,627.25,3,5.24,0.48412597882363484,0,LOW,No significant price anomaly,PO_PRICE_KMEANS,V1,1.7329910716518928,2026-09-10 12:33:29
4502002400,00050,2026-12-08,3000,US01,P300,V00023,MAT00059,20,EA,USD,462.64,465.7200000000000,1,1,0.00,9314.40,456.30,452.75,2.18,497.13,467.81,540.14,3,-6.94,0.4840816678570135,0,LOW,No significant price anomaly,PO_PRICE_KMEANS,V1,1.7329910716518928,2026-09-10 12:33:29
4502002398,00010,2026-12-08,3000,US01,P300,V00023,MAT00043,5,EA,USD,486.98,479.3400000000000,1,1,0.00,2396.70,489.36,460.65,5.72,515.46,485.57,557.77,3,-5.53,0.48325274766754167,0,LOW,No significant price anomaly,PO_PRICE_KMEANS,V1,1.7329910716518928,2026-09-10 12:33:29
4502002293,00010,2026-10-06,1000,DE02,P100,V00007,MAT00013,75,EA,EUR,194.80,197.5200000000000,1,1,0.00,14814.00,193.96,183.81,5.98,208.90,136.13,233.91,3,-6.75,0.480568502367277,0,LOW,No significant price anomaly,PO_PRICE_KMEANS,V1,1.7329910716518928,2026-09-10 12:33:29
4502002210,00010,2026-08-04,1000,DE01,P100,V00026,MAT00055,5,EA,EUR,149.60,148.2300000000000,1,1,0.00,741.15,146.72,152.42,-1.85,154.90,151.27,160.61,3,-3.42,0.47897478576818536,0,LOW,No significant price anomaly,PO_PRICE_KMEANS,V1,1.7329910716518928,2026-09-10 12:33:29
4502002235,00010,2026-08-04,3000,US01,P300,V00031,MAT00025,25,EA,USD,326.82,332.6800000000000,1,1,0.00,8317.00,326.77,302.67,7.98,337.48,314.80,364.54,3,-3.16,0.47759583556214796,0,LOW,No significant price anomaly,PO_PRICE_KMEANS,V1,1.7329910716518928,2026-09-10 12:33:29
4502002372,00060,2026-12-08,1000,DE02,P100,V00011,MAT00012,25,EA,EUR,439.12,443.4300000000000,1,1,0.00,11085.75,433.15,453.28,-3.12,458.87,424.00,501.82,3,-4.3,0.47646321549832676,0,LOW,No significant price anomaly,PO_PRICE_KMEANS,V1,1.7329910716518928,2026-09-10 12:33:29
4502002270,00040,2026-09-07,2000,IN01,P200,V00009,MAT00058,5,EA,INR,22937.38,23356.9000000000000,1,1,0.00,116784.50,23349.12,23339.64,-1.72,22430.45,21901.29,23101.10,3,2.26,0.4751504875046912,0,LOW,No significant price anomaly,PO_PRICE_KMEANS,V1,1.7329910716518928,2026-09-10 12:33:29
4502002184,00040,2026-07-03,2000,IN01,P200,V00011,MAT00022,10,EA,INR,35054.10,35283.2300000000000,1,1,0.00,352832.30,36029.84,32681.82,7.26,35890.69,34563.21,37194.39,3,-2.33,0.47507242414683754,0,LOW,No significant price anomaly,PO_PRICE_KMEANS,V1,1.7329910716518928,2026-09-10 12:33:29
4502002263,00010,2026-09-07,2000,IN01,P200,V00011,MAT00013,5,EA,INR,20624.98,20337.7400000000000,1,1,0.00,101688.70,19979.43,19215.60,7.33,20696.49,20033.62,21298.17,3,-0.35,0.4746698544858397,0,LOW,No significant price anomaly,PO_PRICE_KMEANS,V1,1.7329910716518928,2026-09-10 12:33:29
4502002350,00020,2026-11-09,2000,IN01,P200,V00003,MAT00056,10,EA,INR,42424.78,42218.6800000000000,1,1,0.00,422186.80,41550.83,39221.27,8.17,42742.44,41255.16,47340.06,3,-0.74,0.4743980805540381,0,LOW,No significant price anomaly,PO_PRICE_KMEANS,V1,1.7329910716518928,2026-09-10 12:33:29
4502002359,00040,2026-11-09,3000,US01,P300,V00002,MAT00052,800,EA,USD,336.85,335.4900000000000,1,1,0.00,268392.00,343.49,314.69,7.04,333.03,325.98,338.85,3,1.15,0.4742075088515394,0,LOW,No significant price anomaly,PO_PRICE_KMEANS,V1,1.7329910716518928,2026-09-10 12:33:29
4502002280,00050,2026-09-07,3000,US01,P300,V00030,MAT00059,15,EA,USD,480.05,473.8200000000000,1,1,0.00,7107.30,462.06,448.09,7.13,483.37,456.30,540.14,3,-0.69,0.47404238640936913,0,LOW,No significant price anomaly,PO_PRICE_KMEANS,V1,1.7329910716518928,2026-09-10 12:33:29
4502002385,00030,2026-12-08,2000,IN01,P200,V00012,MAT00027,15,EA,INR,34539.02,35276.8800000000000,1,1,0.00,529153.20,36123.91,34191.95,1.02,33550.80,32497.05,34551.17,3,2.95,0.47369112492124765,0,LOW,No significant price anomaly,PO_PRICE_KMEANS,V1,1.7329910716518928,2026-09-10 12:33:29
4502002376,00040,2026-12-08,1000,DE02,P100,V00015,MAT00034,8,EA,EUR,596.70,589.1300000000000,1,1,0.00,4713.04,596.30,556.02,7.32,619.96,546.43,870.93,3,-3.75,0.473503322875837,0,LOW,No significant price anomaly,PO_PRICE_KMEANS,V1,1.7329910716518928,2026-09-10 12:33:29
4502002362,00050,2026-12-08,1000,DE01,P100,V00038,MAT00011,100,EA,EUR,405.73,414.4000000000000,1,1,0.00,41440.00,408.19,396.55,2.31,388.20,365.56,404.93,3,4.52,0.47203821340725616,0,LOW,No significant price anomaly,PO_PRICE_KMEANS,V1,1.7329910716518928,2026-09-10 12:33:29
4502002244,00020,2026-09-07,1000,DE01,P100,V00031,MAT00020,75,EA,EUR,240.80,242.1900000000000,1,1,0.00,18164.25,237.55,244.74,-1.61,231.05,173.70,260.01,3,4.22,0.471493459007202,0,LOW,No significant price anomaly,PO_PRICE_KMEANS,V1,1.7329910716518928,2026-09-10 12:33:29
4502002263,00020,2026-09-07,2000,IN01,P200,V00021,MAT00014,15,EA,INR,7231.04,7104.6900000000000,1,1,0.00,106570.35,6938.60,6787.67,6.53,7210.36,6454.19,7706.66,3,0.29,0.46942420680692154,0,LOW,No significant price anomaly,PO_PRICE_KMEANS,V1,1.7329910716518928,2026-09-10 12:33:29
4502002189,00030,2026-07-03,2000,IN01,P200,V00029,MAT00051,15,EA,INR,26865.06,27303.4900000000000,1,1,0.00,409552.35,26876.26,25162.99,6.76,26361.40,25291.11,28202.26,3,1.91,0.46908352431355044,0,LOW,No significant price anomaly,PO_PRICE_KMEANS,V1,1.7329910716518928,2026-09-10 12:33:29
4502002250,00030,2026-09-07,1000,DE01,P100,V00025,MAT00057,20,EA,EUR,399.14,402.3600000000000,1,1,0.00,8047.20,395.42,374.26,6.65,419.86,356.03,628.59,3,-4.93,0.4684628061431359,0,LOW,No significant price anomaly,PO_PRICE_KMEANS,V1,1.7329910716518928,2026-09-10 12:33:29
4502002325,00020,2026-11-09,1000,DE01,P100,V00001,MAT00026,100,EA,EUR,110.45,112.4300000000000,1,1,0.00,11243.00,114.10,102.36,7.9,111.71,107.27,124.07,3,-1.13,0.46578723853811677,0,LOW,No significant price anomaly,PO_PRICE_KMEANS,V1,1.7329910716518928,2026-09-10 12:33:29
4502002189,00020,2026-07-03,2000,IN01,P200,V00047,MAT00050,50,EA,INR,37700.52,37601.6200000000000,1,1,0.00,1880081.00,37117.66,35330.67,6.71,38852.02,37319.87,40264.95,3,-2.96,0.4655399081121834,0,LOW,No significant price anomaly,PO_PRICE_KMEANS,V1,1.7329910716518928,2026-09-10 12:33:29
4502002217,00040,2026-08-04,1000,DE02,P100,V00047,MAT00040,8,EA,EUR,261.97,264.2900000000000,1,1,0.00,2114.32,266.78,245.39,6.76,276.52,186.31,385.95,3,-5.26,0.4629817051404877,0,LOW,No significant price anomaly,PO_PRICE_KMEANS,V1,1.7329910716518928,2026-09-10 12:33:29
4502002293,00040,2026-10-06,1000,DE02,P100,V00009,MAT00016,15,EA,EUR,151.00,153.8900000000000,1,1,0.00,2308.35,153.46,147.94,2.07,163.77,143.15,219.90,3,-7.8,0.4625566780592875,0,LOW,No significant price anomaly,PO_PRICE_KMEANS,V1,1.7329910716518928,2026-09-10 12:33:29
4502002245,00060,2026-09-07,1000,DE01,P100,V00047,MAT00030,8,EA,EUR,31.18,31.4000000000000,1,1,0.00,251.20,32.18,30.43,2.46,32.66,31.40,34.07,3,-4.53,0.4620439214604242,0,LOW,No significant price anomaly,PO_PRICE_KMEANS,V1,1.7329910716518928,2026-09-10 12:33:29
4502002288,00010,2026-10-06,1000,DE01,P100,V00004,MAT00043,20,EA,EUR,506.86,510.0400000000000,1,1,0.00,10200.80,497.50,486.70,4.14,485.91,452.38,516.07,3,4.31,0.4619323808528643,0,LOW,No significant price anomaly,PO_PRICE_KMEANS,V1,1.7329910716518928,2026-09-10 12:33:29
4502002222,00060,2026-08-04,2000,IN01,P200,V00022,MAT00012,25,EA,INR,42755.06,43825.7600000000000,0,0,0.00,0.00,44768.95,40919.13,4.49,41394.65,38388.93,44830.63,3,3.29,0.46074639929827105,0,LOW,No significant price anomaly,PO_PRICE_KMEANS,V1,1.7329910716518928,2026-09-10 12:33:29
4502002237,00050,2026-08-04,3000,US01,P300,V00031,MAT00041,75,EA,USD,400.82,391.6400000000000,1,1,0.00,29373.00,396.92,373.71,7.25,398.93,367.13,425.35,3,0.47,0.46046029454017884,0,LOW,No significant price anomaly,PO_PRICE_KMEANS,V1,1.7329910716518928,2026-09-10 12:33:29
4502002339,00020,2026-11-09,1000,DE02,P100,V00036,MAT00050,100,EA,EUR,432.61,432.9700000000000,1,1,0.00,43297.00,427.11,403.46,7.23,433.39,257.93,582.08,3,-0.18,0.4600512690117008,0,LOW,No significant price anomaly,PO_PRICE_KMEANS,V1,1.7329910716518928,2026-09-10 12:33:29
4502002282,00020,2026-10-06,1000,DE01,P100,V00022,MAT00008,5,EA,EUR,82.21,81.9900000000000,1,1,0.00,409.95,82.42,76.24,7.83,82.00,69.16,116.78,3,0.26,0.45913872398210875,0,LOW,No significant price anomaly,PO_PRICE_KMEANS,V1,1.7329910716518928,2026-09-10 12:33:29
4502002379,00030,2026-12-08,1000,DE02,P100,V00025,MAT00051,10,EA,EUR,302.76,309.1100000000000,1,1,0.00,3091.10,307.46,287.59,5.27,295.46,287.58,305.65,3,2.47,0.45829531557111736,0,LOW,No significant price anomaly,PO_PRICE_KMEANS,V1,1.7329910716518928,2026-09-10 12:33:29
4502002389,00060,2026-12-08,2000,IN01,P200,V00038,MAT00054,8,EA,INR,45358.76,45035.7200000000000,1,1,0.00,360285.76,44941.35,47331.95,-4.17,45884.42,42019.63,55022.34,3,-1.15,0.4581794683242165,0,LOW,No significant price anomaly,PO_PRICE_KMEANS,V1,1.7329910716518928,2026-09-10 12:33:29
4502002351,00030,2026-11-09,3000,US01,P300,V00040,MAT00003,20,EA,USD,129.79,129.1000000000000,1,1,0.00,2582.00,128.33,120.87,7.38,134.46,116.40,196.03,3,-3.47,0.45716818622621386,0,LOW,No significant price anomaly,PO_PRICE_KMEANS,V1,1.7329910716518928,2026-09-10 12:33:29
4502002325,00040,2026-11-09,1000,DE01,P100,V00041,MAT00028,15,EA,EUR,331.82,329.2900000000000,1,1,0.00,4939.35,329.34,308.72,7.48,337.39,301.34,367.07,3,-1.65,0.4564988753463379,0,LOW,No significant price anomaly,PO_PRICE_KMEANS,V1,1.7329910716518928,2026-09-10 12:33:29
4502002357,00050,2026-11-09,3000,US01,P300,V00024,MAT00041,100,EA,USD,395.09,402.0200000000000,1,1,0.00,40202.00,419.39,403.54,-2.09,399.24,367.13,425.35,3,-1.04,0.45634196158671314,0,LOW,No significant price anomaly,PO_PRICE_KMEANS,V1,1.7329910716518928,2026-09-10 12:33:29
4502002190,00060,2026-07-03,2000,IN01,P200,V00015,MAT00060,75,EA,INR,53655.53,53893.0300000000000,1,1,0.00,4041977.25,54878.01,50163.31,6.96,53063.51,46792.44,70453.74,3,1.12,0.45572529517460353,0,LOW,No significant price anomaly,PO_PRICE_KMEANS,V1,1.7329910716518928,2026-09-10 12:33:29
4502002304,00030,2026-10-06,2000,IN01,P200,V00042,MAT00021,100,EA,INR,37483.76,37992.7000000000000,1,1,0.00,3799270.00,37856.49,36909.91,1.55,38491.90,37693.46,39231.25,3,-2.62,0.4555676356842184,0,LOW,No significant price anomaly,PO_PRICE_KMEANS,V1,1.7329910716518928,2026-09-10 12:33:29
4502002238,00060,2026-08-04,3000,US01,P300,V00045,MAT00048,5,EA,USD,493.03,487.7400000000000,1,1,0.00,2438.70,499.84,456.98,7.89,504.83,463.49,538.61,3,-2.34,0.45502189465019266,0,LOW,No significant price anomaly,PO_PRICE_KMEANS,V1,1.7329910716518928,2026-09-10 12:33:29
4502002353,00050,2026-11-09,3000,US01,P300,V00048,MAT00017,100,EA,USD,115.88,117.4000000000000,1,1,0.00,11740.00,114.70,116.63,-0.64,124.65,98.89,175.20,3,-7.04,0.45236493748711687,0,LOW,No significant price anomaly,PO_PRICE_KMEANS,V1,1.7329910716518928,2026-09-10 12:33:29
4502002309,00050,2026-10-06,2000,IN01,P200,V00042,MAT00053,5,EA,INR,12843.58,12875.7800000000000,1,1,0.00,64378.90,12583.19,12011.82,6.92,12996.58,12582.95,13456.53,3,-1.18,0.45221840252571543,0,LOW,No significant price anomaly,PO_PRICE_KMEANS,V1,1.7329910716518928,2026-09-10 12:33:29
4502002375,00020,2026-12-08,1000,DE02,P100,V00039,MAT00026,50,EA,EUR,117.04,114.4900000000000,1,1,0.00,5724.50,114.65,112.56,3.98,112.79,90.91,126.76,3,3.77,0.45158644274215975,0,LOW,No significant price anomaly,PO_PRICE_KMEANS,V1,1.7329910716518928,2026-09-10 12:33:29
4502002323,00020,2026-11-09,1000,DE01,P100,V00013,MAT00014,15,EA,EUR,73.99,75.7200000000000,1,1,0.00,1135.80,76.90,69.04,7.17,74.43,72.40,79.15,3,-0.59,0.45078366545011295,0,LOW,No significant price anomaly,PO_PRICE_KMEANS,V1,1.7329910716518928,2026-09-10 12:33:29
4502002192,00040,2026-07-03,3000,US01,P300,V00034,MAT00010,50,EA,USD,109.19,111.1400000000000,1,1,0.00,5557.00,109.44,103.50,5.5,105.49,98.09,113.15,3,3.51,0.45045800878866027,0,LOW,No significant price anomaly,PO_PRICE_KMEANS,V1,1.7329910716518928,2026-09-10 12:33:29
4502002236,00040,2026-08-04,3000,US01,P300,V00037,MAT00034,5,EA,USD,596.61,607.5100000000000,1,1,0.00,3037.55,613.91,578.30,3.17,570.91,522.18,617.54,3,4.5,0.4502394370635431,0,LOW,No significant price anomaly,PO_PRICE_KMEANS,V1,1.7329910716518928,2026-09-10 12:33:29
4502002162,00040,2026-07-03,1000,DE01,P100,V00001,MAT00010,8,EA,EUR,91.61,92.2400000000000,1,1,0.00,737.92,90.88,86.23,6.24,97.08,88.18,110.73,3,-5.63,0.4494067075082794,0,LOW,No significant price anomaly,PO_PRICE_KMEANS,V1,1.7329910716518928,2026-09-10 12:33:29
4502002391,00020,2026-12-08,3000,US01,P300,V00037,MAT00002,75,EA,USD,179.83,179.5500000000000,1,1,0.00,13466.25,178.05,167.90,7.11,187.65,158.34,262.65,3,-4.17,0.4488525976041489,0,LOW,No significant price anomaly,PO_PRICE_KMEANS,V1,1.7329910716518928,2026-09-10 12:33:29
4502002328,00060,2026-11-09,1000,DE01,P100,V00005,MAT00048,5,EA,EUR,465.35,473.4600000000000,1,1,0.00,2367.30,467.88,452.87,2.76,443.37,409.15,492.19,3,4.96,0.4484266207547343,0,LOW,No significant price anomaly,PO_PRICE_KMEANS,V1,1.7329910716518928,2026-09-10 12:33:29
4502002219,00030,2026-08-04,1000,DE02,P100,V00025,MAT00051,75,EA,EUR,307.46,309.1100000000000,1,1,0.00,23183.25,309.13,286.06,7.48,312.05,289.58,387.04,3,-1.47,0.44827382756778344,0,LOW,No significant price anomaly,PO_PRICE_KMEANS,V1,1.7329910716518928,2026-09-10 12:33:29
4502002185,00050,2026-07-03,2000,IN01,P200,V00025,MAT00029,40,EA,INR,51392.63,51819.9500000000000,1,1,0.00,2072798.00,51941.38,49980.86,2.82,49990.79,49078.24,51683.87,3,2.8,0.44759828560919396,0,LOW,No significant price anomaly,PO_PRICE_KMEANS,V1,1.7329910716518928,2026-09-10 12:33:29
4502002248,00030,2026-09-07,1000,DE01,P100,V00037,MAT00045,20,EA,EUR,453.36,462.7800000000000,1,1,0.00,9255.60,460.57,437.44,3.64,433.89,405.61,467.51,3,4.49,0.44748220604086575,0,LOW,No significant price anomaly,PO_PRICE_KMEANS,V1,1.7329910716518928,2026-09-10 12:33:29
4502002383,00060,2026-12-08,2000,IN01,P200,V00026,MAT00018,8,EA,INR,15823.06,15438.8000000000000,1,1,0.00,123510.40,16931.19,15393.52,2.79,15784.78,14930.78,16701.60,3,0.24,0.4470634545459996,0,LOW,No significant price anomaly,PO_PRICE_KMEANS,V1,1.7329910716518928,2026-09-10 12:33:29
4502002189,00040,2026-07-03,2000,IN01,P200,V00039,MAT00052,15,EA,INR,29875.39,29732.9800000000000,1,1,0.00,445994.70,30054.99,27831.09,7.35,30447.11,27283.09,31526.42,3,-1.88,0.44655240684938424,0,LOW,No significant price anomaly,PO_PRICE_KMEANS,V1,1.7329910716518928,2026-09-10 12:33:29
4502002203,00010,2026-08-04,1000,DE01,P100,V00010,MAT00013,20,EA,EUR,219.56,223.3700000000000,1,1,0.00,4467.40,222.07,211.19,3.96,237.29,194.39,296.45,3,-7.47,0.4463311880099077,0,LOW,No significant price anomaly,PO_PRICE_KMEANS,V1,1.7329910716518928,2026-09-10 12:33:29
4502002211,00010,2026-08-04,1000,DE02,P100,V00033,MAT00001,5,EA,EUR,463.26,471.6300000000000,1,1,0.00,2358.15,465.51,441.04,5.04,488.15,464.67,526.45,3,-5.1,0.446201974713767,0,LOW,No significant price anomaly,PO_PRICE_KMEANS,V1,1.7329910716518928,2026-09-10 12:33:29
4502002344,00010,2026-11-09,2000,IN01,P200,V00029,MAT00019,8,EA,INR,13037.84,13240.7300000000000,1,1,0.00,105925.84,13546.90,12774.86,2.06,12528.75,11777.75,13664.52,3,4.06,0.4458667597146499,0,LOW,No significant price anomaly,PO_PRICE_KMEANS,V1,1.7329910716518928,2026-09-10 12:33:29
4502002344,00030,2026-11-09,2000,IN01,P200,V00001,MAT00021,40,EA,INR,38777.57,39153.9700000000000,1,1,0.00,1566158.80,38722.41,36619.11,5.89,38050.78,37483.76,39231.25,3,1.91,0.44519497600169794,0,LOW,No significant price anomaly,PO_PRICE_KMEANS,V1,1.7329910716518928,2026-09-10 12:33:29
4502002394,00060,2026-12-08,3000,US01,P300,V00021,MAT00024,600,EA,USD,383.10,378.5500000000000,1,1,0.00,227130.00,371.68,364.31,5.16,402.45,349.15,432.27,3,-4.81,0.4446748724781573,0,LOW,No significant price anomaly,PO_PRICE_KMEANS,V1,1.7329910716518928,2026-09-10 12:33:29
4502002195,00050,2026-07-03,3000,US01,P300,V00036,MAT00029,40,EA,USD,586.00,595.8400000000000,1,1,0.00,23833.60,607.48,558.86,4.86,617.67,576.82,670.54,3,-5.13,0.44412547802685054,0,LOW,No significant price anomaly,PO_PRICE_KMEANS,V1,1.7329910716518928,2026-09-10 12:33:29
4502002323,00040,2026-11-09,1000,DE01,P100,V00005,MAT00016,50,EA,EUR,162.69,165.4200000000000,1,1,0.00,8271.00,168.14,161.50,0.74,156.36,145.60,170.63,3,4.05,0.4440134413088021,0,LOW,No significant price anomaly,PO_PRICE_KMEANS,V1,1.7329910716518928,2026-09-10 12:33:29
4502002369,00050,2026-12-08,1000,DE01,P100,V00034,MAT00053,50,EA,EUR,156.19,158.8600000000000,1,1,0.00,7943.00,160.84,148.87,4.92,150.49,139.01,162.43,3,3.79,0.4439879940673986,0,LOW,No significant price anomaly,PO_PRICE_KMEANS,V1,1.7329910716518928,2026-09-10 12:33:29
4502002310,00020,2026-10-06,2000,IN01,P200,V00044,MAT00056,40,EA,INR,41679.04,41077.4700000000000,1,1,0.00,1643098.80,41267.72,39434.96,5.69,43791.31,41255.16,47340.06,3,-4.82,0.44395886598109885,0,LOW,No significant price anomaly,PO_PRICE_KMEANS,V1,1.7329910716518928,2026-09-10 12:33:29
4502002376,00020,2026-12-08,1000,DE02,P100,V00023,MAT00032,100,EA,EUR,341.60,341.7500000000000,1,1,0.00,34175.00,336.58,339.17,0.72,356.23,343.38,371.96,3,-4.11,0.44356980205153484,0,LOW,No significant price anomaly,PO_PRICE_KMEANS,V1,1.7329910716518928,2026-09-10 12:33:29
4502002285,00020,2026-10-06,1000,DE01,P100,V00042,MAT00026,25,EA,EUR,109.19,109.0900000000000,1,1,0.00,2727.25,107.27,105.48,3.52,116.50,108.06,126.31,3,-6.27,0.4434145579745322,0,LOW,No significant price anomaly,PO_PRICE_KMEANS,V1,1.7329910716518928,2026-09-10 12:33:29
4502002347,00050,2026-11-09,2000,IN01,P200,V00013,MAT00041,100,EA,INR,34483.66,34894.9900000000000,1,1,0.00,3489499.00,34133.08,33752.99,2.16,37318.38,33047.31,49321.16,3,-7.6,0.44265809379061916,0,LOW,No significant price anomaly,PO_PRICE_KMEANS,V1,1.7329910716518928,2026-09-10 12:33:29
4502002165,00040,2026-07-03,1000,DE01,P100,V00041,MAT00028,15,EA,EUR,329.34,329.2900000000000,1,1,0.00,4939.35,333.62,307.13,7.23,338.26,300.93,367.07,3,-2.64,0.441633843199308,0,LOW,No significant price anomaly,PO_PRICE_KMEANS,V1,1.7329910716518928,2026-09-10 12:33:29
4502002270,00060,2026-09-07,2000,IN01,P200,V00029,MAT00060,25,EA,INR,50298.98,49354.4400000000000,1,1,0.00,1233861.00,48146.53,48782.59,3.11,52242.76,47622.16,54878.01,3,-3.72,0.4411630139540749,0,LOW,No significant price anomaly,PO_PRICE_KMEANS,V1,1.7329910716518928,2026-09-10 12:33:29
4502002175,00010,2026-07-03,1000,DE02,P100,V00002,MAT00025,75,EA,EUR,298.10,304.8000000000000,1,1,0.00,22860.00,308.63,282.07,5.68,290.89,225.75,333.11,3,2.48,0.4410936862147232,0,LOW,No significant price anomaly,PO_PRICE_KMEANS,V1,1.7329910716518928,2026-09-10 12:33:29
4502002327,00030,2026-11-09,1000,DE01,P100,V00019,MAT00039,40,EA,EUR,518.89,519.3400000000000,1,1,0.00,20773.60,528.98,481.07,7.86,517.75,497.78,544.16,3,0.22,0.44028450735858315,0,LOW,No significant price anomaly,PO_PRICE_KMEANS,V1,1.7329910716518928,2026-09-10 12:33:29
4502002203,00050,2026-08-04,1000,DE01,P100,V00022,MAT00017,8,EA,EUR,107.54,109.6700000000000,1,1,0.00,877.36,111.45,102.69,4.72,104.16,96.85,111.37,3,3.25,0.43980806574714293,0,LOW,No significant price anomaly,PO_PRICE_KMEANS,V1,1.7329910716518928,2026-09-10 12:33:29
4502002319,00050,2026-10-06,3000,US01,P300,V00005,MAT00053,40,EA,USD,164.36,167.6700000000000,1,1,0.00,6706.80,169.91,155.61,5.62,159.79,148.52,175.08,3,2.86,0.4393343562585872,0,LOW,No significant price anomaly,PO_PRICE_KMEANS,V1,1.7329910716518928,2026-09-10 12:33:29
4502002351,00020,2026-11-09,3000,US01,P300,V00010,MAT00002,20,EA,USD,179.41,178.5000000000000,1,1,0.00,3570.00,179.01,167.49,7.12,182.64,155.35,262.65,3,-1.77,0.43788867128502335,0,LOW,No significant price anomaly,PO_PRICE_KMEANS,V1,1.7329910716518928,2026-09-10 12:33:29
4502002220,00020,2026-08-04,1000,DE02,P100,V00047,MAT00056,75,EA,EUR,466.37,471.9700000000000,0,0,0.00,0.00,464.10,464.03,0.5,494.36,468.44,523.87,3,-5.66,0.43645657625940293,0,LOW,No significant price anomaly,PO_PRICE_KMEANS,V1,1.7329910716518928,2026-09-10 12:33:29
4502002275,00030,2026-09-07,3000,US01,P300,V00030,MAT00027,25,EA,USD,353.98,358.8600000000000,1,1,0.00,8971.50,361.43,336.93,5.06,373.99,353.10,407.68,3,-5.35,0.43633239433787213,0,LOW,No significant price anomaly,PO_PRICE_KMEANS,V1,1.7329910716518928,2026-09-10 12:33:29
4502002366,00040,2026-12-08,1000,DE01,P100,V00004,MAT00034,50,EA,EUR,560.56,567.1800000000000,1,1,0.00,28359.00,572.23,533.79,5.02,548.32,533.72,560.61,3,2.23,0.43602984198628364,0,LOW,No significant price anomaly,PO_PRICE_KMEANS,V1,1.7329910716518928,2026-09-10 12:33:29
4502002307,00010,2026-10-06,2000,IN01,P200,V00042,MAT00037,50,EA,INR,25535.83,25090.5100000000000,1,1,0.00,1254525.50,25380.96,23832.39,7.15,25412.33,24359.91,27140.73,3,0.49,0.4353090397859111,0,LOW,No significant price anomaly,PO_PRICE_KMEANS,V1,1.7329910716518928,2026-09-10 12:33:29
4502002396,00020,2026-12-08,3000,US01,P300,V00045,MAT00032,100,EA,USD,397.29,403.8400000000000,1,1,0.00,40384.00,402.15,378.04,5.09,419.11,389.37,440.21,3,-5.21,0.4349641855384314,0,LOW,No significant price anomaly,PO_PRICE_KMEANS,V1,1.7329910716518928,2026-09-10 12:33:29
4502002391,00040,2026-12-08,3000,US01,P300,V00009,MAT00004,40,EA,USD,407.00,399.4700000000000,1,1,0.00,15978.80,395.00,387.30,5.09,428.49,366.78,594.91,3,-5.02,0.4337111324177788,0,LOW,No significant price anomaly,PO_PRICE_KMEANS,V1,1.7329910716518928,2026-09-10 12:33:29
4502002331,00040,2026-11-09,1000,DE02,P100,V00028,MAT00004,20,EA,EUR,407.65,411.0100000000000,1,1,0.00,8220.20,402.32,382.96,6.45,428.01,352.45,618.31,3,-4.76,0.4332939675765231,0,LOW,No significant price anomaly,PO_PRICE_KMEANS,V1,1.7329910716518928,2026-09-10 12:33:29
4502002346,00050,2026-11-09,2000,IN01,P200,V00029,MAT00035,50,EA,INR,12788.48,13045.6300000000000,1,1,0.00,652281.50,12792.47,12161.27,5.16,12414.45,11960.84,13212.41,3,3.01,0.4327410468127174,0,LOW,No significant price anomaly,PO_PRICE_KMEANS,V1,1.7329910716518928,2026-09-10 12:33:29
4502002366,00010,2026-12-08,1000,DE01,P100,V00002,MAT00031,25,EA,EUR,216.57,212.0900000000000,1,1,0.00,5302.25,216.93,211.04,2.62,209.63,200.53,221.23,3,3.31,0.4327246613228178,0,LOW,No significant price anomaly,PO_PRICE_KMEANS,V1,1.7329910716518928,2026-09-10 12:33:29
4502002274,00060,2026-09-07,3000,US01,P300,V00028,MAT00024,40,EA,USD,406.39,406.9400000000000,1,1,0.00,16277.60,413.15,387.59,4.85,434.82,371.68,549.90,3,-6.54,0.4324958896641988,0,LOW,No significant price anomaly,PO_PRICE_KMEANS,V1,1.7329910716518928,2026-09-10 12:33:29
4502002249,00030,2026-09-07,1000,DE01,P100,V00021,MAT00051,8,EA,EUR,297.80,297.5700000000000,1,1,0.00,2380.56,295.26,276.26,7.8,301.50,269.40,326.22,3,-1.23,0.43157513959924343,0,LOW,No significant price anomaly,PO_PRICE_KMEANS,V1,1.7329910716518928,2026-09-10 12:33:29
4502002299,00040,2026-10-06,1000,DE02,P100,V00021,MAT00052,75,EA,EUR,323.13,328.5000000000000,1,1,0.00,24637.50,331.59,306.63,5.38,313.51,300.67,351.03,3,3.07,0.4314545593242359,0,LOW,No significant price anomaly,PO_PRICE_KMEANS,V1,1.7329910716518928,2026-09-10 12:33:29
4502002385,00050,2026-12-08,2000,IN01,P200,V00032,MAT00029,50,EA,INR,49246.03,50507.1500000000000,1,1,0.00,2525357.50,50236.85,49388.48,-0.29,50718.19,49589.57,52578.32,3,-2.9,0.43123130050614833,0,LOW,No significant price anomaly,PO_PRICE_KMEANS,V1,1.7329910716518928,2026-09-10 12:33:29
4502002241,00040,2026-09-07,1000,DE01,P100,V00031,MAT00004,20,EA,EUR,360.49,360.7300000000000,1,1,0.00,7214.60,368.10,336.23,7.22,360.75,342.72,381.55,3,-0.07,0.43046316182643946,0,LOW,No significant price anomaly,PO_PRICE_KMEANS,V1,1.7329910716518928,2026-09-10 12:33:29
4502002244,00050,2026-09-07,1000,DE01,P100,V00033,MAT00023,50,EA,EUR,490.64,490.4500000000000,1,1,0.00,24522.50,501.76,461.66,6.28,503.38,483.16,520.65,3,-2.53,0.4300852445086714,0,LOW,No significant price anomaly,PO_PRICE_KMEANS,V1,1.7329910716518928,2026-09-10 12:33:29
4502002221,00020,2026-08-04,2000,IN01,P200,V00026,MAT00002,40,EA,INR,14133.61,14426.7900000000000,1,1,0.00,577071.60,14564.66,13983.37,1.07,14800.88,14286.96,15525.79,3,-4.51,0.42712835964497137,0,LOW,No significant price anomaly,PO_PRICE_KMEANS,V1,1.7329910716518928,2026-09-10 12:33:29
4502002394,00030,2026-12-08,3000,US01,P300,V00019,MAT00021,5,EA,USD,467.70,477.8900000000000,1,1,0.00,2389.45,488.25,449.13,4.13,491.92,431.51,513.88,3,-4.92,0.4259057139475352,0,LOW,No significant price anomaly,PO_PRICE_KMEANS,V1,1.7329910716518928,2026-09-10 12:33:29
4502002396,00060,2026-12-08,3000,US01,P300,V00009,MAT00036,40,EA,USD,274.73,281.0600000000000,1,1,0.00,11242.40,282.57,267.89,2.55,267.64,258.80,273.82,3,2.65,0.4255095321012143,0,LOW,No significant price anomaly,PO_PRICE_KMEANS,V1,1.7329910716518928,2026-09-10 12:33:29
4502002191,00030,2026-07-03,3000,US01,P300,V00040,MAT00003,15,EA,USD,128.33,129.1000000000000,1,1,0.00,1936.50,128.73,120.30,6.67,134.68,115.44,196.03,3,-4.71,0.4253102334082521,0,LOW,No significant price anomaly,PO_PRICE_KMEANS,V1,1.7329910716518928,2026-09-10 12:33:29
4502002192,00030,2026-07-03,3000,US01,P300,V00024,MAT00009,8,EA,USD,133.26,133.0500000000000,1,1,0.00,1064.40,136.15,124.11,7.37,132.20,123.58,140.74,3,0.8,0.4236631271771184,0,LOW,No significant price anomaly,PO_PRICE_KMEANS,V1,1.7329910716518928,2026-09-10 12:33:29
4502002301,00030,2026-10-06,2000,IN01,P200,V00002,MAT00003,10,EA,INR,10129.23,9923.7400000000000,1,1,0.00,99237.40,10136.42,9460.20,7.07,10207.22,9755.29,10666.25,3,-0.76,0.42309629728736375,0,LOW,No significant price anomaly,PO_PRICE_KMEANS,V1,1.7329910716518928,2026-09-10 12:33:29
4502002357,00060,2026-11-09,3000,US01,P300,V00034,MAT00042,8,EA,USD,394.04,399.2600000000000,1,1,0.00,3194.08,406.50,374.53,5.21,382.30,356.01,427.53,3,3.07,0.4228439516041937,0,LOW,No significant price anomaly,PO_PRICE_KMEANS,V1,1.7329910716518928,2026-09-10 12:33:29
4502002385,00020,2026-12-08,2000,IN01,P200,V00002,MAT00026,20,EA,INR,10207.50,10189.7100000000000,1,1,0.00,203794.20,10011.43,9711.00,5.11,9917.92,9550.65,10616.48,3,2.92,0.42201166889319314,0,LOW,No significant price anomaly,PO_PRICE_KMEANS,V1,1.7329910716518928,2026-09-10 12:33:29
4502002266,00010,2026-09-07,2000,IN01,P200,V00031,MAT00031,75,EA,INR,20088.48,19720.3200000000000,1,1,0.00,1479024.00,19403.59,18962.50,5.94,20064.72,18556.15,21987.29,3,0.12,0.4214924142840466,0,LOW,No significant price anomaly,PO_PRICE_KMEANS,V1,1.7329910716518928,2026-09-10 12:33:29
4502002389,00040,2026-12-08,2000,IN01,P200,V00046,MAT00052,75,EA,INR,27123.78,27748.2100000000000,1,1,0.00,2081115.75,27604.16,25839.31,4.97,28859.34,19946.67,31526.42,3,-6.01,0.42034885386811094,0,LOW,No significant price anomaly,PO_PRICE_KMEANS,V1,1.7329910716518928,2026-09-10 12:33:29
4502002195,00030,2026-07-03,3000,US01,P300,V00016,MAT00027,5,EA,USD,363.86,363.0500000000000,1,1,0.00,1815.25,390.37,354.75,2.57,374.42,350.12,407.68,3,-2.82,0.4195700829024765,0,LOW,No significant price anomaly,PO_PRICE_KMEANS,V1,1.7329910716518928,2026-09-10 12:33:29
4502002260,00020,2026-09-07,1000,DE02,P100,V00006,MAT00056,10,EA,EUR,463.40,470.3300000000000,1,1,0.00,4703.30,470.47,441.28,5.01,488.88,464.10,523.87,3,-5.21,0.4192041758945318,0,LOW,No significant price anomaly,PO_PRICE_KMEANS,V1,1.7329910716518928,2026-09-10 12:33:29
4502002352,00010,2026-11-09,3000,US01,P300,V00004,MAT00007,25,EA,USD,517.90,520.6000000000000,1,1,0.00,13015.00,515.54,489.54,5.79,507.41,495.61,524.37,3,2.07,0.418966307888155,0,LOW,No significant price anomaly,PO_PRICE_KMEANS,V1,1.7329910716518928,2026-09-10 12:33:29
4502002400,00020,2026-12-08,3000,US01,P300,V00021,MAT00056,40,EA,USD,530.20,537.5700000000000,1,1,0.00,21502.80,543.93,493.34,7.47,536.27,477.21,581.22,3,-1.13,0.41888377811579197,0,LOW,No significant price anomaly,PO_PRICE_KMEANS,V1,1.7329910716518928,2026-09-10 12:33:29
4502002325,00060,2026-11-09,1000,DE01,P100,V00013,MAT00030,15,EA,EUR,33.00,32.4700000000000,1,1,0.00,487.05,32.35,32.07,2.9,32.03,31.18,34.07,3,3.03,0.4184953574980144,0,LOW,No significant price anomaly,PO_PRICE_KMEANS,V1,1.7329910716518928,2026-09-10 12:33:29
4502002176,00040,2026-07-03,1000,DE02,P100,V00036,MAT00034,40,EA,EUR,546.43,553.9600000000000,1,1,0.00,22158.40,555.53,539.33,1.32,581.79,535.24,639.54,3,-6.08,0.41774722761826644,0,LOW,No significant price anomaly,PO_PRICE_KMEANS,V1,1.7329910716518928,2026-09-10 12:33:29
4502002333,00020,2026-11-09,1000,DE02,P100,V00024,MAT00014,40,EA,EUR,74.20,74.3100000000000,1,1,0.00,2972.40,75.20,69.61,6.59,73.41,68.96,78.84,3,1.08,0.41679754680300607,0,LOW,No significant price anomaly,PO_PRICE_KMEANS,V1,1.7329910716518928,2026-09-10 12:33:29
4502002285,00030,2026-10-06,1000,DE01,P100,V00004,MAT00027,40,EA,EUR,375.99,375.3100000000000,1,1,0.00,15012.40,374.41,360.09,4.42,362.79,336.31,381.00,3,3.64,0.4160415032968812,0,LOW,No significant price anomaly,PO_PRICE_KMEANS,V1,1.7329910716518928,2026-09-10 12:33:29
4502002181,00030,2026-07-03,2000,IN01,P200,V00029,MAT00003,25,EA,INR,10224.22,10466.4500000000000,1,1,0.00,261661.25,10679.67,9735.69,5.02,10047.32,9676.10,10611.26,3,1.76,0.41477052402973785,0,LOW,No significant price anomaly,PO_PRICE_KMEANS,V1,1.7329910716518928,2026-09-10 12:33:29
4502002342,00030,2026-11-09,2000,IN01,P200,V00013,MAT00009,10,EA,INR,11393.52,11548.3200000000000,1,1,0.00,115483.20,11729.40,11736.67,-2.92,11568.63,11024.55,12686.93,3,-1.51,0.4140377140551994,0,LOW,No significant price anomaly,PO_PRICE_KMEANS,V1,1.7329910716518928,2026-09-10 12:33:29
4502002392,00020,2026-12-08,3000,US01,P300,V00021,MAT00008,40,EA,USD,82.74,83.2100000000000,1,1,0.00,3328.40,82.18,85.44,-3.16,85.36,73.28,100.65,3,-3.07,0.41356513461294375,0,LOW,No significant price anomaly,PO_PRICE_KMEANS,V1,1.7329910716518928,2026-09-10 12:33:29
4502002205,00040,2026-08-04,1000,DE01,P100,V00048,MAT00028,10,EA,EUR,349.74,357.8300000000000,1,1,0.00,3578.30,363.58,343.72,1.75,337.95,301.34,367.07,3,3.49,0.4130849126069931,0,LOW,No significant price anomaly,PO_PRICE_KMEANS,V1,1.7329910716518928,2026-09-10 12:33:29
4502002378,00020,2026-12-08,1000,DE02,P100,V00011,MAT00044,20,EA,EUR,489.51,489.3400000000000,1,1,0.00,9786.80,481.60,458.11,6.85,492.47,471.68,515.37,3,-0.6,0.4127305147359413,0,LOW,No significant price anomaly,PO_PRICE_KMEANS,V1,1.7329910716518928,2026-09-10 12:33:29
4502002314,00010,2026-10-06,3000,US01,P300,V00013,MAT00019,100,EA,USD,155.84,154.7900000000000,1,1,0.00,15479.00,156.84,159.92,-2.55,153.57,150.93,160.70,3,1.48,0.41261078633097253,0,LOW,No significant price anomaly,PO_PRICE_KMEANS,V1,1.7329910716518928,2026-09-10 12:33:29
4502002213,00010,2026-08-04,1000,DE02,P100,V00021,MAT00013,10,EA,EUR,221.16,218.8800000000000,1,1,0.00,2188.80,219.76,207.63,6.52,231.43,193.96,294.38,3,-4.44,0.41212844865887366,0,LOW,No significant price anomaly,PO_PRICE_KMEANS,V1,1.7329910716518928,2026-09-10 12:33:29
4502002226,00040,2026-08-04,2000,IN01,P200,V00026,MAT00034,10,EA,INR,50000.79,48811.9800000000000,1,1,0.00,488119.80,49915.95,47045.88,6.28,49543.65,46990.11,52695.23,3,0.92,0.41187298809782485,0,LOW,No significant price anomaly,PO_PRICE_KMEANS,V1,1.7329910716518928,2026-09-10 12:33:29
4502002199,00010,2026-07-03,3000,US01,P300,V00048,MAT00049,10,EA,USD,485.75,498.0300000000000,1,1,0.00,4980.30,489.90,463.40,4.82,471.32,427.29,509.61,3,3.06,0.4114706935756074,0,LOW,No significant price anomaly,PO_PRICE_KMEANS,V1,1.7329910716518928,2026-09-10 12:33:29
4502002219,00050,2026-08-04,1000,DE02,P100,V00045,MAT00053,20,EA,EUR,146.08,146.2000000000000,1,1,0.00,2924.00,144.28,135.99,7.42,147.83,138.49,158.81,3,-1.18,0.4111788398232416,0,LOW,No significant price anomaly,PO_PRICE_KMEANS,V1,1.7329910716518928,2026-09-10 12:33:29
4502002268,00060,2026-09-07,2000,IN01,P200,V00041,MAT00048,5,EA,INR,40909.78,41188.9300000000000,1,1,0.00,205944.65,40576.06,38538.59,6.15,42886.59,39076.66,45889.84,3,-4.61,0.41065369860006196,0,LOW,No significant price anomaly,PO_PRICE_KMEANS,V1,1.7329910716518928,2026-09-10 12:33:29
4502002352,00030,2026-11-09,3000,US01,P300,V00024,MAT00009,5,EA,USD,133.72,133.0500000000000,1,1,0.00,665.25,133.26,124.76,7.18,132.48,121.55,141.26,3,0.94,0.41031187470806807,0,LOW,No significant price anomaly,PO_PRICE_KMEANS,V1,1.7329910716518928,2026-09-10 12:33:29
4502002278,00060,2026-09-07,3000,US01,P300,V00004,MAT00048,40,EA,USD,516.73,518.8800000000000,1,1,0.00,20755.20,519.73,484.20,6.72,506.59,463.49,538.61,3,2.0,0.40870421052957717,0,LOW,No significant price anomaly,PO_PRICE_KMEANS,V1,1.7329910716518928,2026-09-10 12:33:29
4502002231,00040,2026-08-04,3000,US01,P300,V00009,MAT00004,50,EA,USD,395.00,399.4700000000000,1,1,0.00,19973.50,390.84,386.71,2.14,382.65,366.78,398.57,3,3.23,0.4073443379115371,0,LOW,No significant price anomaly,PO_PRICE_KMEANS,V1,1.7329910716518928,2026-09-10 12:33:29
4502002162,00020,2026-07-03,1000,DE01,P100,V00029,MAT00008,75,EA,EUR,75.42,75.8500000000000,1,1,0.00,5688.75,76.54,70.53,6.93,76.52,68.98,83.86,3,-1.44,0.4063319818286903,0,LOW,No significant price anomaly,PO_PRICE_KMEANS,V1,1.7329910716518928,2026-09-10 12:33:29
4502002266,00040,2026-09-07,2000,IN01,P200,V00033,MAT00034,75,EA,INR,49650.82,48640.7700000000000,1,1,0.00,3648057.75,48729.36,46795.62,6.1,49242.08,46990.11,51929.12,3,0.83,0.4062150072413341,0,LOW,No significant price anomaly,PO_PRICE_KMEANS,V1,1.7329910716518928,2026-09-10 12:33:29
4502002279,00040,2026-09-07,3000,US01,P300,V00016,MAT00052,75,EA,USD,338.85,331.0400000000000,1,1,0.00,24828.00,335.04,321.52,5.39,335.00,325.98,343.49,3,1.15,0.40360757119977186,0,LOW,No significant price anomaly,PO_PRICE_KMEANS,V1,1.7329910716518928,2026-09-10 12:33:29
4502002339,00030,2026-11-09,1000,DE02,P100,V00018,MAT00051,50,EA,EUR,294.69,296.6300000000000,1,1,0.00,14831.50,297.14,291.92,0.95,315.99,287.58,387.04,3,-6.74,0.40352937272996753,0,LOW,No significant price anomaly,PO_PRICE_KMEANS,V1,1.7329910716518928,2026-09-10 12:33:29
4502002220,00060,2026-08-04,1000,DE02,P100,V00011,MAT00060,75,EA,EUR,529.58,539.7800000000000,1,1,0.00,40483.50,541.11,503.32,5.22,542.93,525.66,559.53,3,-2.46,0.4007285735755302,0,LOW,No significant price anomaly,PO_PRICE_KMEANS,V1,1.7329910716518928,2026-09-10 12:33:29
4502002185,00030,2026-07-03,2000,IN01,P200,V00005,MAT00027,10,EA,INR,34482.59,34466.4800000000000,1,1,0.00,344664.80,34324.54,33393.65,3.26,33438.11,32251.10,35018.31,3,3.12,0.400364587977923,0,LOW,No significant price anomaly,PO_PRICE_KMEANS,V1,1.7329910716518928,2026-09-10 12:33:29
4502002363,00060,2026-12-08,1000,DE01,P100,V00004,MAT00018,5,EA,EUR,180.27,179.4000000000000,1,1,0.00,897.00,177.78,171.89,4.88,175.93,167.77,181.32,3,2.47,0.4002563796123516,0,LOW,No significant price anomaly,PO_PRICE_KMEANS,V1,1.7329910716518928,2026-09-10 12:33:29
4502002215,00040,2026-08-04,1000,DE02,P100,V00011,MAT00028,75,EA,EUR,332.81,340.4000000000000,1,1,0.00,25530.00,340.03,318.57,4.47,344.28,333.56,360.96,3,-3.33,0.4000649604976412,0,LOW,No significant price anomaly,PO_PRICE_KMEANS,V1,1.7329910716518928,2026-09-10 12:33:29
4502002224,00030,2026-08-04,2000,IN01,P200,V00008,MAT00021,15,EA,INR,37988.95,38509.2300000000000,1,1,0.00,577638.45,38823.44,35899.42,5.82,38698.61,37856.49,39673.65,3,-1.83,0.3988246685134163,0,LOW,No significant price anomaly,PO_PRICE_KMEANS,V1,1.7329910716518928,2026-09-10 12:33:29
4502002320,00060,2026-10-06,3000,US01,P300,V00019,MAT00060,75,EA,USD,578.66,583.5000000000000,1,1,0.00,43762.50,581.09,542.29,6.71,587.55,567.53,615.74,3,-1.51,0.39595738968606337,0,LOW,No significant price anomaly,PO_PRICE_KMEANS,V1,1.7329910716518928,2026-09-10 12:33:29
4502002278,00040,2026-09-07,3000,US01,P300,V00032,MAT00046,10,EA,USD,412.94,415.6300000000000,1,1,0.00,4156.30,415.70,387.86,6.47,429.42,367.12,529.52,3,-3.84,0.3958362985437525,0,LOW,No significant price anomaly,PO_PRICE_KMEANS,V1,1.7329910716518928,2026-09-10 12:33:29
4502002369,00040,2026-12-08,1000,DE01,P100,V00024,MAT00052,20,EA,EUR,317.33,318.1500000000000,1,1,0.00,6363.00,312.39,297.66,6.61,317.27,295.64,339.20,3,0.02,0.39526039589504575,0,LOW,No significant price anomaly,PO_PRICE_KMEANS,V1,1.7329910716518928,2026-09-10 12:33:29
4502002218,00020,2026-08-04,1000,DE02,P100,V00011,MAT00044,20,EA,EUR,481.60,489.3400000000000,1,1,0.00,9786.80,491.97,456.30,5.54,496.89,479.70,519.72,3,-3.08,0.39408815436048256,0,LOW,No significant price anomaly,PO_PRICE_KMEANS,V1,1.7329910716518928,2026-09-10 12:33:29
4502002360,00030,2026-11-09,3000,US01,P300,V00024,MAT00057,8,EA,USD,397.73,407.7400000000000,1,1,0.00,3261.92,400.56,371.87,6.95,399.07,372.21,420.15,3,-0.34,0.393656535292383,0,LOW,No significant price anomaly,PO_PRICE_KMEANS,V1,1.7329910716518928,2026-09-10 12:33:29
4502002318,00030,2026-10-06,3000,US01,P300,V00029,MAT00045,5,EA,USD,493.08,485.5700000000000,1,1,0.00,2427.85,494.03,463.77,6.32,485.97,442.37,532.11,3,1.46,0.3936182648532195,0,LOW,No significant price anomaly,PO_PRICE_KMEANS,V1,1.7329910716518928,2026-09-10 12:33:29
4502002386,00040,2026-12-08,2000,IN01,P200,V00026,MAT00034,15,EA,INR,47959.90,48811.9800000000000,1,1,0.00,732179.70,50000.79,47256.95,1.49,46488.08,29974.43,53511.62,3,3.17,0.3914285651346986,0,LOW,No significant price anomaly,PO_PRICE_KMEANS,V1,1.7329910716518928,2026-09-10 12:33:29
4502002164,00050,2026-07-03,1000,DE01,P100,V00019,MAT00023,15,EA,EUR,503.90,507.2900000000000,1,1,0.00,7609.35,505.19,472.36,6.68,504.88,483.16,535.37,3,-0.19,0.3907106565657527,0,LOW,No significant price anomaly,PO_PRICE_KMEANS,V1,1.7329910716518928,2026-09-10 12:33:29
4502002326,00040,2026-11-09,1000,DE01,P100,V00025,MAT00034,40,EA,EUR,552.24,565.5700000000000,1,1,0.00,22622.80,560.61,518.95,6.41,546.89,533.48,572.23,3,0.98,0.3904366500246489,0,LOW,No significant price anomaly,PO_PRICE_KMEANS,V1,1.7329910716518928,2026-09-10 12:33:29
4502002225,00040,2026-08-04,2000,IN01,P200,V00022,MAT00028,5,EA,INR,33155.48,33642.6200000000000,1,1,0.00,168213.10,34188.05,31644.85,4.77,32165.48,17039.47,46281.67,3,3.08,0.3900987139839382,0,LOW,No significant price anomaly,PO_PRICE_KMEANS,V1,1.7329910716518928,2026-09-10 12:33:29
4502002325,00010,2026-11-09,1000,DE01,P100,V00039,MAT00025,8,EA,EUR,318.00,317.1100000000000,1,1,0.00,2536.88,311.15,299.07,6.33,322.94,297.42,342.37,3,-1.53,0.3884373953399264,0,LOW,No significant price anomaly,PO_PRICE_KMEANS,V1,1.7329910716518928,2026-09-10 12:33:29
4502002194,00050,2026-07-03,3000,US01,P300,V00004,MAT00023,50,EA,USD,564.61,575.5800000000000,1,1,0.00,28779.00,576.45,534.61,5.61,558.25,538.75,575.78,3,1.14,0.38700179928426187,0,LOW,No significant price anomaly,PO_PRICE_KMEANS,V1,1.7329910716518928,2026-09-10 12:33:29
4502002232,00030,2026-08-04,3000,US01,P300,V00031,MAT00009,5,EA,USD,132.00,129.6100000000000,1,1,0.00,648.05,129.89,124.19,6.29,132.11,123.58,140.74,3,-0.08,0.3861914614587553,0,LOW,No significant price anomaly,PO_PRICE_KMEANS,V1,1.7329910716518928,2026-09-10 12:33:29
4502002220,00040,2026-08-04,1000,DE02,P100,V00039,MAT00058,40,EA,EUR,253.53,256.5300000000000,1,1,0.00,10261.20,254.69,237.96,6.54,252.31,194.35,280.18,3,0.48,0.3857700435346939,0,LOW,No significant price anomaly,PO_PRICE_KMEANS,V1,1.7329910716518928,2026-09-10 12:33:29
4502002248,00050,2026-09-07,1000,DE01,P100,V00009,MAT00047,100,EA,EUR,42.01,42.8200000000000,1,1,0.00,4282.00,42.87,40.01,5.0,41.26,39.72,42.15,3,1.82,0.3847072058583781,0,LOW,No significant price anomaly,PO_PRICE_KMEANS,V1,1.7329910716518928,2026-09-10 12:33:29
4502002228,00030,2026-08-04,2000,IN01,P200,V00032,MAT00045,75,EA,INR,41887.39,42261.9000000000000,1,1,0.00,3169642.50,43123.42,39366.19,6.4,42054.17,41001.52,43077.54,3,-0.4,0.38454358236960384,0,LOW,No significant price anomaly,PO_PRICE_KMEANS,V1,1.7329910716518928,2026-09-10 12:33:29
4502002274,00010,2026-09-07,3000,US01,P300,V00006,MAT00019,5,EA,USD,151.22,149.1700000000000,1,1,0.00,745.85,152.39,146.50,3.22,156.89,150.93,163.36,3,-3.61,0.38371341620884686,0,LOW,No significant price anomaly,PO_PRICE_KMEANS,V1,1.7329910716518928,2026-09-10 12:33:29
4502002184,00030,2026-07-03,2000,IN01,P200,V00001,MAT00021,25,EA,INR,38722.41,39153.9700000000000,1,1,0.00,978849.25,39673.65,36457.31,6.21,38469.34,37856.49,39231.25,3,0.66,0.38276004672876973,0,LOW,No significant price anomaly,PO_PRICE_KMEANS,V1,1.7329910716518928,2026-09-10 12:33:29
4502002256,00020,2026-09-07,1000,DE02,P100,V00030,MAT00032,15,EA,EUR,343.38,347.6900000000000,1,1,0.00,5215.35,345.98,321.19,6.91,347.78,336.58,361.42,3,-1.27,0.3826012223646854,0,LOW,No significant price anomaly,PO_PRICE_KMEANS,V1,1.7329910716518928,2026-09-10 12:33:29
4502002365,00040,2026-12-08,1000,DE01,P100,V00048,MAT00028,75,EA,EUR,352.47,357.8300000000000,1,1,0.00,26837.25,349.74,344.15,2.42,339.41,310.77,367.07,3,3.85,0.38256039757030336,0,LOW,No significant price anomaly,PO_PRICE_KMEANS,V1,1.7329910716518928,2026-09-10 12:33:29
4502002218,00010,2026-08-04,1000,DE02,P100,V00001,MAT00043,20,EA,EUR,459.71,469.9500000000000,1,1,0.00,9399.00,465.70,443.50,3.66,485.44,446.39,534.93,3,-5.3,0.3816316357042479,0,LOW,No significant price anomaly,PO_PRICE_KMEANS,V1,1.7329910716518928,2026-09-10 12:33:29
4502002252,00050,2026-09-07,1000,DE02,P100,V00008,MAT00011,50,EA,EUR,364.91,368.9000000000000,1,1,0.00,18445.00,363.36,343.84,6.13,376.28,357.75,414.10,3,-3.02,0.38157597572964436,0,LOW,No significant price anomaly,PO_PRICE_KMEANS,V1,1.7329910716518928,2026-09-10 12:33:29
4502002386,00010,2026-12-08,2000,IN01,P200,V00024,MAT00031,40,EA,INR,20111.46,20242.7100000000000,1,1,0.00,809708.40,20401.50,20744.53,-3.05,20410.91,18556.15,22266.58,3,-1.47,0.38117434237451947,0,LOW,No significant price anomaly,PO_PRICE_KMEANS,V1,1.7329910716518928,2026-09-10 12:33:29
4502002195,00040,2026-07-03,3000,US01,P300,V00026,MAT00028,20,EA,USD,362.81,357.0100000000000,1,1,0.00,7140.20,349.62,360.27,0.71,372.73,350.80,389.22,3,-2.66,0.3810639501466857,0,LOW,No significant price anomaly,PO_PRICE_KMEANS,V1,1.7329910716518928,2026-09-10 12:33:29
4502002362,00060,2026-12-08,1000,DE01,P100,V00048,MAT00012,75,EA,EUR,454.82,466.1400000000000,1,1,0.00,34960.50,468.45,443.18,2.63,440.71,395.88,478.02,3,3.2,0.3802645817467422,0,LOW,No significant price anomaly,PO_PRICE_KMEANS,V1,1.7329910716518928,2026-09-10 12:33:29
4502002393,00040,2026-12-08,3000,US01,P300,V00045,MAT00016,8,EA,USD,169.49,170.4100000000000,1,1,0.00,1363.28,166.56,171.83,-1.36,176.27,162.87,186.80,3,-3.85,0.37980564757149826,0,LOW,No significant price anomaly,PO_PRICE_KMEANS,V1,1.7329910716518928,2026-09-10 12:33:29
4502002316,00010,2026-10-06,3000,US01,P300,V00001,MAT00031,100,EA,USD,230.94,235.5200000000000,1,1,0.00,23552.00,238.90,223.18,3.48,244.46,223.33,306.84,3,-5.53,0.3789733271255759,0,LOW,No significant price anomaly,PO_PRICE_KMEANS,V1,1.7329910716518928,2026-09-10 12:33:29
4502002378,00010,2026-12-08,1000,DE02,P100,V00001,MAT00043,100,EA,EUR,469.13,469.9500000000000,1,1,0.00,46995.00,459.71,444.66,5.5,488.90,456.33,534.93,3,-4.04,0.37874810842044043,0,LOW,No significant price anomaly,PO_PRICE_KMEANS,V1,1.7329910716518928,2026-09-10 12:33:29
4502002278,00010,2026-09-07,3000,US01,P300,V00030,MAT00043,10,EA,USD,485.57,487.6800000000000,1,1,0.00,4876.80,486.92,458.50,5.9,501.41,478.44,538.61,3,-3.16,0.3780481608639406,0,LOW,No significant price anomaly,PO_PRICE_KMEANS,V1,1.7329910716518928,2026-09-10 12:33:29
4502002283,00030,2026-10-06,1000,DE01,P100,V00016,MAT00015,8,EA,EUR,386.58,385.7000000000000,1,1,0.00,3085.60,377.97,369.79,4.54,394.55,381.24,401.48,3,-2.02,0.37638430111415416,0,LOW,No significant price anomaly,PO_PRICE_KMEANS,V1,1.7329910716518928,2026-09-10 12:33:29
4502002208,00050,2026-08-04,1000,DE01,P100,V00002,MAT00047,25,EA,EUR,41.38,41.8500000000000,1,1,0.00,1046.25,42.15,38.95,6.24,41.59,39.72,42.87,3,-0.5,0.3757492789116286,0,LOW,No significant price anomaly,PO_PRICE_KMEANS,V1,1.7329910716518928,2026-09-10 12:33:29
4502002360,00060,2026-11-09,3000,US01,P300,V00026,MAT00060,40,EA,USD,574.39,566.1200000000000,1,1,0.00,22644.80,570.18,545.10,5.37,589.86,567.53,615.74,3,-2.62,0.3755642405493776,0,LOW,No significant price anomaly,PO_PRICE_KMEANS,V1,1.7329910716518928,2026-09-10 12:33:29
4502002288,00050,2026-10-06,1000,DE01,P100,V00016,MAT00047,75,EA,EUR,40.74,41.3000000000000,1,1,0.00,3097.50,41.90,41.25,-1.24,41.63,39.72,42.87,3,-2.14,0.37203685251461444,0,LOW,No significant price anomaly,PO_PRICE_KMEANS,V1,1.7329910716518928,2026-09-10 12:33:29
4502002396,00050,2026-12-08,3000,US01,P300,V00047,MAT00035,10,EA,USD,150.46,147.4800000000000,1,1,0.00,1474.80,148.76,146.64,2.61,146.12,109.79,164.71,3,2.97,0.3714854531639676,0,LOW,No significant price anomaly,PO_PRICE_KMEANS,V1,1.7329910716518928,2026-09-10 12:33:29
4502002302,00040,2026-10-06,2000,IN01,P200,V00016,MAT00010,10,EA,INR,8126.89,8248.7900000000000,1,1,0.00,82487.90,8240.82,7935.23,2.42,8372.52,8121.43,8631.26,3,-2.93,0.369850510991444,0,LOW,No significant price anomaly,PO_PRICE_KMEANS,V1,1.7329910716518928,2026-09-10 12:33:29
4502002372,00050,2026-12-08,1000,DE02,P100,V00001,MAT00011,40,EA,EUR,380.97,375.0700000000000,1,1,0.00,15002.80,372.35,359.71,5.91,386.91,362.28,424.98,3,-1.54,0.36930427442020153,0,LOW,No significant price anomaly,PO_PRICE_KMEANS,V1,1.7329910716518928,2026-09-10 12:33:29
4502002387,00050,2026-12-08,2000,IN01,P200,V00020,MAT00041,50,EA,INR,38088.10,38262.7700000000000,1,1,0.00,1913138.50,37590.51,36527.79,4.27,36827.53,33047.31,49321.16,3,3.42,0.36924147436826693,0,LOW,No significant price anomaly,PO_PRICE_KMEANS,V1,1.7329910716518928,2026-09-10 12:33:29
4502002257,00040,2026-09-07,1000,DE02,P100,V00006,MAT00040,75,EA,EUR,258.82,263.3700000000000,1,1,0.00,19752.75,260.41,252.48,2.51,276.80,186.31,385.95,3,-6.5,0.36902061559529,0,LOW,No significant price anomaly,PO_PRICE_KMEANS,V1,1.7329910716518928,2026-09-10 12:33:29
4502002301,00040,2026-10-06,2000,IN01,P200,V00032,MAT00004,25,EA,INR,35496.53,35843.0500000000000,1,1,0.00,896076.25,36498.67,33613.05,5.6,34902.26,31670.71,39443.80,3,1.7,0.36889789761313907,0,LOW,No significant price anomaly,PO_PRICE_KMEANS,V1,1.7329910716518928,2026-09-10 12:33:29
4502002398,00060,2026-12-08,3000,US01,P300,V00045,MAT00048,40,EA,USD,481.84,487.7400000000000,1,1,0.00,19509.60,493.03,459.56,4.85,503.41,463.49,537.99,3,-4.28,0.36815763405295143,0,LOW,No significant price anomaly,PO_PRICE_KMEANS,V1,1.7329910716518928,2026-09-10 12:33:29
4502002258,00030,2026-09-07,1000,DE02,P100,V00048,MAT00045,100,EA,EUR,481.99,475.5500000000000,1,1,0.00,47555.00,475.94,473.21,1.86,466.73,398.46,546.59,3,3.27,0.36773438490219695,0,LOW,No significant price anomaly,PO_PRICE_KMEANS,V1,1.7329910716518928,2026-09-10 12:33:29
4502002306,00030,2026-10-06,2000,IN01,P200,V00030,MAT00033,50,EA,INR,14102.49,13889.6900000000000,1,1,0.00,694484.50,14233.06,13268.17,6.29,14092.29,13553.45,15676.26,3,0.07,0.3670516569199267,0,LOW,No significant price anomaly,PO_PRICE_KMEANS,V1,1.7329910716518928,2026-09-10 12:33:29
4502002239,00020,2026-08-04,3000,US01,P300,V00037,MAT00050,5,EA,USD,465.16,474.8200000000000,1,1,0.00,2374.10,480.64,450.77,3.19,493.00,404.55,739.52,3,-5.65,0.3665223830115214,0,LOW,No significant price anomaly,PO_PRICE_KMEANS,V1,1.7329910716518928,2026-09-10 12:33:29
4502002200,00050,2026-07-03,3000,US01,P300,V00016,MAT00059,25,EA,USD,472.45,479.3600000000000,1,1,0.00,11984.00,488.52,458.72,2.99,497.54,459.46,542.65,3,-5.04,0.36602733615068983,0,LOW,No significant price anomaly,PO_PRICE_KMEANS,V1,1.7329910716518928,2026-09-10 12:33:29
4502002394,00050,2026-12-08,3000,US01,P300,V00011,MAT00023,20,EA,USD,545.75,554.4400000000000,0,0,0.00,0.00,540.72,526.43,3.67,560.50,537.49,569.23,3,-2.63,0.3652811376445713,0,LOW,No significant price anomaly,PO_PRICE_KMEANS,V1,1.7329910716518928,2026-09-10 12:33:29
4502002361,00020,2026-12-08,1000,DE01,P100,V00004,MAT00002,5,EA,EUR,164.85,167.6400000000000,1,1,0.00,838.20,170.48,155.70,5.88,165.40,160.43,170.33,3,-0.33,0.36427420079418404,0,LOW,No significant price anomaly,PO_PRICE_KMEANS,V1,1.7329910716518928,2026-09-10 12:33:29
4502002332,00010,2026-11-09,1000,DE02,P100,V00030,MAT00007,25,EA,EUR,427.18,421.3100000000000,1,1,0.00,10532.75,424.11,401.75,6.33,429.15,405.06,468.31,3,-0.46,0.36421780063296344,0,LOW,No significant price anomaly,PO_PRICE_KMEANS,V1,1.7329910716518928,2026-09-10 12:33:29
4502002286,00040,2026-10-06,1000,DE01,P100,V00018,MAT00034,15,EA,EUR,540.41,542.7300000000000,1,1,0.00,8140.95,533.72,528.19,2.31,558.14,533.48,572.23,3,-3.18,0.363716591166617,0,LOW,No significant price anomaly,PO_PRICE_KMEANS,V1,1.7329910716518928,2026-09-10 12:33:29
4502002325,00050,2026-11-09,1000,DE01,P100,V00003,MAT00029,40,EA,EUR,508.56,496.7100000000000,1,1,0.00,19868.40,494.22,488.86,4.03,522.71,474.17,558.36,3,-2.71,0.362163198631591,0,LOW,No significant price anomaly,PO_PRICE_KMEANS,V1,1.7329910716518928,2026-09-10 12:33:29
4502002257,00050,2026-09-07,1000,DE02,P100,V00036,MAT00041,100,EA,EUR,379.79,388.5600000000000,1,1,0.00,38856.00,380.71,363.58,4.46,402.16,353.37,565.86,3,-5.56,0.3620432762683417,0,LOW,No significant price anomaly,PO_PRICE_KMEANS,V1,1.7329910716518928,2026-09-10 12:33:29
4502002190,00020,2026-07-03,2000,IN01,P200,V00003,MAT00056,25,EA,INR,41550.83,42218.6800000000000,1,1,0.00,1055467.00,42434.69,39042.07,6.43,42255.49,40517.71,46640.27,3,-1.67,0.35954253387328183,0,LOW,No significant price anomaly,PO_PRICE_KMEANS,V1,1.7329910716518928,2026-09-10 12:33:29
4502002174,00010,2026-07-03,1000,DE02,P100,V00018,MAT00019,20,EA,EUR,140.97,143.8500000000000,1,1,0.00,2877.00,140.86,138.51,1.78,146.11,139.09,151.49,3,-3.52,0.35945567255676203,0,LOW,No significant price anomaly,PO_PRICE_KMEANS,V1,1.7329910716518928,2026-09-10 12:33:29
4502002303,00010,2026-10-06,2000,IN01,P200,V00018,MAT00013,8,EA,INR,19955.69,20202.8900000000000,1,1,0.00,161623.12,20144.47,19179.06,4.05,20575.65,19979.43,21298.17,3,-3.01,0.3592383628359538,0,LOW,No significant price anomaly,PO_PRICE_KMEANS,V1,1.7329910716518928,2026-09-10 12:33:29
4502002226,00010,2026-08-04,2000,IN01,P200,V00024,MAT00031,75,EA,INR,20401.50,20242.7100000000000,1,1,0.00,1518203.25,20086.13,20770.92,-1.78,20217.59,18556.15,21987.29,3,0.91,0.35840220874612216,0,LOW,No significant price anomaly,PO_PRICE_KMEANS,V1,1.7329910716518928,2026-09-10 12:33:29
4502002291,00030,2026-10-06,1000,DE02,P100,V00039,MAT00003,75,EA,EUR,114.24,111.5100000000000,1,1,0.00,8363.25,113.10,111.15,2.78,115.82,113.66,118.35,3,-1.36,0.3576689473946486,0,LOW,No significant price anomaly,PO_PRICE_KMEANS,V1,1.7329910716518928,2026-09-10 12:33:29
4502002294,00050,2026-10-06,1000,DE02,P100,V00003,MAT00023,100,EA,EUR,468.44,468.6300000000000,1,1,0.00,46863.00,474.24,441.39,6.13,482.01,445.91,521.48,3,-2.82,0.35720656155524216,0,LOW,No significant price anomaly,PO_PRICE_KMEANS,V1,1.7329910716518928,2026-09-10 12:33:29
4502002397,00050,2026-12-08,3000,US01,P300,V00031,MAT00041,500,EA,USD,398.13,391.6400000000000,1,1,0.00,195820.00,400.82,375.65,5.98,396.90,367.13,419.63,3,0.31,0.3571974602327495,0,LOW,No significant price anomaly,PO_PRICE_KMEANS,V1,1.7329910716518928,2026-09-10 12:33:29
4502002172,00010,2026-07-03,1000,DE02,P100,V00030,MAT00007,50,EA,EUR,424.11,421.3100000000000,1,1,0.00,21065.50,415.77,400.03,6.02,430.31,405.06,465.66,3,-1.44,0.3563710041871482,0,LOW,No significant price anomaly,PO_PRICE_KMEANS,V1,1.7329910716518928,2026-09-10 12:33:29
4502002360,00050,2026-11-09,3000,US01,P300,V00016,MAT00059,75,EA,USD,467.81,479.3600000000000,1,1,0.00,35952.00,472.45,459.70,1.76,492.75,456.30,540.14,3,-5.06,0.356045760881626,0,LOW,No significant price anomaly,PO_PRICE_KMEANS,V1,1.7329910716518928,2026-09-10 12:33:29
4502002275,00020,2026-09-07,3000,US01,P300,V00020,MAT00026,25,EA,USD,136.45,137.7600000000000,1,1,0.00,3444.00,139.05,128.75,5.98,141.14,124.39,180.84,3,-3.32,0.3552723959011411,0,LOW,No significant price anomaly,PO_PRICE_KMEANS,V1,1.7329910716518928,2026-09-10 12:33:29
4502002260,00040,2026-09-07,1000,DE02,P100,V00046,MAT00058,40,EA,EUR,243.64,239.4100000000000,1,1,0.00,9576.40,237.98,232.29,4.89,251.49,194.35,280.18,3,-3.12,0.35519396548520177,0,LOW,No significant price anomaly,PO_PRICE_KMEANS,V1,1.7329910716518928,2026-09-10 12:33:29
4502002316,00030,2026-10-06,3000,US01,P300,V00041,MAT00033,40,EA,USD,168.80,172.7300000000000,1,1,0.00,6909.20,170.47,163.89,3.0,178.45,157.08,192.40,3,-5.41,0.3549148186658193,0,LOW,No significant price anomaly,PO_PRICE_KMEANS,V1,1.7329910716518928,2026-09-10 12:33:29
4502002395,00040,2026-12-08,3000,US01,P300,V00033,MAT00028,20,EA,USD,352.00,355.7500000000000,1,1,0.00,7115.00,358.68,335.58,4.89,342.82,221.10,379.26,3,2.68,0.3549077576790347,0,LOW,No significant price anomaly,PO_PRICE_KMEANS,V1,1.7329910716518928,2026-09-10 12:33:29
4502002394,00020,2026-12-08,3000,US01,P300,V00009,MAT00020,10,EA,USD,269.34,268.2000000000000,1,1,0.00,2682.00,262.85,254.17,5.97,270.58,248.20,302.40,3,-0.46,0.35361073092911766,0,LOW,No significant price anomaly,PO_PRICE_KMEANS,V1,1.7329910716518928,2026-09-10 12:33:29
4502002186,00050,2026-07-03,2000,IN01,P200,V00029,MAT00035,10,EA,INR,12792.47,13045.6300000000000,1,1,0.00,130456.30,13116.55,12112.71,5.61,12784.79,11960.84,14648.40,3,0.06,0.35190862105463,0,LOW,No significant price anomaly,PO_PRICE_KMEANS,V1,1.7329910716518928,2026-09-10 12:33:29
4502002216,00030,2026-08-04,1000,DE02,P100,V00033,MAT00033,50,EA,EUR,161.07,157.9400000000000,1,1,0.00,7897.00,158.70,152.61,5.54,162.91,155.22,176.73,3,-1.13,0.35168861749440494,0,LOW,No significant price anomaly,PO_PRICE_KMEANS,V1,1.7329910716518928,2026-09-10 12:33:29
4502002292,00010,2026-10-06,1000,DE02,P100,V00003,MAT00007,40,EA,EUR,417.71,423.8700000000000,1,1,0.00,16954.80,432.38,409.58,1.98,437.09,405.06,468.31,3,-4.43,0.3506591561856553,0,LOW,No significant price anomaly,PO_PRICE_KMEANS,V1,1.7329910716518928,2026-09-10 12:33:29
4502002250,00050,2026-09-07,1000,DE01,P100,V00045,MAT00059,50,EA,EUR,456.73,465.8100000000000,1,1,0.00,23290.50,476.44,434.85,5.03,456.08,326.06,511.64,3,0.14,0.3498663115252168,0,LOW,No significant price anomaly,PO_PRICE_KMEANS,V1,1.7329910716518928,2026-09-10 12:33:29
4502002241,00020,2026-09-07,1000,DE01,P100,V00011,MAT00002,100,EA,EUR,162.55,161.4800000000000,1,1,0.00,16148.00,162.01,156.34,3.97,166.67,160.43,170.48,3,-2.47,0.3475364202090707,0,LOW,No significant price anomaly,PO_PRICE_KMEANS,V1,1.7329910716518928,2026-09-10 12:33:29
4502002286,00050,2026-10-06,1000,DE01,P100,V00028,MAT00035,25,EA,EUR,150.37,152.8400000000000,1,1,0.00,3821.00,156.59,143.36,4.89,155.51,128.96,209.66,3,-3.31,0.34730287277062777,0,LOW,No significant price anomaly,PO_PRICE_KMEANS,V1,1.7329910716518928,2026-09-10 12:33:29
4502002181,00020,2026-07-03,2000,IN01,P200,V00047,MAT00002,5,EA,INR,14286.96,14219.0600000000000,1,1,0.00,71095.30,14402.33,14265.53,0.15,14821.87,14229.58,15525.79,3,-3.61,0.3472609790654986,0,LOW,No significant price anomaly,PO_PRICE_KMEANS,V1,1.7329910716518928,2026-09-10 12:33:29
4502002164,00040,2026-07-03,1000,DE01,P100,V00037,MAT00022,50,EA,EUR,384.55,389.8100000000000,1,1,0.00,19490.50,388.57,381.78,0.73,408.32,340.14,543.87,3,-5.82,0.34447614285765615,0,LOW,No significant price anomaly,PO_PRICE_KMEANS,V1,1.7329910716518928,2026-09-10 12:33:29
4502002189,00050,2026-07-03,2000,IN01,P200,V00001,MAT00053,25,EA,INR,13456.53,13269.3400000000000,1,1,0.00,331733.50,13051.69,12831.57,4.87,13656.63,12582.95,17374.82,3,-1.47,0.34321473122727836,0,LOW,No significant price anomaly,PO_PRICE_KMEANS,V1,1.7329910716518928,2026-09-10 12:33:29
4502002336,00050,2026-11-09,1000,DE02,P100,V00018,MAT00035,50,EA,EUR,143.06,141.7300000000000,1,1,0.00,7086.50,144.17,141.69,0.97,151.46,137.17,191.65,3,-5.55,0.34309783559022056,0,LOW,No significant price anomaly,PO_PRICE_KMEANS,V1,1.7329910716518928,2026-09-10 12:33:29
4502002377,00060,2026-12-08,1000,DE02,P100,V00039,MAT00042,5,EA,EUR,333.68,337.4500000000000,1,1,0.00,1687.25,337.92,327.23,1.97,350.79,312.84,369.11,3,-4.88,0.34037801275482077,0,LOW,No significant price anomaly,PO_PRICE_KMEANS,V1,1.7329910716518928,2026-09-10 12:33:29
4502002376,00010,2026-12-08,1000,DE02,P100,V00013,MAT00031,50,EA,EUR,217.28,222.7600000000000,0,0,0.00,0.00,222.87,205.79,5.58,217.34,209.81,241.67,3,-0.03,0.3396668056344102,0,LOW,No significant price anomaly,PO_PRICE_KMEANS,V1,1.7329910716518928,2026-09-10 12:33:29
4502002251,00020,2026-09-07,1000,DE02,P100,V00022,MAT00002,15,EA,EUR,174.19,172.3600000000000,1,1,0.00,2585.40,171.18,167.09,4.25,182.41,161.37,237.02,3,-4.51,0.33877935611620585,0,LOW,No significant price anomaly,PO_PRICE_KMEANS,V1,1.7329910716518928,2026-09-10 12:33:29
4502002165,00010,2026-07-03,1000,DE01,P100,V00039,MAT00025,10,EA,EUR,311.15,317.1100000000000,1,1,0.00,3171.10,315.09,298.14,4.36,323.28,298.34,342.37,3,-3.75,0.33805704972901857,0,LOW,No significant price anomaly,PO_PRICE_KMEANS,V1,1.7329910716518928,2026-09-10 12:33:29
4502002182,00010,2026-07-03,2000,IN01,P200,V00041,MAT00007,8,EA,INR,41134.25,41324.8800000000000,1,1,0.00,330599.04,42202.27,39379.13,4.46,43008.55,39176.12,45847.62,3,-4.36,0.33759966245116485,0,LOW,No significant price anomaly,PO_PRICE_KMEANS,V1,1.7329910716518928,2026-09-10 12:33:29
4502002217,00010,2026-08-04,1000,DE02,P100,V00045,MAT00037,96,EA,EUR,287.16,284.8900000000000,1,1,0.00,27349.44,283.66,270.55,6.14,289.69,269.90,314.79,3,-0.87,0.337524370767266,0,LOW,No significant price anomaly,PO_PRICE_KMEANS,V1,1.7329910716518928,2026-09-10 12:33:29
4502002179,00030,2026-07-03,1000,DE02,P100,V00018,MAT00051,40,EA,EUR,297.14,296.6300000000000,1,1,0.00,11865.20,294.25,291.52,1.93,314.68,289.58,387.04,3,-5.57,0.33635336183105013,0,LOW,No significant price anomaly,PO_PRICE_KMEANS,V1,1.7329910716518928,2026-09-10 12:33:29
4502002354,00050,2026-11-09,3000,US01,P300,V00004,MAT00023,240,EA,USD,562.06,575.5800000000000,1,1,0.00,138139.20,564.61,536.75,4.72,554.61,537.49,569.23,3,1.34,0.3360420261213385,0,LOW,No significant price anomaly,PO_PRICE_KMEANS,V1,1.7329910716518928,2026-09-10 12:33:29
4502002362,00030,2026-12-08,1000,DE01,P100,V00046,MAT00009,5,EA,EUR,112.66,115.3000000000000,1,1,0.00,576.50,114.95,111.65,0.9,118.54,88.40,128.55,3,-4.96,0.3356006825397251,0,LOW,No significant price anomaly,PO_PRICE_KMEANS,V1,1.7329910716518928,2026-09-10 12:33:29
4502002162,00010,2026-07-03,1000,DE01,P100,V00019,MAT00007,10,EA,EUR,448.37,458.8300000000000,1,1,0.00,4588.30,455.94,426.32,5.17,455.69,433.15,484.47,3,-1.61,0.3329989950282435,0,LOW,No significant price anomaly,PO_PRICE_KMEANS,V1,1.7329910716518928,2026-09-10 12:33:29
4502002273,00030,2026-09-07,3000,US01,P300,V00042,MAT00015,10,EA,USD,419.35,421.1800000000000,1,1,0.00,4211.80,429.60,407.77,2.84,440.61,406.55,483.39,3,-4.83,0.3311345661252721,0,LOW,No significant price anomaly,PO_PRICE_KMEANS,V1,1.7329910716518928,2026-09-10 12:33:29
4502002360,00010,2026-11-09,3000,US01,P300,V00004,MAT00055,1200,EA,USD,174.08,173.3500000000000,1,1,0.00,208020.00,173.49,172.08,1.16,170.24,164.13,176.59,3,2.26,0.331008148429518,0,LOW,No significant price anomaly,PO_PRICE_KMEANS,V1,1.7329910716518928,2026-09-10 12:33:29
4502002190,00050,2026-07-03,2000,IN01,P200,V00005,MAT00059,20,EA,INR,44947.07,45508.2400000000000,1,1,0.00,910164.80,45587.34,43104.05,4.28,44021.95,42366.78,45817.41,3,2.1,0.330331672177602,0,LOW,No significant price anomaly,PO_PRICE_KMEANS,V1,1.7329910716518928,2026-09-10 12:33:29
4502002170,00060,2026-07-03,1000,DE01,P100,V00041,MAT00060,10,EA,EUR,530.72,522.1700000000000,1,1,0.00,5221.70,520.95,507.06,4.67,543.93,491.81,581.84,3,-2.43,0.323881558780566,0,LOW,No significant price anomaly,PO_PRICE_KMEANS,V1,1.7329910716518928,2026-09-10 12:33:29
4502002247,00010,2026-09-07,1000,DE01,P100,V00013,MAT00037,50,EA,EUR,281.67,287.1000000000000,1,1,0.00,14355.00,290.66,271.21,3.86,293.35,268.11,320.35,3,-3.98,0.3237762558518814,0,LOW,No significant price anomaly,PO_PRICE_KMEANS,V1,1.7329910716518928,2026-09-10 12:33:29
4502002198,00010,2026-07-03,3000,US01,P300,V00016,MAT00043,75,EA,USD,501.89,493.3800000000000,0,0,0.00,0.00,498.73,476.12,5.41,509.74,478.44,548.87,3,-1.54,0.32241220044562535,0,LOW,No significant price anomaly,PO_PRICE_KMEANS,V1,1.7329910716518928,2026-09-10 12:33:29
4502002356,00060,2026-11-09,3000,US01,P300,V00002,MAT00036,15,EA,USD,273.73,274.7300000000000,1,1,0.00,4120.95,273.82,274.24,-0.19,268.50,258.80,282.57,3,1.95,0.3222692492753815,0,LOW,No significant price anomaly,PO_PRICE_KMEANS,V1,1.7329910716518928,2026-09-10 12:33:29
4502002316,00020,2026-10-06,3000,US01,P300,V00031,MAT00032,40,EA,USD,398.08,389.1000000000000,1,1,0.00,15564.00,389.37,396.89,0.3,399.90,293.95,439.00,3,-0.46,0.3217429983927909,0,LOW,No significant price anomaly,PO_PRICE_KMEANS,V1,1.7329910716518928,2026-09-10 12:33:29
4502002270,00050,2026-09-07,2000,IN01,P200,V00019,MAT00059,15,EA,INR,43734.41,43956.9200000000000,1,1,0.00,659353.80,44932.25,42159.10,3.74,45101.65,42366.78,46789.63,3,-3.03,0.31891741725950007,0,LOW,No significant price anomaly,PO_PRICE_KMEANS,V1,1.7329910716518928,2026-09-10 12:33:29
4502002290,00040,2026-10-06,1000,DE01,P100,V00042,MAT00058,25,EA,EUR,250.03,244.4300000000000,1,1,0.00,6110.75,248.21,242.28,3.2,258.90,239.15,282.89,3,-3.43,0.3182513996302073,0,LOW,No significant price anomaly,PO_PRICE_KMEANS,V1,1.7329910716518928,2026-09-10 12:33:29
4502002176,00020,2026-07-03,1000,DE02,P100,V00016,MAT00032,20,EA,EUR,354.18,351.7600000000000,1,1,0.00,7035.20,346.67,337.40,4.97,351.99,340.07,361.42,3,0.62,0.3157873554459368,0,LOW,No significant price anomaly,PO_PRICE_KMEANS,V1,1.7329910716518928,2026-09-10 12:33:29
4502002236,00050,2026-08-04,3000,US01,P300,V00047,MAT00035,10,EA,USD,148.76,147.4800000000000,1,1,0.00,1474.80,144.72,146.48,1.56,146.37,109.79,163.46,3,1.63,0.31480375942786676,0,LOW,No significant price anomaly,PO_PRICE_KMEANS,V1,1.7329910716518928,2026-09-10 12:33:29
4502002345,00030,2026-11-09,2000,IN01,P200,V00005,MAT00027,40,EA,INR,34551.17,34466.4800000000000,1,1,0.00,1378659.20,34482.59,33471.43,3.23,33740.41,32497.05,36123.91,3,2.4,0.31319982303139476,0,LOW,No significant price anomaly,PO_PRICE_KMEANS,V1,1.7329910716518928,2026-09-10 12:33:29
4502002293,00060,2026-10-06,1000,DE02,P100,V00029,MAT00018,15,EA,EUR,168.29,170.6500000000000,1,1,0.00,2559.75,167.37,158.86,5.94,171.75,118.15,187.11,3,-2.01,0.31250311343551035,0,LOW,No significant price anomaly,PO_PRICE_KMEANS,V1,1.7329910716518928,2026-09-10 12:33:29
4502002397,00040,2026-12-08,3000,US01,P300,V00021,MAT00040,50,EA,USD,307.80,301.0200000000000,1,1,0.00,15051.00,303.69,300.78,2.33,304.40,271.68,326.17,3,1.12,0.3062120317352377,0,LOW,No significant price anomaly,PO_PRICE_KMEANS,V1,1.7329910716518928,2026-09-10 12:33:29
4502002254,00010,2026-09-07,1000,DE02,P100,V00032,MAT00019,5,EA,EUR,144.44,146.1100000000000,1,1,0.00,730.55,148.20,137.04,5.4,145.79,140.86,152.91,3,-0.93,0.3049230505856676,0,LOW,No significant price anomaly,PO_PRICE_KMEANS,V1,1.7329910716518928,2026-09-10 12:33:29
4502002369,00020,2026-12-08,1000,DE01,P100,V00004,MAT00050,5,EA,EUR,435.25,443.3100000000000,1,1,0.00,2216.55,435.83,414.39,5.03,431.27,420.61,445.03,3,0.92,0.30488947833168695,0,LOW,No significant price anomaly,PO_PRICE_KMEANS,V1,1.7329910716518928,2026-09-10 12:33:29
4502002222,00030,2026-08-04,2000,IN01,P200,V00020,MAT00009,25,EA,INR,12686.93,12662.8700000000000,1,1,0.00,316571.75,12903.38,12127.14,4.62,12457.94,11024.55,16333.25,3,1.84,0.30208727737296986,0,LOW,No significant price anomaly,PO_PRICE_KMEANS,V1,1.7329910716518928,2026-09-10 12:33:29
4502002243,00040,2026-09-07,1000,DE01,P100,V00019,MAT00016,40,EA,EUR,158.98,159.7800000000000,1,1,0.00,6391.20,158.74,159.02,-0.03,165.34,145.60,172.93,3,-3.85,0.30183552797562446,0,LOW,No significant price anomaly,PO_PRICE_KMEANS,V1,1.7329910716518928,2026-09-10 12:33:29
4502002187,00050,2026-07-03,2000,IN01,P200,V00013,MAT00041,40,EA,INR,34133.08,34894.9900000000000,1,1,0.00,1395799.60,35702.43,33723.75,1.21,34299.11,33152.43,37328.78,3,-0.48,0.30132880850068594,0,LOW,No significant price anomaly,PO_PRICE_KMEANS,V1,1.7329910716518928,2026-09-10 12:33:29
4502002382,00060,2026-12-08,2000,IN01,P200,V00022,MAT00012,5,EA,INR,43248.85,43825.7600000000000,1,1,0.00,219128.80,42755.06,41050.27,5.36,43180.63,37686.23,54855.82,3,0.16,0.3011344263982385,0,LOW,No significant price anomaly,PO_PRICE_KMEANS,V1,1.7329910716518928,2026-09-10 12:33:29
4502002209,00040,2026-08-04,1000,DE01,P100,V00024,MAT00052,5,EA,EUR,312.39,318.1500000000000,1,1,0.00,1590.75,317.72,296.53,5.35,316.12,294.52,339.20,3,-1.18,0.2999424102744026,0,LOW,No significant price anomaly,PO_PRICE_KMEANS,V1,1.7329910716518928,2026-09-10 12:33:29
4502002242,00010,2026-09-07,1000,DE01,P100,V00033,MAT00007,15,EA,EUR,443.13,443.6000000000000,1,1,0.00,6654.00,433.15,432.73,2.4,455.67,438.40,484.47,3,-2.75,0.2984722811638255,0,LOW,No significant price anomaly,PO_PRICE_KMEANS,V1,1.7329910716518928,2026-09-10 12:33:29
4502002310,00010,2026-10-06,2000,IN01,P200,V00014,MAT00055,8,EA,INR,15341.56,15179.1600000000000,1,1,0.00,121433.28,15052.33,15412.03,-0.46,15343.20,13031.86,20145.60,3,-0.01,0.29541610101167254,0,LOW,No significant price anomaly,PO_PRICE_KMEANS,V1,1.7329910716518928,2026-09-10 12:33:29
4502002285,00010,2026-10-06,1000,DE01,P100,V00032,MAT00025,25,EA,EUR,323.12,328.4500000000000,1,1,0.00,8211.25,320.80,313.72,3.0,316.06,297.42,342.37,3,2.23,0.2928888563065277,0,LOW,No significant price anomaly,PO_PRICE_KMEANS,V1,1.7329910716518928,2026-09-10 12:33:29
4502002255,00050,2026-09-07,1000,DE02,P100,V00048,MAT00029,20,EA,EUR,576.98,568.3300000000000,1,1,0.00,11366.60,575.55,548.36,5.22,582.50,479.72,752.21,3,-0.95,0.29271531465232975,0,LOW,No significant price anomaly,PO_PRICE_KMEANS,V1,1.7329910716518928,2026-09-10 12:33:29
4502002342,00010,2026-11-09,2000,IN01,P200,V00041,MAT00007,5,EA,INR,41453.26,41324.8800000000000,1,1,0.00,206624.40,41134.25,39504.50,4.93,42798.88,38603.70,45924.44,3,-3.14,0.29162571944254373,0,LOW,No significant price anomaly,PO_PRICE_KMEANS,V1,1.7329910716518928,2026-09-10 12:33:29
4502002347,00010,2026-11-09,2000,IN01,P200,V00001,MAT00037,40,EA,INR,25252.04,25857.4200000000000,1,1,0.00,1034296.80,25436.98,25459.11,-0.81,25472.50,24359.91,27140.73,3,-0.87,0.28965196482862005,0,LOW,No significant price anomaly,PO_PRICE_KMEANS,V1,1.7329910716518928,2026-09-10 12:33:29
4502002319,00010,2026-10-06,3000,US01,P300,V00041,MAT00049,50,EA,USD,449.15,458.3100000000000,1,1,0.00,22915.50,452.28,443.71,1.23,468.38,427.29,501.41,3,-4.11,0.28921616557253804,0,LOW,No significant price anomaly,PO_PRICE_KMEANS,V1,1.7329910716518928,2026-09-10 12:33:29
4502002337,00030,2026-11-09,1000,DE02,P100,V00030,MAT00039,15,EA,EUR,483.78,476.8700000000000,1,1,0.00,7153.05,485.88,479.71,0.85,502.47,459.41,561.41,3,-3.72,0.2889618945556226,0,LOW,No significant price anomaly,PO_PRICE_KMEANS,V1,1.7329910716518928,2026-09-10 12:33:29
4502002240,00010,2026-08-04,3000,US01,P300,V00011,MAT00055,100,EA,USD,167.80,166.9800000000000,1,1,0.00,16698.00,165.32,161.23,4.07,170.46,164.13,174.38,3,-1.56,0.28821037952939876,0,LOW,No significant price anomaly,PO_PRICE_KMEANS,V1,1.7329910716518928,2026-09-10 12:33:29
4502002201,00060,2026-08-04,1000,DE01,P100,V00016,MAT00006,40,EA,EUR,299.64,300.8100000000000,1,1,0.00,12032.40,299.35,299.97,-0.11,310.48,289.80,334.06,3,-3.49,0.2880509120677317,0,LOW,No significant price anomaly,PO_PRICE_KMEANS,V1,1.7329910716518928,2026-09-10 12:33:29
4502002259,00060,2026-09-07,1000,DE02,P100,V00034,MAT00054,8,EA,EUR,489.84,488.0000000000000,1,1,0.00,3904.00,489.74,471.69,3.85,514.00,435.80,713.65,3,-4.7,0.2876502623270708,0,LOW,No significant price anomaly,PO_PRICE_KMEANS,V1,1.7329910716518928,2026-09-10 12:33:29
4502002334,00060,2026-11-09,1000,DE02,P100,V00040,MAT00024,8,EA,EUR,357.74,362.6300000000000,1,1,0.00,2901.04,354.51,344.12,3.96,351.85,197.51,530.06,3,1.67,0.2862902854056022,0,LOW,No significant price anomaly,PO_PRICE_KMEANS,V1,1.7329910716518928,2026-09-10 12:33:29
4502002306,00050,2026-10-06,2000,IN01,P200,V00002,MAT00035,40,EA,INR,12365.05,12369.1900000000000,1,1,0.00,494767.60,12504.01,11968.85,3.31,12928.81,11960.84,14648.40,3,-4.36,0.28571970456102974,0,LOW,No significant price anomaly,PO_PRICE_KMEANS,V1,1.7329910716518928,2026-09-10 12:33:29
4502002314,00040,2026-10-06,3000,US01,P300,V00015,MAT00022,8,EA,USD,442.23,446.6200000000000,1,1,0.00,3572.96,440.16,425.14,4.02,434.42,387.52,565.12,3,1.8,0.2840060278541906,0,LOW,No significant price anomaly,PO_PRICE_KMEANS,V1,1.7329910716518928,2026-09-10 12:33:29
4502002176,00050,2026-07-03,1000,DE02,P100,V00018,MAT00035,5,EA,EUR,144.17,141.7300000000000,1,1,0.00,708.65,144.86,141.50,1.89,142.45,137.17,147.15,3,1.21,0.2796451904287423,0,LOW,No significant price anomaly,PO_PRICE_KMEANS,V1,1.7329910716518928,2026-09-10 12:33:29
4502002228,00050,2026-08-04,2000,IN01,P200,V00024,MAT00047,900,EA,INR,3910.61,3994.3000000000000,1,1,0.00,3594870.00,3999.80,3893.75,0.43,4027.58,3685.19,4387.46,3,-2.9,0.2794046420940892,0,LOW,No significant price anomaly,PO_PRICE_KMEANS,V1,1.7329910716518928,2026-09-10 12:33:29
4502002231,00050,2026-08-04,3000,US01,P300,V00019,MAT00005,8,EA,USD,428.92,436.5800000000000,1,1,0.00,3492.64,435.73,424.61,1.02,443.70,397.02,460.71,3,-3.33,0.27689359954124326,0,LOW,No significant price anomaly,PO_PRICE_KMEANS,V1,1.7329910716518928,2026-09-10 12:33:29
4502002311,00060,2026-10-06,3000,US01,P300,V00015,MAT00006,8,EA,USD,384.95,381.6200000000000,1,1,0.00,3052.96,388.42,373.48,3.07,403.36,335.92,555.57,3,-4.56,0.275097652683741,0,LOW,No significant price anomaly,PO_PRICE_KMEANS,V1,1.7329910716518928,2026-09-10 12:33:29
4502002332,00040,2026-11-09,1000,DE02,P100,V00012,MAT00010,5,EA,EUR,99.19,101.6200000000000,1,1,0.00,508.10,101.52,95.23,4.16,98.67,87.33,111.83,3,0.53,0.27467153454641174,0,LOW,No significant price anomaly,PO_PRICE_KMEANS,V1,1.7329910716518928,2026-09-10 12:33:29
4502002217,00060,2026-08-04,1000,DE02,P100,V00039,MAT00042,300,EA,EUR,337.92,337.4500000000000,1,1,0.00,101235.00,340.67,326.41,3.53,350.55,310.73,363.19,3,-3.6,0.27152583289179405,0,LOW,No significant price anomaly,PO_PRICE_KMEANS,V1,1.7329910716518928,2026-09-10 12:33:29
4502002228,00010,2026-08-04,2000,IN01,P200,V00012,MAT00043,40,EA,INR,47024.29,47940.3900000000000,1,1,0.00,1917615.60,47673.92,45875.69,2.5,49303.14,28127.91,69463.98,3,-4.62,0.27133713104883045,0,LOW,No significant price anomaly,PO_PRICE_KMEANS,V1,1.7329910716518928,2026-09-10 12:33:29
4502002330,00060,2026-11-09,1000,DE01,P100,V00041,MAT00060,75,EA,EUR,516.30,522.1700000000000,1,1,0.00,39162.75,530.72,508.75,1.48,508.29,416.83,581.84,3,1.58,0.2692689418905125,0,LOW,No significant price anomaly,PO_PRICE_KMEANS,V1,1.7329910716518928,2026-09-10 12:33:29
4502002268,00050,2026-09-07,2000,IN01,P200,V00031,MAT00047,15,EA,INR,3928.00,3891.2200000000000,1,1,0.00,58368.30,3925.07,3735.00,5.17,3947.16,3685.19,4317.79,3,-0.49,0.26891133046646964,0,LOW,No significant price anomaly,PO_PRICE_KMEANS,V1,1.7329910716518928,2026-09-10 12:33:29
4502002310,00040,2026-10-06,2000,IN01,P200,V00016,MAT00058,15,EA,INR,22855.43,22527.9600000000000,1,1,0.00,337919.40,22596.51,21994.18,3.92,22788.19,22233.10,23349.12,3,0.3,0.2676907630839167,0,LOW,No significant price anomaly,PO_PRICE_KMEANS,V1,1.7329910716518928,2026-09-10 12:33:29
4502002165,00060,2026-07-03,1000,DE01,P100,V00013,MAT00030,25,EA,EUR,32.35,32.4700000000000,1,1,0.00,811.75,32.02,32.05,0.94,31.89,30.85,33.46,3,1.44,0.26502248628851066,0,LOW,No significant price anomaly,PO_PRICE_KMEANS,V1,1.7329910716518928,2026-09-10 12:33:29
4502002373,00020,2026-12-08,1000,DE02,P100,V00003,MAT00014,8,EA,EUR,71.56,70.7400000000000,1,1,0.00,565.92,70.93,69.20,3.41,73.45,68.96,78.84,3,-2.57,0.2646065783546869,0,LOW,No significant price anomaly,PO_PRICE_KMEANS,V1,1.7329910716518928,2026-09-10 12:33:29
4502002258,00060,2026-09-07,1000,DE02,P100,V00030,MAT00048,10,EA,EUR,423.65,419.9300000000000,1,1,0.00,4199.30,429.71,404.72,4.68,421.79,411.51,430.96,3,0.44,0.2640488188958647,0,LOW,No significant price anomaly,PO_PRICE_KMEANS,V1,1.7329910716518928,2026-09-10 12:33:29
4502002222,00040,2026-08-04,2000,IN01,P200,V00002,MAT00010,50,EA,INR,8327.55,8359.5800000000000,1,1,0.00,417979.00,8263.52,8079.97,3.06,8203.36,7979.43,8631.26,3,1.51,0.2628264088321668,0,LOW,No significant price anomaly,PO_PRICE_KMEANS,V1,1.7329910716518928,2026-09-10 12:33:29
4502002358,00010,2026-11-09,3000,US01,P300,V00016,MAT00043,20,EA,USD,493.46,493.3800000000000,1,1,0.00,9867.60,501.89,477.96,3.24,511.65,485.57,557.77,3,-3.56,0.26128038491276917,0,LOW,No significant price anomaly,PO_PRICE_KMEANS,V1,1.7329910716518928,2026-09-10 12:33:29
4502002237,00040,2026-08-04,3000,US01,P300,V00021,MAT00040,75,EA,USD,303.69,301.0200000000000,1,1,0.00,22576.50,298.11,300.55,1.04,301.59,271.51,325.47,3,0.7,0.2596747831484896,0,LOW,No significant price anomaly,PO_PRICE_KMEANS,V1,1.7329910716518928,2026-09-10 12:33:29
4502002240,00060,2026-08-04,3000,US01,P300,V00033,MAT00060,15,EA,USD,567.53,564.1300000000000,1,1,0.00,8461.95,578.05,550.98,3.0,581.31,560.97,615.74,3,-2.37,0.25874872112808717,0,LOW,No significant price anomaly,PO_PRICE_KMEANS,V1,1.7329910716518928,2026-09-10 12:33:29
4502002355,00030,2026-11-09,3000,US01,P300,V00016,MAT00027,40,EA,USD,368.41,363.0500000000000,1,1,0.00,14522.00,363.86,355.40,3.66,375.19,353.98,407.68,3,-1.81,0.25844439151821424,0,LOW,No significant price anomaly,PO_PRICE_KMEANS,V1,1.7329910716518928,2026-09-10 12:33:29
4502002241,00050,2026-09-07,1000,DE01,P100,V00013,MAT00005,75,EA,EUR,396.42,397.1600000000000,1,1,0.00,29787.00,398.12,389.70,1.72,412.86,373.00,438.42,3,-3.98,0.2565942884541099,0,LOW,No significant price anomaly,PO_PRICE_KMEANS,V1,1.7329910716518928,2026-09-10 12:33:29
4502002389,00050,2026-12-08,2000,IN01,P200,V00008,MAT00053,75,EA,INR,13012.05,13050.8300000000000,1,1,0.00,978812.25,13193.95,12385.87,5.06,12983.99,12583.19,13456.53,3,0.22,0.2549530641175415,0,LOW,No significant price anomaly,PO_PRICE_KMEANS,V1,1.7329910716518928,2026-09-10 12:33:29
4502002246,00060,2026-09-07,1000,DE01,P100,V00031,MAT00036,75,EA,EUR,249.59,253.8100000000000,1,1,0.00,19035.75,255.97,247.31,0.92,255.58,237.84,274.17,3,-2.34,0.2487760579294336,0,LOW,No significant price anomaly,PO_PRICE_KMEANS,V1,1.7329910716518928,2026-09-10 12:33:29
4502002397,00060,2026-12-08,3000,US01,P300,V00013,MAT00042,40,EA,USD,370.76,370.2900000000000,1,1,0.00,14811.60,373.49,369.01,0.47,382.20,356.01,406.50,3,-2.99,0.24682466480814347,0,LOW,No significant price anomaly,PO_PRICE_KMEANS,V1,1.7329910716518928,2026-09-10 12:33:29
4502002388,00010,2026-12-08,2000,IN01,P200,V00012,MAT00043,8,EA,INR,47142.33,47940.3900000000000,1,1,0.00,383523.12,47024.29,45957.73,2.58,46362.05,28127.91,69463.98,3,1.68,0.24621089641906427,0,LOW,No significant price anomaly,PO_PRICE_KMEANS,V1,1.7329910716518928,2026-09-10 12:33:29
4502002329,00020,2026-11-09,1000,DE01,P100,V00025,MAT00050,25,EA,EUR,445.03,442.0400000000000,1,1,0.00,11051.00,440.62,425.74,4.53,455.01,420.61,568.50,3,-2.19,0.2438985470068542,0,LOW,No significant price anomaly,PO_PRICE_KMEANS,V1,1.7329910716518928,2026-09-10 12:33:29
4502002213,00020,2026-08-04,1000,DE02,P100,V00003,MAT00014,8,EA,EUR,70.93,70.7400000000000,1,1,0.00,565.92,72.23,69.07,2.69,73.00,68.96,78.25,3,-2.84,0.24270904843880967,0,LOW,No significant price anomaly,PO_PRICE_KMEANS,V1,1.7329910716518928,2026-09-10 12:33:29
4502002276,00050,2026-09-07,3000,US01,P300,V00006,MAT00035,15,EA,USD,145.01,146.9700000000000,1,1,0.00,2204.55,145.65,138.47,4.72,145.71,109.79,163.46,3,-0.48,0.24251330367012222,0,LOW,No significant price anomaly,PO_PRICE_KMEANS,V1,1.7329910716518928,2026-09-10 12:33:29
4502002261,00020,2026-09-07,2000,IN01,P200,V00033,MAT00002,20,EA,INR,14558.89,14376.1900000000000,1,1,0.00,287523.80,14386.49,14029.51,3.77,14582.67,14133.61,15525.79,3,-0.16,0.24009425763254455,0,LOW,No significant price anomaly,PO_PRICE_KMEANS,V1,1.7329910716518928,2026-09-10 12:33:29
4502002211,00030,2026-08-04,1000,DE02,P100,V00025,MAT00003,40,EA,EUR,118.35,118.4900000000000,1,1,0.00,4739.60,116.00,114.05,3.77,120.92,111.43,152.07,3,-2.13,0.23478443295345938,0,LOW,No significant price anomaly,PO_PRICE_KMEANS,V1,1.7329910716518928,2026-09-10 12:33:29
4502002170,00040,2026-07-03,1000,DE01,P100,V00001,MAT00058,10,EA,EUR,250.24,251.9000000000000,1,1,0.00,2519.00,257.28,240.70,3.96,250.30,239.59,277.61,3,-0.02,0.23255512581434956,0,LOW,No significant price anomaly,PO_PRICE_KMEANS,V1,1.7329910716518928,2026-09-10 12:33:29
4502002381,00020,2026-12-08,2000,IN01,P200,V00026,MAT00002,25,EA,INR,14374.44,14426.7900000000000,1,1,0.00,360669.75,14133.61,13994.10,2.72,14697.91,13955.68,15525.79,3,-2.2,0.23092922431708968,0,LOW,No significant price anomaly,PO_PRICE_KMEANS,V1,1.7329910716518928,2026-09-10 12:33:29
4502002337,00010,2026-11-09,1000,DE02,P100,V00038,MAT00037,75,EA,EUR,301.36,308.5400000000000,1,1,0.00,23140.50,308.01,290.50,3.74,303.03,274.76,396.66,3,-0.55,0.2296434005295464,0,LOW,No significant price anomaly,PO_PRICE_KMEANS,V1,1.7329910716518928,2026-09-10 12:33:29
4502002355,00050,2026-11-09,3000,US01,P300,V00036,MAT00029,40,EA,USD,586.29,595.8400000000000,1,1,0.00,23833.60,586.00,560.80,4.55,594.63,538.29,638.41,3,-1.4,0.2290291341021292,0,LOW,No significant price anomaly,PO_PRICE_KMEANS,V1,1.7329910716518928,2026-09-10 12:33:29
4502002313,00030,2026-10-06,3000,US01,P300,V00001,MAT00015,50,EA,USD,429.69,434.0500000000000,1,1,0.00,21702.50,428.79,410.78,4.6,429.69,406.55,483.39,3,0.0,0.2263102270687778,0,LOW,No significant price anomaly,PO_PRICE_KMEANS,V1,1.7329910716518928,2026-09-10 12:33:29
4502002212,00050,2026-08-04,1000,DE02,P100,V00001,MAT00011,100,EA,EUR,372.35,375.0700000000000,1,1,0.00,37507.00,374.93,358.74,3.79,384.37,357.75,424.38,3,-3.13,0.22567934849778512,0,LOW,No significant price anomaly,PO_PRICE_KMEANS,V1,1.7329910716518928,2026-09-10 12:33:29
4502002361,00060,2026-12-08,1000,DE01,P100,V00016,MAT00006,15,EA,EUR,304.02,300.8100000000000,1,1,0.00,4512.15,299.64,299.95,1.36,308.58,289.03,331.36,3,-1.48,0.22379449298112253,0,LOW,No significant price anomaly,PO_PRICE_KMEANS,V1,1.7329910716518928,2026-09-10 12:33:29
4502002342,00020,2026-11-09,2000,IN01,P200,V00003,MAT00008,15,EA,INR,6447.95,6534.5700000000000,1,1,0.00,98018.55,6485.39,6453.95,-0.09,6533.88,6237.67,7195.27,3,-1.32,0.2218458583150421,0,LOW,No significant price anomaly,PO_PRICE_KMEANS,V1,1.7329910716518928,2026-09-10 12:33:29
4502002388,00050,2026-12-08,2000,IN01,P200,V00024,MAT00047,8,EA,INR,3935.46,3994.3000000000000,1,1,0.00,31954.40,3910.61,3894.95,1.04,4043.34,3685.19,4464.70,3,-2.67,0.219369342205043,0,LOW,No significant price anomaly,PO_PRICE_KMEANS,V1,1.7329910716518928,2026-09-10 12:33:29
4502002196,00060,2026-07-03,3000,US01,P300,V00002,MAT00036,40,EA,USD,273.82,274.7300000000000,1,1,0.00,10989.20,275.25,274.27,-0.16,274.24,266.52,280.85,3,-0.15,0.2193535595262827,0,LOW,No significant price anomaly,PO_PRICE_KMEANS,V1,1.7329910716518928,2026-09-10 12:33:29
4502002170,00010,2026-07-03,1000,DE01,P100,V00019,MAT00055,75,EA,EUR,151.72,152.7800000000000,1,1,0.00,11458.50,151.42,145.14,4.53,152.65,145.21,160.61,3,-0.61,0.21733253352930895,0,LOW,No significant price anomaly,PO_PRICE_KMEANS,V1,1.7329910716518928,2026-09-10 12:33:29
4502002242,00030,2026-09-07,1000,DE01,P100,V00025,MAT00009,5,EA,EUR,128.55,131.2900000000000,1,1,0.00,656.45,130.23,127.15,1.1,132.13,112.69,184.90,3,-2.71,0.21441840637283446,0,LOW,No significant price anomaly,PO_PRICE_KMEANS,V1,1.7329910716518928,2026-09-10 12:33:29
4502002281,00060,2026-10-06,1000,DE01,P100,V00030,MAT00006,50,EA,EUR,294.25,297.3300000000000,1,1,0.00,14866.50,297.56,283.65,3.74,301.84,289.03,331.36,3,-2.51,0.21333871655333758,0,LOW,No significant price anomaly,PO_PRICE_KMEANS,V1,1.7329910716518928,2026-09-10 12:33:29
4502002291,00010,2026-10-06,1000,DE02,P100,V00019,MAT00001,20,EA,EUR,487.94,487.8300000000000,1,1,0.00,9756.60,499.51,472.06,3.36,487.18,463.26,526.45,3,0.16,0.21277956452637165,0,LOW,No significant price anomaly,PO_PRICE_KMEANS,V1,1.7329910716518928,2026-09-10 12:33:29
4502002258,00010,2026-09-07,1000,DE02,P100,V00008,MAT00043,15,EA,EUR,459.84,462.2100000000000,1,1,0.00,6933.15,465.76,443.88,3.6,473.94,446.39,534.93,3,-2.98,0.21129716328117154,0,LOW,No significant price anomaly,PO_PRICE_KMEANS,V1,1.7329910716518928,2026-09-10 12:33:29
4502002244,00010,2026-09-07,1000,DE01,P100,V00021,MAT00019,8,EA,EUR,142.56,144.3100000000000,1,1,0.00,1154.48,144.61,136.69,4.29,145.69,129.20,157.38,3,-2.15,0.21124704066089273,0,LOW,No significant price anomaly,PO_PRICE_KMEANS,V1,1.7329910716518928,2026-09-10 12:33:29
4502002375,00050,2026-12-08,1000,DE02,P100,V00021,MAT00029,100,EA,EUR,541.14,538.7600000000000,0,0,0.00,0.00,544.61,532.79,1.57,536.79,479.72,576.98,3,0.81,0.20668633601098976,0,LOW,No significant price anomaly,PO_PRICE_KMEANS,V1,1.7329910716518928,2026-09-10 12:33:29
4502002392,00030,2026-12-08,3000,US01,P300,V00031,MAT00009,15,EA,USD,129.94,129.6100000000000,1,1,0.00,1944.15,132.00,124.75,4.16,131.33,121.55,141.26,3,-1.06,0.2057225239856131,0,LOW,No significant price anomaly,PO_PRICE_KMEANS,V1,1.7329910716518928,2026-09-10 12:33:29
4502002225,00050,2026-08-04,2000,IN01,P200,V00032,MAT00029,75,EA,INR,50236.85,50507.1500000000000,1,1,0.00,3788036.25,51683.87,49323.22,1.85,50400.59,49078.24,51941.38,3,-0.32,0.20551490270338876,0,LOW,No significant price anomaly,PO_PRICE_KMEANS,V1,1.7329910716518928,2026-09-10 12:33:29
4502002252,00060,2026-09-07,1000,DE02,P100,V00018,MAT00012,300,EA,EUR,438.55,440.4900000000000,1,1,0.00,132147.00,449.07,422.97,3.68,442.55,424.00,462.39,3,-0.9,0.2033023960463266,0,LOW,No significant price anomaly,PO_PRICE_KMEANS,V1,1.7329910716518928,2026-09-10 12:33:29
4502002245,00030,2026-09-07,1000,DE01,P100,V00045,MAT00027,25,EA,EUR,358.03,352.7900000000000,1,1,0.00,8819.75,360.81,349.97,2.3,361.21,336.31,381.00,3,-0.88,0.20246068753311391,0,LOW,No significant price anomaly,PO_PRICE_KMEANS,V1,1.7329910716518928,2026-09-10 12:33:29
4502002201,00040,2026-08-04,1000,DE01,P100,V00024,MAT00004,15,EA,EUR,361.98,370.2900000000000,1,1,0.00,5554.35,366.59,356.67,1.49,365.44,342.72,383.93,3,-0.95,0.20096234306597535,0,LOW,No significant price anomaly,PO_PRICE_KMEANS,V1,1.7329910716518928,2026-09-10 12:33:29
4502002168,00040,2026-07-03,1000,DE01,P100,V00013,MAT00046,50,EA,EUR,368.47,372.7000000000000,1,1,0.00,18635.00,375.41,359.45,2.51,366.26,352.90,395.06,3,0.6,0.19978291572067247,0,LOW,No significant price anomaly,PO_PRICE_KMEANS,V1,1.7329910716518928,2026-09-10 12:33:29
4502002357,00010,2026-11-09,3000,US01,P300,V00012,MAT00037,25,EA,USD,333.72,334.4200000000000,1,1,0.00,8360.50,337.34,321.50,3.8,332.57,311.91,370.36,3,0.35,0.19911284227908252,0,LOW,No significant price anomaly,PO_PRICE_KMEANS,V1,1.7329910716518928,2026-09-10 12:33:29
4502002173,00040,2026-07-03,1000,DE02,P100,V00016,MAT00016,10,EA,EUR,146.64,148.4300000000000,1,1,0.00,1484.30,149.20,143.00,2.55,148.67,143.15,153.46,3,-1.37,0.1976876804241923,0,LOW,No significant price anomaly,PO_PRICE_KMEANS,V1,1.7329910716518928,2026-09-10 12:33:29
4502002364,00020,2026-12-08,1000,DE01,P100,V00024,MAT00020,5,EA,EUR,243.95,248.6000000000000,1,1,0.00,1243.00,248.91,239.22,1.98,246.78,228.73,268.36,3,-1.15,0.1967881671805326,0,LOW,No significant price anomaly,PO_PRICE_KMEANS,V1,1.7329910716518928,2026-09-10 12:33:29
4502002241,00030,2026-09-07,1000,DE01,P100,V00021,MAT00003,20,EA,EUR,114.13,114.0700000000000,1,1,0.00,2281.40,113.28,110.64,3.15,113.71,101.42,124.27,3,0.37,0.19658690598902434,0,LOW,No significant price anomaly,PO_PRICE_KMEANS,V1,1.7329910716518928,2026-09-10 12:33:29
4502002234,00020,2026-08-04,3000,US01,P300,V00009,MAT00020,8,EA,USD,262.85,268.2000000000000,1,1,0.00,2145.60,265.63,253.50,3.69,263.64,248.84,302.40,3,-0.3,0.19559933663629991,0,LOW,No significant price anomaly,PO_PRICE_KMEANS,V1,1.7329910716518928,2026-09-10 12:33:29
4502002192,00020,2026-07-03,3000,US01,P300,V00014,MAT00008,15,EA,USD,87.81,89.1000000000000,1,1,0.00,1336.50,88.46,87.20,0.7,89.86,75.33,117.87,3,-2.28,0.19186501875975728,0,LOW,No significant price anomaly,PO_PRICE_KMEANS,V1,1.7329910716518928,2026-09-10 12:33:29
4502002317,00010,2026-10-06,3000,US01,P300,V00005,MAT00037,75,EA,USD,324.02,326.7400000000000,1,1,0.00,24505.50,331.14,316.64,2.33,331.53,311.91,370.36,3,-2.27,0.19050432199963768,0,LOW,No significant price anomaly,PO_PRICE_KMEANS,V1,1.7329910716518928,2026-09-10 12:33:29
4502002268,00040,2026-09-07,2000,IN01,P200,V00021,MAT00046,10,EA,INR,34831.55,34969.8400000000000,1,1,0.00,349698.40,34549.23,33945.41,2.61,35735.69,32400.04,37927.61,3,-2.53,0.1841034684485211,0,LOW,No significant price anomaly,PO_PRICE_KMEANS,V1,1.7329910716518928,2026-09-10 12:33:29
4502002289,00060,2026-10-06,1000,DE01,P100,V00030,MAT00054,8,EA,EUR,423.94,420.2800000000000,1,1,0.00,3362.24,422.73,417.12,1.64,425.97,405.48,463.14,3,-0.48,0.18239910096619147,0,LOW,No significant price anomaly,PO_PRICE_KMEANS,V1,1.7329910716518928,2026-09-10 12:33:29
4502002312,00040,2026-10-06,3000,US01,P300,V00027,MAT00010,8,EA,USD,96.77,98.0800000000000,1,1,0.00,784.64,98.09,94.52,2.38,99.85,60.71,113.15,3,-3.08,0.1779666242123607,0,LOW,No significant price anomaly,PO_PRICE_KMEANS,V1,1.7329910716518928,2026-09-10 12:33:29
4502002296,00030,2026-10-06,1000,DE02,P100,V00019,MAT00033,75,EA,EUR,162.39,163.3700000000000,1,1,0.00,12252.75,162.01,157.25,3.27,165.65,157.05,176.73,3,-1.97,0.17378593393847816,0,LOW,No significant price anomaly,PO_PRICE_KMEANS,V1,1.7329910716518928,2026-09-10 12:33:29
4502002300,00020,2026-10-06,1000,DE02,P100,V00033,MAT00056,15,EA,EUR,470.08,477.1900000000000,1,1,0.00,7157.85,468.44,459.97,2.2,477.64,463.40,523.87,3,-1.58,0.1701186116771258,0,LOW,No significant price anomaly,PO_PRICE_KMEANS,V1,1.7329910716518928,2026-09-10 12:33:29
4502002215,00020,2026-08-04,1000,DE02,P100,V00039,MAT00026,10,EA,EUR,114.65,114.4900000000000,1,1,0.00,1144.90,116.86,112.40,2.0,115.15,90.91,126.76,3,-0.43,0.16570505027199633,0,LOW,No significant price anomaly,PO_PRICE_KMEANS,V1,1.7329910716518928,2026-09-10 12:33:29
4502002336,00020,2026-11-09,1000,DE02,P100,V00016,MAT00032,8,EA,EUR,350.19,351.7600000000000,1,1,0.00,2814.08,354.18,338.60,3.42,351.86,336.58,371.96,3,-0.47,0.163201180983472,0,LOW,No significant price anomaly,PO_PRICE_KMEANS,V1,1.7329910716518928,2026-09-10 12:33:29
4502002389,00030,2026-12-08,2000,IN01,P200,V00036,MAT00051,100,EA,INR,28001.93,28034.2000000000000,1,1,0.00,2803420.00,28046.59,27112.39,3.28,28623.33,25272.99,39184.77,3,-2.17,0.15950380111665463,0,LOW,No significant price anomaly,PO_PRICE_KMEANS,V1,1.7329910716518928,2026-09-10 12:33:29
4502002175,00050,2026-07-03,1000,DE02,P100,V00014,MAT00029,10,EA,EUR,566.91,576.9400000000000,1,1,0.00,5769.40,569.06,554.98,2.15,572.56,479.72,752.21,3,-0.99,0.15922569727710523,0,LOW,No significant price anomaly,PO_PRICE_KMEANS,V1,1.7329910716518928,2026-09-10 12:33:29
4502002315,00010,2026-10-06,3000,US01,P300,V00017,MAT00025,15,EA,USD,315.17,319.6500000000000,1,1,0.00,4794.75,317.59,304.90,3.37,319.01,230.37,364.54,3,-1.2,0.15645316832843964,0,LOW,No significant price anomaly,PO_PRICE_KMEANS,V1,1.7329910716518928,2026-09-10 12:33:29
4502002359,00030,2026-11-09,3000,US01,P300,V00040,MAT00051,40,EA,USD,334.79,336.7900000000000,1,1,0.00,13471.60,333.11,329.66,1.56,340.49,301.68,453.76,3,-1.67,0.1544419525173199,0,LOW,No significant price anomaly,PO_PRICE_KMEANS,V1,1.7329910716518928,2026-09-10 12:33:29
